shape,heur_ms,current_ms,new_ms,decision,chosen_ms,gain_vs_current,current_solver,new_solver
nn_1_1024_2560_ld_1_2560_1,0.069840,0.023960,0.023880,current,0.023960,1.0000,Gemm_Rocblas_-9,Gemm_Rocblas_-9
nn_1_1025_2560_ld_1_2560_1,0.068790,0.023920,0.024000,current,0.023920,1.0000,Gemm_Rocblas_-9,Gemm_Rocblas_-9
nn_1_1026_2560_ld_1_2560_1,0.069330,0.023960,0.023880,current,0.023960,1.0000,Gemm_Rocblas_-9,Gemm_Rocblas_-9
nn_1_1027_2560_ld_1_2560_1,0.069360,0.023840,0.024120,current,0.023840,1.0000,Gemm_Rocblas_-9,Gemm_Rocblas_-9
nn_1_1028_2560_ld_1_2560_1,0.069010,0.024000,0.023920,current,0.024000,1.0000,Gemm_Rocblas_-9,Gemm_Rocblas_-9
nn_1_1029_2560_ld_1_2560_1,0.069110,0.023960,0.023960,current,0.023960,1.0000,Gemm_Rocblas_-9,Gemm_Rocblas_-9
nn_1_1030_2560_ld_1_2560_1,0.069360,0.024000,0.023960,current,0.024000,1.0000,Gemm_Rocblas_-9,Gemm_Rocblas_-9
nn_1_1031_2560_ld_1_2560_1,0.069240,0.023880,0.024080,current,0.023880,1.0000,Gemm_Rocblas_-9,Gemm_Rocblas_-9
nn_1_1033_2560_ld_1_2560_1,0.069560,0.073930,0.023920,new,0.023920,3.0907,,Gemm_Rocblas_-9
nn_1_1036_2560_ld_1_2560_1,0.069320,0.023880,0.023960,current,0.023880,1.0000,Gemm_Rocblas_-9,Gemm_Rocblas_-9
nn_1_1039_2560_ld_1_2560_1,0.069640,0.074220,0.024120,new,0.024120,3.0771,,Gemm_Rocblas_-9
nn_1_1042_2560_ld_1_2560_1,0.069520,0.023920,0.024000,current,0.023920,1.0000,Gemm_Rocblas_-9,Gemm_Rocblas_-9
nn_1_1045_2560_ld_1_2560_1,0.069590,0.024000,0.023960,current,0.024000,1.0000,Gemm_Rocblas_-9,Gemm_Rocblas_-9
nn_1_1125_2560_ld_1_2560_1,0.068529,0.024120,0.024280,current,0.024120,1.0000,Gemm_Rocblas_-9,Gemm_Rocblas_-9
nn_1_121_2560_ld_1_2560_1,0.069830,0.021320,0.072610,current,0.021320,1.0000,Gemm_Rocblas_-9,Gemm_Rocblas_-1086327991
nn_1_1264_2560_ld_1_2560_1,0.072290,0.026280,0.026280,current,0.026280,1.0000,Gemm_Rocblas_-9,Gemm_Rocblas_-9
nn_1_1295_2560_ld_1_2560_1,0.072970,0.026440,0.026320,current,0.026440,1.0000,Gemm_Rocblas_-9,Gemm_Rocblas_-9
nn_1_12_2560_ld_1_2560_1,0.069990,0.020920,0.020600,current,0.020920,1.0000,Gemm_Rocblas_-9,Gemm_Rocblas_-9
nn_1_1323_2560_ld_1_2560_1,0.072720,0.026360,0.026360,current,0.026360,1.0000,Gemm_Rocblas_-9,Gemm_Rocblas_-9
nn_1_1324_2560_ld_1_2560_1,0.072610,0.026320,0.026400,current,0.026320,1.0000,Gemm_Rocblas_-9,Gemm_Rocblas_-9
nn_1_1325_2560_ld_1_2560_1,0.072840,0.026360,0.026600,current,0.026360,1.0000,Gemm_Rocblas_-9,Gemm_Rocblas_-9
nn_1_1392_2560_ld_1_2560_1,0.074080,0.026520,0.026600,current,0.026520,1.0000,Gemm_Rocblas_-9,Gemm_Rocblas_-9
nn_1_1399_2560_ld_1_2560_1,0.074210,0.026600,0.026639,current,0.026600,1.0000,Gemm_Rocblas_-9,Gemm_Rocblas_-9
nn_1_1445_2560_ld_1_2560_1,0.078239,0.028160,0.028160,current,0.028160,1.0000,Gemm_Rocblas_-9,Gemm_Rocblas_-9
nn_1_1495_2560_ld_1_2560_1,0.076760,0.028560,0.028440,current,0.028560,1.0000,Gemm_Rocblas_-9,Gemm_Rocblas_-9
nn_1_1693_2560_ld_1_2560_1,0.080650,0.029120,0.029120,current,0.029120,1.0000,Gemm_Rocblas_-9,Gemm_Rocblas_-9
nn_1_16_2560_ld_1_2560_1,0.070080,0.021199,0.020880,current,0.021199,1.0000,Gemm_Rocblas_-9,Gemm_Rocblas_-9
nn_1_1888_2560_ld_1_2560_1,0.084100,0.031240,0.031480,current,0.031240,1.0000,Gemm_Rocblas_-9,Gemm_Rocblas_-9
nn_1_1968_2560_ld_1_2560_1,0.085000,0.031560,0.038920,current,0.031560,1.0000,Gemm_Rocblas_-9,Gemm_Rocblas_-9
nn_1_1969_2560_ld_1_2560_1,0.084440,0.039080,0.038960,current,0.039080,1.0000,Gemm_Rocblas_-9,Gemm_Rocblas_-9
nn_1_1_2560_ld_1_2560_1,0.071120,0.024720,0.024680,current,0.024720,1.0000,Gemm_Rocblas_-9,Gemm_Rocblas_-9
nn_1_2045_2560_ld_1_2560_1,0.083930,0.039800,0.039640,current,0.039800,1.0000,Gemm_Rocblas_-9,Gemm_Rocblas_-9
nn_1_2046_2560_ld_1_2560_1,0.084760,0.040040,0.039480,current,0.040040,1.0000,Gemm_Rocblas_-9,Gemm_Rocblas_-9
nn_1_2047_2560_ld_1_2560_1,0.084870,0.039680,0.039800,current,0.039680,1.0000,Gemm_Rocblas_-9,Gemm_Rocblas_-9
nn_1_2048_2560_ld_1_2560_1,0.085210,0.039720,0.039320,current,0.039720,1.0000,Gemm_Rocblas_-9,Gemm_Rocblas_-9
nn_1_2066_2560_ld_1_2560_1,0.085170,0.039200,0.039800,current,0.039200,1.0000,Gemm_Rocblas_-9,Gemm_Rocblas_-9
nn_1_2069_2560_ld_1_2560_1,0.084719,0.039720,0.039560,current,0.039720,1.0000,Gemm_Rocblas_-9,Gemm_Rocblas_-9
nn_1_225_2560_ld_1_2560_1,0.070160,0.021760,0.021040,new,0.021040,1.0342,Gemm_Rocblas_-9,Gemm_Rocblas_-9
nn_1_240_2560_ld_1_2560_1,0.070239,0.021880,0.020440,new,0.020440,1.0705,Gemm_Rocblas_-9,Gemm_Rocblas_-9
nn_1_24_2560_ld_1_2560_1,0.070170,0.021040,0.020800,current,0.021040,1.0000,Gemm_Rocblas_-9,Gemm_Rocblas_-9
nn_1_2_2560_ld_1_2560_1,0.071600,0.021639,0.021720,current,0.021639,1.0000,Gemm_Rocblas_-9,Gemm_Rocblas_-9
nn_1_3073_2560_ld_1_2560_1,0.120190,0.045239,0.045280,current,0.045239,1.0000,Gemm_Rocblas_-9,Gemm_Rocblas_-9
nn_1_3074_2560_ld_1_2560_1,0.124650,0.045200,0.045160,current,0.045200,1.0000,Gemm_Rocblas_-9,Gemm_Rocblas_-9
nn_1_3075_2560_ld_1_2560_1,0.122239,0.045280,0.045160,current,0.045280,1.0000,Gemm_Rocblas_-9,Gemm_Rocblas_-9
nn_1_3076_2560_ld_1_2560_1,0.121320,0.045160,0.045200,current,0.045160,1.0000,Gemm_Rocblas_-9,Gemm_Rocblas_-9
nn_1_3077_2560_ld_1_2560_1,0.121560,0.045240,0.045160,current,0.045240,1.0000,Gemm_Rocblas_-9,Gemm_Rocblas_-9
nn_1_3078_2560_ld_1_2560_1,0.120039,0.045120,0.045200,current,0.045120,1.0000,Gemm_Rocblas_-9,Gemm_Rocblas_-9
nn_1_3079_2560_ld_1_2560_1,0.122730,0.045200,0.045360,current,0.045200,1.0000,Gemm_Rocblas_-9,Gemm_Rocblas_-9
nn_1_3081_2560_ld_1_2560_1,0.122480,0.045360,0.045240,current,0.045360,1.0000,Gemm_Rocblas_-9,Gemm_Rocblas_-9
nn_1_3084_2560_ld_1_2560_1,0.122590,0.045320,0.045360,current,0.045320,1.0000,Gemm_Rocblas_-9,Gemm_Rocblas_-9
nn_1_3087_2560_ld_1_2560_1,0.123170,0.045240,0.045240,current,0.045240,1.0000,Gemm_Rocblas_-9,Gemm_Rocblas_-9
nn_1_3090_2560_ld_1_2560_1,0.123870,0.045439,0.045280,current,0.045439,1.0000,Gemm_Rocblas_-9,Gemm_Rocblas_-9
nn_1_3093_2560_ld_1_2560_1,0.122920,0.045280,0.045360,current,0.045280,1.0000,Gemm_Rocblas_-9,Gemm_Rocblas_-9
nn_1_32_2560_ld_1_2560_1,0.070510,0.020920,0.020880,current,0.020920,1.0000,Gemm_Rocblas_-9,Gemm_Rocblas_-9
nn_1_3_2560_ld_1_2560_1,0.069350,0.021280,0.020720,current,0.021280,1.0000,Gemm_Rocblas_-9,Gemm_Rocblas_-9
nn_1_4096_2560_ld_1_2560_1,0.158240,0.054480,0.054360,current,0.054480,1.0000,Gemm_Rocblas_-9,Gemm_Rocblas_-9
nn_1_43_2560_ld_1_2560_1,0.069660,0.021000,0.020760,current,0.021000,1.0000,Gemm_Rocblas_-9,Gemm_Rocblas_-9
nn_1_44_2560_ld_1_2560_1,0.069680,0.021120,0.020640,current,0.021120,1.0000,Gemm_Rocblas_-9,Gemm_Rocblas_-9
nn_1_4_2560_ld_1_2560_1,0.069790,0.021400,0.020920,current,0.021400,1.0000,Gemm_Rocblas_-9,Gemm_Rocblas_-9
nn_1_56_2560_ld_1_2560_1,0.069830,0.020920,0.020840,current,0.020920,1.0000,Gemm_Rocblas_-9,Gemm_Rocblas_-9
nn_1_5_2560_ld_1_2560_1,0.069670,0.021240,0.021120,current,0.021240,1.0000,Gemm_Rocblas_-9,Gemm_Rocblas_-9
nn_1_60_2560_ld_1_2560_1,0.070160,0.021319,0.020800,current,0.021319,1.0000,Gemm_Rocblas_-9,Gemm_Rocblas_-9
nn_1_64_2560_ld_1_2560_1,0.070040,0.020920,0.020680,current,0.020920,1.0000,Gemm_Rocblas_-9,Gemm_Rocblas_-9
nn_1_692_2560_ld_1_2560_1,0.072070,0.022840,0.022880,current,0.022840,1.0000,Gemm_Rocblas_-9,Gemm_Rocblas_-9
nn_1_6_2560_ld_1_2560_1,0.069670,0.021160,0.020960,current,0.021160,1.0000,Gemm_Rocblas_-9,Gemm_Rocblas_-9
nn_1_701_2560_ld_1_2560_1,0.070590,0.021800,0.021440,current,0.021800,1.0000,Gemm_Rocblas_-9,Gemm_Rocblas_-9
nn_1_704_2560_ld_1_2560_1,0.070760,0.021440,0.021360,current,0.021440,1.0000,Gemm_Rocblas_-9,Gemm_Rocblas_-9
nn_1_784_2560_ld_1_2560_1,0.070910,0.021560,0.021560,current,0.021560,1.0000,Gemm_Rocblas_-9,Gemm_Rocblas_-9
nn_1_788_2560_ld_1_2560_1,0.070380,0.021600,0.021680,current,0.021600,1.0000,Gemm_Rocblas_-9,Gemm_Rocblas_-9
nn_1_789_2560_ld_1_2560_1,0.070030,0.021600,0.021680,current,0.021600,1.0000,Gemm_Rocblas_-9,Gemm_Rocblas_-9
nn_1_7_2560_ld_1_2560_1,0.069600,0.020920,0.021120,current,0.020920,1.0000,Gemm_Rocblas_-9,Gemm_Rocblas_-9
nn_1_804_2560_ld_1_2560_1,0.069180,0.021680,0.021640,current,0.021680,1.0000,Gemm_Rocblas_-9,Gemm_Rocblas_-9
nn_1_8_2560_ld_1_2560_1,0.069440,0.021200,0.021040,current,0.021200,1.0000,Gemm_Rocblas_-9,Gemm_Rocblas_-9
nn_1_9_2560_ld_1_2560_1,0.069790,0.020920,0.020680,current,0.020920,1.0000,Gemm_Rocblas_-9,Gemm_Rocblas_-9
tn_10240_1024_2560_ld_2560_2560_10240,8.566094,2.103179,2.240318,current,2.103179,1.0000,Gemm_Rocblas_-1086326047,Gemm_Rocblas_-1086326079
tn_10240_1024_320_ld_320_320_10240,0.240930,0.299840,0.298900,dropped,,1.0000,,Default
tn_10240_1025_2560_ld_2560_2560_10240,9.641164,2.495688,2.503199,current,2.495688,1.0000,Gemm_Rocblas_-1086326045,Gemm_Rocblas_-1086326045
tn_10240_1025_320_ld_320_320_10240,0.307780,0.411410,0.324270,dropped,,1.0000,Gemm_Rocblas_-1086326115,Gemm_Rocblas_-1086326295
tn_10240_1026_2560_ld_2560_2560_10240,10.477792,2.506638,2.509568,current,2.506638,1.0000,Gemm_Rocblas_-1086326045,Gemm_Rocblas_-1086326045
tn_10240_1026_320_ld_320_320_10240,0.302440,0.396150,0.334730,dropped,,1.0000,Gemm_Rocblas_-1086326060,Gemm_Rocblas_-1086326295
tn_10240_1027_2560_ld_2560_2560_10240,9.514234,2.498818,2.508568,current,2.498818,1.0000,Gemm_Rocblas_-1086326045,Gemm_Rocblas_-1086326045
tn_10240_1027_320_ld_320_320_10240,0.299800,0.379750,0.334889,dropped,,1.0000,,Gemm_Rocblas_-1086326295
tn_10240_1028_2560_ld_2560_2560_10240,9.081284,2.865928,2.507868,new,2.507868,1.1428,Gemm_Rocblas_-1086326118,Gemm_Rocblas_-1086326045
tn_10240_1028_320_ld_320_320_10240,0.304730,0.367740,0.334630,dropped,,1.0000,Gemm_Rocblas_-1086326106,Gemm_Rocblas_-1086326295
tn_10240_1029_2560_ld_2560_2560_10240,9.808503,2.519328,2.510379,current,2.519328,1.0000,Gemm_Rocblas_-1086326045,Gemm_Rocblas_-1086326045
tn_10240_1029_320_ld_320_320_10240,0.308100,0.361380,0.334970,dropped,,1.0000,,Gemm_Rocblas_-1086326295
tn_10240_1030_2560_ld_2560_2560_10240,10.484932,2.724548,2.515009,new,2.515009,1.0833,Gemm_Rocblas_-1086326071,Gemm_Rocblas_-1086326045
tn_10240_1030_320_ld_320_320_10240,0.301890,0.400169,0.334590,dropped,,1.0000,Gemm_Rocblas_-1086326264,Gemm_Rocblas_-1086326295
tn_10240_1031_2560_ld_2560_2560_10240,9.697674,2.514878,2.508598,current,2.514878,1.0000,Gemm_Rocblas_-1086326045,Gemm_Rocblas_-1086326045
tn_10240_1031_320_ld_320_320_10240,0.300240,0.314840,0.333710,dropped,,1.0000,Gemm_Rocblas_-1086326061,Gemm_Rocblas_-1086326295
tn_10240_1033_2560_ld_2560_2560_10240,9.908743,10.402473,2.508348,new,2.508348,4.1471,,Gemm_Rocblas_-1086326045
tn_10240_1033_320_ld_320_320_10240,0.304110,0.383390,0.335000,dropped,,1.0000,,Gemm_Rocblas_-1086326295
tn_10240_1036_2560_ld_2560_2560_10240,8.863014,2.602398,2.511818,new,2.511818,1.0361,Gemm_Rocblas_-1086326045,Gemm_Rocblas_-1086326045
tn_10240_1036_320_ld_320_320_10240,0.303299,0.311249,0.334850,dropped,,1.0000,,Gemm_Rocblas_-1086326295
tn_10240_1039_2560_ld_2560_2560_10240,9.558343,10.329682,2.511658,new,2.511658,4.1127,,Gemm_Rocblas_-1086326045
tn_10240_1039_320_ld_320_320_10240,0.309160,0.396139,0.334850,dropped,,1.0000,,Gemm_Rocblas_-1086326295
tn_10240_1042_2560_ld_2560_2560_10240,10.314173,2.609828,2.514699,new,2.514699,1.0378,Gemm_Rocblas_-1086326045,Gemm_Rocblas_-1086326045
tn_10240_1042_320_ld_320_320_10240,0.303789,0.314820,0.333900,dropped,,1.0000,,Gemm_Rocblas_-1086326295
tn_10240_1045_2560_ld_2560_2560_10240,9.872292,2.525998,2.511318,current,2.525998,1.0000,Gemm_Rocblas_-1086326045,Gemm_Rocblas_-1086326045
tn_10240_1045_320_ld_320_320_10240,0.302670,0.397620,0.335040,dropped,,1.0000,,Gemm_Rocblas_-1086326295
tn_10240_1125_2560_ld_2560_2560_10240,2.707258,2.559038,2.562128,current,2.559038,1.0000,Gemm_Rocblas_-1086326045,Gemm_Rocblas_-1086326045
tn_10240_121_2560_ld_2560_2560_10240,1.482789,0.353720,0.352149,current,0.353720,1.0000,Gemm_Rocblas_-1086326077,Gemm_Rocblas_-1086326077
tn_10240_121_320_ld_320_320_10240,0.118010,0.078590,0.079200,current,0.078590,1.0000,Gemm_Rocblas_-1086326116,Gemm_Rocblas_-1086326104
tn_10240_1264_320_ld_320_320_10240,0.396989,0.383759,0.405379,current,0.383759,1.0000,Gemm_Rocblas_-1086326295,Default
tn_10240_1295_320_ld_320_320_10240,0.425989,0.405010,0.400180,current,0.405010,1.0000,Gemm_Rocblas_-1086326295,Gemm_Rocblas_-1086326295
tn_10240_12_2560_ld_2560_2560_10240,0.253070,0.185290,0.185180,current,0.185290,1.0000,Gemm_Rocblas_-1086326157,Gemm_Rocblas_-1086326284
tn_10240_12_320_ld_320_320_10240,0.095280,0.042950,0.042260,current,0.042950,1.0000,Gemm_Rocblas_-1086326152,Gemm_Rocblas_-1086326163
tn_10240_1323_320_ld_320_320_10240,0.421380,0.401820,0.399560,current,0.401820,1.0000,Gemm_Rocblas_-1086326295,Gemm_Rocblas_-1086326295
tn_10240_1324_320_ld_320_320_10240,0.418509,0.399579,0.399040,current,0.399579,1.0000,Gemm_Rocblas_-1086326295,Gemm_Rocblas_-1086326295
tn_10240_1325_320_ld_320_320_10240,0.416850,0.398190,0.399879,current,0.398190,1.0000,Gemm_Rocblas_-1086326295,Gemm_Rocblas_-1086326295
tn_10240_1392_320_ld_320_320_10240,0.421560,0.401229,0.401449,current,0.401229,1.0000,Gemm_Rocblas_-1086326295,Gemm_Rocblas_-1086326295
tn_10240_1399_2560_ld_2560_2560_10240,3.115358,3.107448,3.115618,current,3.107448,1.0000,Gemm_Rocblas_-1086326268,Gemm_Rocblas_-1086326045
tn_10240_1399_320_ld_320_320_10240,0.421990,0.401690,0.411210,current,0.401690,1.0000,Gemm_Rocblas_-1086326295,Gemm_Rocblas_-1086326268
tn_10240_1445_320_ld_320_320_10240,0.440390,0.445990,0.464919,current,0.445990,1.0000,Gemm_Rocblas_-1086326054,Default
tn_10240_1693_2560_ld_2560_2560_10240,3.612348,3.670127,3.672787,current,3.670127,1.0000,Gemm_Rocblas_-1086326047,Default
tn_10240_1693_320_ld_320_320_10240,0.492190,0.508729,0.509410,dropped,,1.0000,Gemm_Rocblas_-1086326056,Default
tn_10240_16_2560_ld_2560_2560_10240,0.251650,0.185120,0.185440,current,0.185120,1.0000,Gemm_Rocblas_-1086326194,Gemm_Rocblas_-1086326282
tn_10240_16_320_ld_320_320_10240,0.095170,0.043120,0.043030,current,0.043120,1.0000,Gemm_Rocblas_-1086326178,Gemm_Rocblas_-1086326170
tn_10240_1888_320_ld_320_320_10240,0.556339,0.547380,0.567850,current,0.547380,1.0000,Gemm_Rocblas_-1086326295,Default
tn_10240_1_2560_ld_2560_2560_10240,0.253210,0.126840,0.129360,current,0.126840,1.0000,Gemm_Rocblas_-9,Gemm_Rocblas_-9
tn_10240_1_320_ld_320_320_10240,0.111630,0.043250,0.043680,current,0.043250,1.0000,Gemm_Rocblas_-1086326220,Gemm_Rocblas_-1086326217
tn_10240_2045_320_ld_320_320_10240,0.575930,0.577100,0.586219,current,0.577100,1.0000,Gemm_Rocblas_-1086326056,Default
tn_10240_2047_320_ld_320_320_10240,0.571499,0.573490,0.586449,current,0.573490,1.0000,Gemm_Rocblas_-1086326056,Default
tn_10240_2048_2560_ld_2560_2560_10240,4.120148,4.673287,4.207227,dropped,,1.0000,Gemm_Rocblas_-1086326038,Default
tn_10240_2048_320_ld_320_320_10240,0.542620,0.563100,0.553449,dropped,,1.0000,Gemm_Rocblas_-1086326054,Default
tn_10240_2066_320_ld_320_320_10240,0.617359,0.604840,0.613059,current,0.604840,1.0000,Gemm_Rocblas_-1086326295,Gemm_Rocblas_-1086326295
tn_10240_2069_320_ld_320_320_10240,0.608799,0.607269,0.631920,current,0.607269,1.0000,Gemm_Rocblas_-1086326295,Default
tn_10240_225_2560_ld_2560_2560_10240,2.237128,0.581610,0.581590,current,0.581610,1.0000,Gemm_Rocblas_-1086326077,Gemm_Rocblas_-1086326077
tn_10240_225_320_ld_320_320_10240,0.128830,0.108480,0.109770,current,0.108480,1.0000,Gemm_Rocblas_-1086326044,Gemm_Rocblas_-1086326044
tn_10240_240_2560_ld_2560_2560_10240,2.190009,0.616590,0.618019,current,0.616590,1.0000,Gemm_Rocblas_-1086326277,Gemm_Rocblas_-1086326077
tn_10240_240_320_ld_320_320_10240,0.136590,0.116110,0.115530,current,0.116110,1.0000,Gemm_Rocblas_-1086326070,Gemm_Rocblas_-1086326123
tn_10240_24_2560_ld_2560_2560_10240,0.307610,0.193680,0.193670,current,0.193680,1.0000,Gemm_Rocblas_-1086326246,Gemm_Rocblas_-1086326246
tn_10240_24_320_ld_320_320_10240,0.095489,0.044440,0.044540,current,0.044440,1.0000,Gemm_Rocblas_-1086326243,Gemm_Rocblas_-1086326241
tn_10240_2_2560_ld_2560_2560_10240,0.231129,0.172350,0.176140,current,0.172350,1.0000,Gemm_Rocblas_-1086326223,Gemm_Rocblas_-1086326221
tn_10240_2_320_ld_320_320_10240,0.102220,0.042030,0.042360,current,0.042030,1.0000,Gemm_Rocblas_-1086326222,Gemm_Rocblas_-1086326217
tn_10240_3076_320_ld_320_320_10240,0.868640,0.894179,0.879549,current,0.894179,1.0000,Gemm_Rocblas_-1086326056,Gemm_Rocblas_-1086326295
tn_10240_32_2560_ld_2560_2560_10240,0.301670,0.199810,0.202400,current,0.199810,1.0000,Gemm_Rocblas_-1086326246,Gemm_Rocblas_-1086326246
tn_10240_32_320_ld_320_320_10240,0.096130,0.043709,0.044750,current,0.043709,1.0000,Gemm_Rocblas_-1086326242,Gemm_Rocblas_-1086326252
tn_10240_3_2560_ld_2560_2560_10240,0.228510,0.161709,0.165070,current,0.161709,1.0000,Gemm_Rocblas_-1086326221,Gemm_Rocblas_-1086326221
tn_10240_3_320_ld_320_320_10240,0.097250,0.040980,0.041160,current,0.040980,1.0000,Gemm_Rocblas_-1086326217,Gemm_Rocblas_-1086326220
tn_10240_4096_320_ld_320_320_10240,1.088840,1.094300,1.103440,current,1.094300,1.0000,Gemm_Rocblas_-1086326056,Gemm_Rocblas_-1086326040
tn_10240_43_2560_ld_2560_2560_10240,0.485809,0.211699,0.212210,current,0.211699,1.0000,Gemm_Rocblas_-1086326097,Gemm_Rocblas_-1086326097
tn_10240_43_320_ld_320_320_10240,0.098530,0.058280,0.058100,current,0.058280,1.0000,Gemm_Rocblas_-1086326262,Gemm_Rocblas_-1086326262
tn_10240_44_2560_ld_2560_2560_10240,0.476030,0.215790,0.217700,current,0.215790,1.0000,Gemm_Rocblas_-1086326044,Gemm_Rocblas_-1086326097
tn_10240_44_320_ld_320_320_10240,0.101730,0.058340,0.058090,current,0.058340,1.0000,Gemm_Rocblas_-1086326262,Gemm_Rocblas_-1086326101
tn_10240_4_2560_ld_2560_2560_10240,0.227710,0.154970,0.157190,current,0.154970,1.0000,Gemm_Rocblas_-1086326221,Gemm_Rocblas_-1086326218
tn_10240_4_320_ld_320_320_10240,0.095149,0.041850,0.042210,current,0.041850,1.0000,Gemm_Rocblas_-1086326222,Gemm_Rocblas_-1086326215
tn_10240_56_2560_ld_2560_2560_10240,0.501329,0.222670,0.223520,current,0.222670,1.0000,Gemm_Rocblas_-1086326044,Gemm_Rocblas_-1086326097
tn_10240_56_320_ld_320_320_10240,0.106120,0.058500,0.059390,current,0.058500,1.0000,Gemm_Rocblas_-1086326262,Gemm_Rocblas_-1086326113
tn_10240_5_2560_ld_2560_2560_10240,0.232360,0.155250,0.154700,current,0.155250,1.0000,Gemm_Rocblas_-1086326221,Gemm_Rocblas_-1086326221
tn_10240_5_320_ld_320_320_10240,0.095360,0.041080,0.040800,current,0.041080,1.0000,Gemm_Rocblas_-1086326215,Gemm_Rocblas_-1086326220
tn_10240_60_2560_ld_2560_2560_10240,0.509230,0.228569,0.228680,current,0.228569,1.0000,Gemm_Rocblas_-1086326044,Gemm_Rocblas_-1086326097
tn_10240_60_320_ld_320_320_10240,0.106580,0.058730,0.060010,current,0.058730,1.0000,Gemm_Rocblas_-1086326262,Gemm_Rocblas_-1086326113
tn_10240_64_2560_ld_2560_2560_10240,0.523289,0.221600,0.222540,current,0.221600,1.0000,Gemm_Rocblas_-1086326044,Gemm_Rocblas_-1086326097
tn_10240_64_320_ld_320_320_10240,0.107989,0.049100,0.049980,current,0.049100,1.0000,Gemm_Rocblas_-1086326033,Gemm_Rocblas_-1086326050
tn_10240_692_2560_ld_2560_2560_10240,5.943395,1.635959,1.635939,current,1.635959,1.0000,Gemm_Rocblas_-1086326063,Gemm_Rocblas_-1086326063
tn_10240_6_2560_ld_2560_2560_10240,0.234560,0.154930,0.154270,current,0.154930,1.0000,Gemm_Rocblas_-1086326218,Gemm_Rocblas_-1086326218
tn_10240_6_320_ld_320_320_10240,0.095360,0.041950,0.041340,current,0.041950,1.0000,Gemm_Rocblas_-1086326163,Gemm_Rocblas_-1086326215
tn_10240_701_2560_ld_2560_2560_10240,6.364665,1.654839,1.662529,current,1.654839,1.0000,Gemm_Rocblas_-1086326063,Gemm_Rocblas_-1086326063
tn_10240_704_2560_ld_2560_2560_10240,5.883146,1.630409,1.619238,current,1.630409,1.0000,Gemm_Rocblas_-1086326063,Gemm_Rocblas_-1086326063
tn_10240_784_2560_ld_2560_2560_10240,6.584516,1.949908,1.955299,current,1.949908,1.0000,Gemm_Rocblas_-1086326045,Gemm_Rocblas_-1086326045
tn_10240_788_2560_ld_2560_2560_10240,6.609545,1.962138,1.972289,current,1.962138,1.0000,Gemm_Rocblas_-1086326045,Gemm_Rocblas_-1086326045
tn_10240_789_2560_ld_2560_2560_10240,7.376955,1.953759,1.965608,current,1.953759,1.0000,Gemm_Rocblas_-1086326045,Gemm_Rocblas_-1086326045
tn_10240_7_2560_ld_2560_2560_10240,0.240069,0.154930,0.154590,current,0.154930,1.0000,Gemm_Rocblas_-1086326218,Gemm_Rocblas_-1086326221
tn_10240_7_320_ld_320_320_10240,0.095240,0.041070,0.041100,current,0.041070,1.0000,Gemm_Rocblas_-1086326220,Gemm_Rocblas_-1086326215
tn_10240_804_2560_ld_2560_2560_10240,6.855215,1.967899,1.957288,current,1.967899,1.0000,Gemm_Rocblas_-1086326045,Gemm_Rocblas_-1086326045
tn_10240_8_2560_ld_2560_2560_10240,0.248400,0.155120,0.154300,current,0.155120,1.0000,Gemm_Rocblas_-1086326218,Gemm_Rocblas_-1086326218
tn_10240_8_320_ld_320_320_10240,0.095200,0.041400,0.041130,current,0.041400,1.0000,Gemm_Rocblas_-1086326215,Gemm_Rocblas_-1086326215
tn_10240_9_2560_ld_2560_2560_10240,0.248650,0.186379,0.184820,current,0.186379,1.0000,Gemm_Rocblas_-1086326159,Gemm_Rocblas_-1086326282
tn_10240_9_320_ld_320_320_10240,0.095360,0.041950,0.042350,current,0.041950,1.0000,Gemm_Rocblas_-1086326180,Gemm_Rocblas_-1086326163
tn_1076_6272_1152_ld_1152_1152_1076,0.689910,0.721060,0.717419,dropped,,1.0000,,Gemm_Rocblas_-1086326295
tn_1152_1568_4608_ld_4608_4608_1152,0.844969,0.822429,0.809339,current,0.822429,1.0000,Gemm_Rocblas_-1086326063,Gemm_Rocblas_-1086326082
tn_1152_3136_4608_ld_4608_4608_1152,1.503629,1.525209,1.544918,current,1.525209,1.0000,Gemm_Rocblas_-1086326063,Gemm_Rocblas_-1086326268
tn_1152_6272_1076_ld_1076_1076_1152,0.636029,0.649619,0.653479,dropped,,1.0000,,Gemm_Rocblas_-1086326295
tn_1152_6272_1536_ld_1536_1536_1152,0.935820,0.947159,0.954659,current,0.947159,1.0000,Gemm_Rocblas_-1086326077,Gemm_Rocblas_-1086326063
tn_1152_6272_288_ld_288_288_1152,0.185290,0.192710,0.199960,dropped,,1.0000,,Default
tn_24_1024_2560_ld_2560_2560_24,0.115409,0.065590,0.065030,current,0.065590,1.0000,Gemm_Rocblas_-1086326202,Gemm_Rocblas_-1086326211
tn_24_1025_2560_ld_2560_2560_24,0.115210,0.065230,0.065290,current,0.065230,1.0000,Gemm_Rocblas_-1086326202,Gemm_Rocblas_-1086326139
tn_24_1026_2560_ld_2560_2560_24,0.115370,0.120390,0.065429,new,0.065429,1.8400,,Gemm_Rocblas_-1086326202
tn_24_1027_2560_ld_2560_2560_24,0.115190,0.065870,0.065470,current,0.065870,1.0000,Gemm_Rocblas_-1086326202,Gemm_Rocblas_-1086326211
tn_24_1028_2560_ld_2560_2560_24,0.115050,0.065300,0.064980,current,0.065300,1.0000,Gemm_Rocblas_-1086326211,Gemm_Rocblas_-1086326211
tn_24_1029_2560_ld_2560_2560_24,0.115280,0.065190,0.065190,current,0.065190,1.0000,Gemm_Rocblas_-1086326202,Gemm_Rocblas_-1086326202
tn_24_1030_2560_ld_2560_2560_24,0.114970,0.065350,0.064950,current,0.065350,1.0000,Gemm_Rocblas_-1086326202,Gemm_Rocblas_-1086326202
tn_24_1031_2560_ld_2560_2560_24,0.115180,0.065310,0.065350,current,0.065310,1.0000,Gemm_Rocblas_-1086326202,Gemm_Rocblas_-1086326211
tn_24_1033_2560_ld_2560_2560_24,0.114880,0.120060,0.064620,new,0.064620,1.8579,,Gemm_Rocblas_-1086326202
tn_24_1036_2560_ld_2560_2560_24,0.114640,0.065250,0.065040,current,0.065250,1.0000,Gemm_Rocblas_-1086326202,Gemm_Rocblas_-1086326211
tn_24_1039_2560_ld_2560_2560_24,0.114850,0.120189,0.065390,new,0.065390,1.8380,,Gemm_Rocblas_-1086326211
tn_24_1042_2560_ld_2560_2560_24,0.114840,0.065110,0.065440,current,0.065110,1.0000,Gemm_Rocblas_-1086326202,Gemm_Rocblas_-1086326202
tn_24_1045_2560_ld_2560_2560_24,0.114840,0.065280,0.065310,current,0.065280,1.0000,Gemm_Rocblas_-1086326202,Gemm_Rocblas_-1086326139
tn_24_1125_2560_ld_2560_2560_24,0.114630,0.065600,0.065190,current,0.065600,1.0000,Gemm_Rocblas_-1086326202,Gemm_Rocblas_-1086326202
tn_24_121_2560_ld_2560_2560_24,0.065069,0.043120,0.043120,current,0.043120,1.0000,Gemm_Rocblas_-1086326201,Gemm_Rocblas_-1086326201
tn_24_1264_2560_ld_2560_2560_24,0.116090,0.071750,0.071670,current,0.071750,1.0000,Gemm_Rocblas_-1086326202,Gemm_Rocblas_-1086326202
tn_24_1295_2560_ld_2560_2560_24,0.116650,0.071630,0.072280,current,0.071630,1.0000,Gemm_Rocblas_-1086326202,Gemm_Rocblas_-1086326205
tn_24_12_2560_ld_2560_2560_24,0.065310,0.041120,0.041250,current,0.041120,1.0000,Gemm_Rocblas_-1086326212,Gemm_Rocblas_-1086326201
tn_24_1323_2560_ld_2560_2560_24,0.116969,0.071790,0.071510,current,0.071790,1.0000,Gemm_Rocblas_-1086326202,Gemm_Rocblas_-1086326139
tn_24_1324_2560_ld_2560_2560_24,0.116640,0.071580,0.071800,current,0.071580,1.0000,Gemm_Rocblas_-1086326202,Gemm_Rocblas_-1086326202
tn_24_1325_2560_ld_2560_2560_24,0.117599,0.071740,0.072670,current,0.071740,1.0000,Gemm_Rocblas_-1086326202,Gemm_Rocblas_-1086326205
tn_24_1392_2560_ld_2560_2560_24,0.117120,0.071869,0.071460,current,0.071869,1.0000,Gemm_Rocblas_-1086326202,Gemm_Rocblas_-1086326202
tn_24_1399_2560_ld_2560_2560_24,0.117180,0.071890,0.071750,current,0.071890,1.0000,Gemm_Rocblas_-1086326202,Gemm_Rocblas_-1086326202
tn_24_1445_2560_ld_2560_2560_24,0.117250,0.071380,0.071430,current,0.071380,1.0000,Gemm_Rocblas_-1086326139,Gemm_Rocblas_-1086326139
tn_24_1495_2560_ld_2560_2560_24,0.116200,0.071390,0.071390,current,0.071390,1.0000,Gemm_Rocblas_-1086326139,Gemm_Rocblas_-1086326139
tn_24_1693_2560_ld_2560_2560_24,0.117800,0.071690,0.072000,current,0.071690,1.0000,Gemm_Rocblas_-1086326139,Gemm_Rocblas_-1086326139
tn_24_16_2560_ld_2560_2560_24,0.065790,0.040920,0.040880,current,0.040920,1.0000,Gemm_Rocblas_-1086326201,Gemm_Rocblas_-1086326201
tn_24_1888_2560_ld_2560_2560_24,0.137250,0.075570,0.075190,current,0.075570,1.0000,Gemm_Rocblas_-1086326139,Gemm_Rocblas_-1086326139
tn_24_1968_2560_ld_2560_2560_24,0.137480,0.075880,0.075670,current,0.075880,1.0000,Gemm_Rocblas_-1086326139,Gemm_Rocblas_-1086326139
tn_24_1969_2560_ld_2560_2560_24,0.136760,0.075920,0.075510,current,0.075920,1.0000,Gemm_Rocblas_-1086326139,Gemm_Rocblas_-1086326139
tn_24_1_2560_ld_2560_2560_24,0.065320,0.024240,0.024400,current,0.024240,1.0000,Gemm_Rocblas_-9,Gemm_Rocblas_-9
tn_24_2045_2560_ld_2560_2560_24,0.137050,0.075600,0.075870,current,0.075600,1.0000,Gemm_Rocblas_-1086326139,Gemm_Rocblas_-1086326139
tn_24_2046_2560_ld_2560_2560_24,0.136960,0.075890,0.075580,current,0.075890,1.0000,Gemm_Rocblas_-1086326139,Gemm_Rocblas_-1086326139
tn_24_2047_2560_ld_2560_2560_24,0.137050,0.075960,0.076110,current,0.075960,1.0000,Gemm_Rocblas_-1086326139,Gemm_Rocblas_-1086326139
tn_24_2048_2560_ld_2560_2560_24,0.137250,0.075739,0.075800,current,0.075739,1.0000,Gemm_Rocblas_-1086326139,Gemm_Rocblas_-1086326139
tn_24_2066_2560_ld_2560_2560_24,0.137040,0.076030,0.075810,current,0.076030,1.0000,Gemm_Rocblas_-1086326139,Gemm_Rocblas_-1086326139
tn_24_2069_2560_ld_2560_2560_24,0.137040,0.076110,0.076020,current,0.076110,1.0000,Gemm_Rocblas_-1086326139,Gemm_Rocblas_-1086326139
tn_24_225_2560_ld_2560_2560_24,0.064920,0.045050,0.044650,current,0.045050,1.0000,Gemm_Rocblas_-1086326210,Gemm_Rocblas_-1086326212
tn_24_240_2560_ld_2560_2560_24,0.066000,0.045330,0.045050,current,0.045330,1.0000,Gemm_Rocblas_-1086326210,Gemm_Rocblas_-1086326210
tn_24_24_2560_ld_2560_2560_24,0.064630,0.040850,0.041100,current,0.040850,1.0000,Gemm_Rocblas_-1086326201,Gemm_Rocblas_-1086326201
tn_24_2_2560_ld_2560_2560_24,0.064730,0.041260,0.041260,current,0.041260,1.0000,Gemm_Rocblas_-1086326201,Gemm_Rocblas_-1086326201
tn_24_3073_2560_ld_2560_2560_24,0.154410,0.088090,0.087650,current,0.088090,1.0000,Gemm_Rocblas_-1086326246,Gemm_Rocblas_-1086326246
tn_24_3074_2560_ld_2560_2560_24,0.154370,0.087380,0.087790,current,0.087380,1.0000,Gemm_Rocblas_-1086326246,Gemm_Rocblas_-1086326246
tn_24_3075_2560_ld_2560_2560_24,0.154610,0.088100,0.088260,current,0.088100,1.0000,Gemm_Rocblas_-1086326246,Gemm_Rocblas_-1086326246
tn_24_3076_2560_ld_2560_2560_24,0.154290,0.088060,0.088410,current,0.088060,1.0000,Gemm_Rocblas_-1086326246,Gemm_Rocblas_-1086326246
tn_24_3077_2560_ld_2560_2560_24,0.154449,0.088110,0.087570,current,0.088110,1.0000,Gemm_Rocblas_-1086326246,Gemm_Rocblas_-1086326246
tn_24_3078_2560_ld_2560_2560_24,0.154210,0.088360,0.088080,current,0.088360,1.0000,Gemm_Rocblas_-1086326246,Gemm_Rocblas_-1086326246
tn_24_3079_2560_ld_2560_2560_24,0.154330,0.088540,0.087680,current,0.088540,1.0000,Gemm_Rocblas_-1086326246,Gemm_Rocblas_-1086326246
tn_24_3081_2560_ld_2560_2560_24,0.154480,0.088200,0.088030,current,0.088200,1.0000,Gemm_Rocblas_-1086326246,Gemm_Rocblas_-1086326246
tn_24_3084_2560_ld_2560_2560_24,0.154530,0.088180,0.088080,current,0.088180,1.0000,Gemm_Rocblas_-1086326246,Gemm_Rocblas_-1086326246
tn_24_3087_2560_ld_2560_2560_24,0.154480,0.088180,0.088060,current,0.088180,1.0000,Gemm_Rocblas_-1086326246,Gemm_Rocblas_-1086326246
tn_24_3090_2560_ld_2560_2560_24,0.154209,0.088210,0.087480,current,0.088210,1.0000,Gemm_Rocblas_-1086326246,Gemm_Rocblas_-1086326246
tn_24_3093_2560_ld_2560_2560_24,0.154530,0.088220,0.088100,current,0.088220,1.0000,Gemm_Rocblas_-1086326246,Gemm_Rocblas_-1086326246
tn_24_32_2560_ld_2560_2560_24,0.065750,0.041200,0.041040,current,0.041200,1.0000,Gemm_Rocblas_-1086326201,Gemm_Rocblas_-1086326201
tn_24_3_2560_ld_2560_2560_24,0.064590,0.041260,0.041010,current,0.041260,1.0000,Gemm_Rocblas_-1086326206,Gemm_Rocblas_-1086326201
tn_24_4096_2560_ld_2560_2560_24,0.134359,0.099230,0.099050,current,0.099230,1.0000,Gemm_Rocblas_-1086326246,Gemm_Rocblas_-1086326246
tn_24_43_2560_ld_2560_2560_24,0.065190,0.041410,0.044180,current,0.041410,1.0000,Gemm_Rocblas_-1086326201,Gemm_Rocblas_-1086326200
tn_24_44_2560_ld_2560_2560_24,0.065400,0.041330,0.041050,current,0.041330,1.0000,Gemm_Rocblas_-1086326206,Gemm_Rocblas_-1086326201
tn_24_4_2560_ld_2560_2560_24,0.063990,0.041250,0.041010,current,0.041250,1.0000,Gemm_Rocblas_-1086326201,Gemm_Rocblas_-1086326201
tn_24_56_2560_ld_2560_2560_24,0.064670,0.041330,0.041090,current,0.041330,1.0000,Gemm_Rocblas_-1086326212,Gemm_Rocblas_-1086326201
tn_24_5_2560_ld_2560_2560_24,0.064520,0.040920,0.040770,current,0.040920,1.0000,Gemm_Rocblas_-1086326201,Gemm_Rocblas_-1086326201
tn_24_60_2560_ld_2560_2560_24,0.065470,0.041460,0.041130,current,0.041460,1.0000,Gemm_Rocblas_-1086326201,Gemm_Rocblas_-1086326214
tn_24_64_2560_ld_2560_2560_24,0.065640,0.041490,0.040880,current,0.041490,1.0000,Gemm_Rocblas_-1086326201,Gemm_Rocblas_-1086326201
tn_24_692_2560_ld_2560_2560_24,0.114150,0.055060,0.055730,current,0.055060,1.0000,Gemm_Rocblas_-1086326202,Gemm_Rocblas_-1086326210
tn_24_6_2560_ld_2560_2560_24,0.064640,0.041220,0.041060,current,0.041220,1.0000,Gemm_Rocblas_-1086326212,Gemm_Rocblas_-1086326206
tn_24_701_2560_ld_2560_2560_24,0.114960,0.054580,0.055440,current,0.054580,1.0000,Gemm_Rocblas_-1086326202,Gemm_Rocblas_-1086326210
tn_24_704_2560_ld_2560_2560_24,0.114360,0.054950,0.055540,current,0.054950,1.0000,Gemm_Rocblas_-1086326202,Gemm_Rocblas_-1086326210
tn_24_784_2560_ld_2560_2560_24,0.114490,0.054660,0.054510,current,0.054660,1.0000,Gemm_Rocblas_-1086326202,Gemm_Rocblas_-1086326202
tn_24_788_2560_ld_2560_2560_24,0.114960,0.054700,0.054900,current,0.054700,1.0000,Gemm_Rocblas_-1086326202,Gemm_Rocblas_-1086326205
tn_24_789_2560_ld_2560_2560_24,0.114080,0.054460,0.054870,current,0.054460,1.0000,Gemm_Rocblas_-1086326202,Gemm_Rocblas_-1086326211
tn_24_7_2560_ld_2560_2560_24,0.064550,0.040970,0.040720,current,0.040970,1.0000,Gemm_Rocblas_-1086326201,Gemm_Rocblas_-1086326206
tn_24_804_2560_ld_2560_2560_24,0.115110,0.054750,0.055120,current,0.054750,1.0000,Gemm_Rocblas_-1086326202,Gemm_Rocblas_-1086326205
tn_24_8_2560_ld_2560_2560_24,0.064630,0.040900,0.041100,current,0.040900,1.0000,Gemm_Rocblas_-1086326201,Gemm_Rocblas_-1086326206
tn_24_9_2560_ld_2560_2560_24,0.064560,0.040820,0.040850,current,0.040820,1.0000,Gemm_Rocblas_-1086326201,Gemm_Rocblas_-1086326201
tn_2560_1024_1536_ld_1536_1536_2560,0.341360,0.359190,0.358340,dropped,,1.0000,,Default
tn_2560_1024_160_ld_160_160_2560,0.063900,0.067199,0.065990,dropped,,1.0000,Gemm_Rocblas_-1086326054,Gemm_Rocblas_-1086326068
tn_2560_1024_2560_ld_2560_2560_2560,0.629910,0.604600,0.608279,current,0.604600,1.0000,Gemm_Rocblas_-1086326277,Gemm_Rocblas_-1086326077
tn_2560_1025_1536_ld_1536_1536_2560,0.420600,0.431650,0.416860,dropped,,1.0000,,Gemm_Rocblas_-1086326098
tn_2560_1025_160_ld_160_160_2560,0.069230,0.072070,0.071740,dropped,,1.0000,Gemm_Rocblas_-1086326068,Gemm_Rocblas_-1086326068
tn_2560_1025_2560_ld_2560_2560_2560,0.663109,0.671370,0.679849,dropped,,1.0000,,Default
tn_2560_1026_1536_ld_1536_1536_2560,0.429620,0.434499,0.424060,dropped,,1.0000,,Gemm_Rocblas_-1086326098
tn_2560_1026_160_ld_160_160_2560,0.071250,0.075950,0.073020,dropped,,1.0000,,Gemm_Rocblas_-1086326068
tn_2560_1026_2560_ld_2560_2560_2560,0.662770,0.670920,0.681239,dropped,,1.0000,,Default
tn_2560_1027_1536_ld_1536_1536_2560,0.428290,0.433130,0.421260,dropped,,1.0000,,Gemm_Rocblas_-1086326098
tn_2560_1027_160_ld_160_160_2560,0.071060,0.079130,0.073160,dropped,,1.0000,Gemm_Rocblas_-1086326037,Gemm_Rocblas_-1086326068
tn_2560_1027_2560_ld_2560_2560_2560,0.660390,0.668840,0.679170,dropped,,1.0000,,Default
tn_2560_1028_1536_ld_1536_1536_2560,0.424590,0.429959,0.420620,dropped,,1.0000,,Gemm_Rocblas_-1086326098
tn_2560_1028_160_ld_160_160_2560,0.070750,0.075540,0.072340,dropped,,1.0000,,Gemm_Rocblas_-1086326068
tn_2560_1028_2560_ld_2560_2560_2560,0.657289,0.668220,0.678880,dropped,,1.0000,,Default
tn_2560_1029_1536_ld_1536_1536_2560,0.425009,0.431059,0.421830,dropped,,1.0000,,Gemm_Rocblas_-1086326098
tn_2560_1029_160_ld_160_160_2560,0.070690,0.075630,0.072670,dropped,,1.0000,,Gemm_Rocblas_-1086326068
tn_2560_1029_2560_ld_2560_2560_2560,0.656670,0.668439,0.677560,dropped,,1.0000,,Default
tn_2560_1030_1536_ld_1536_1536_2560,0.425080,0.431960,0.421100,dropped,,1.0000,,Gemm_Rocblas_-1086326098
tn_2560_1030_160_ld_160_160_2560,0.070540,0.075840,0.072550,dropped,,1.0000,,Gemm_Rocblas_-1086326068
tn_2560_1030_2560_ld_2560_2560_2560,0.657359,0.668140,0.676639,dropped,,1.0000,,Default
tn_2560_1031_1536_ld_1536_1536_2560,0.424760,0.433399,0.422270,dropped,,1.0000,,Gemm_Rocblas_-1086326098
tn_2560_1031_160_ld_160_160_2560,0.070650,0.076210,0.072760,dropped,,1.0000,,Gemm_Rocblas_-1086326068
tn_2560_1031_2560_ld_2560_2560_2560,0.658250,0.667399,0.677580,dropped,,1.0000,,Default
tn_2560_1033_1536_ld_1536_1536_2560,0.424930,0.430480,0.421010,dropped,,1.0000,,Gemm_Rocblas_-1086326098
tn_2560_1033_160_ld_160_160_2560,0.070730,0.075560,0.072460,dropped,,1.0000,,Gemm_Rocblas_-1086326068
tn_2560_1033_2560_ld_2560_2560_2560,0.657539,0.668030,0.677580,dropped,,1.0000,,Default
tn_2560_1036_1536_ld_1536_1536_2560,0.423279,0.432079,0.422970,dropped,,1.0000,,Gemm_Rocblas_-1086326098
tn_2560_1036_160_ld_160_160_2560,0.070170,0.075330,0.072870,dropped,,1.0000,,Gemm_Rocblas_-1086326068
tn_2560_1036_2560_ld_2560_2560_2560,0.656419,0.668909,0.678140,dropped,,1.0000,,Default
tn_2560_1039_1536_ld_1536_1536_2560,0.426130,0.433179,0.420080,dropped,,1.0000,,Gemm_Rocblas_-1086326098
tn_2560_1039_160_ld_160_160_2560,0.070400,0.075530,0.075000,dropped,,1.0000,,Gemm_Rocblas_-1086326266
tn_2560_1039_2560_ld_2560_2560_2560,0.658060,0.667820,0.676130,dropped,,1.0000,,Default
tn_2560_1042_1536_ld_1536_1536_2560,0.427890,0.429730,0.424880,dropped,,1.0000,,Gemm_Rocblas_-1086326098
tn_2560_1042_160_ld_160_160_2560,0.070610,0.075670,0.073080,dropped,,1.0000,,Gemm_Rocblas_-1086326068
tn_2560_1042_2560_ld_2560_2560_2560,0.658720,0.669890,0.678429,dropped,,1.0000,,Default
tn_2560_1045_1536_ld_1536_1536_2560,0.426570,0.432530,0.422850,dropped,,1.0000,,Gemm_Rocblas_-1086326098
tn_2560_1045_160_ld_160_160_2560,0.070810,0.076210,0.073400,dropped,,1.0000,,Gemm_Rocblas_-1086326068
tn_2560_1045_2560_ld_2560_2560_2560,0.659290,0.669099,0.677469,dropped,,1.0000,,Default
tn_2560_1125_160_ld_160_160_2560,0.077450,0.078400,0.077040,current,0.078400,1.0000,Gemm_Rocblas_-1086326075,Gemm_Rocblas_-1086326068
tn_2560_121_1536_ld_1536_1536_2560,0.120470,0.106380,0.106180,current,0.106380,1.0000,Gemm_Rocblas_-1086326122,Gemm_Rocblas_-1086326108
tn_2560_121_2560_ld_2560_2560_2560,0.152589,0.148609,0.149090,current,0.148609,1.0000,Gemm_Rocblas_-1086326133,Gemm_Rocblas_-1086326128
tn_2560_1264_160_ld_160_160_2560,0.081660,0.080470,0.081500,current,0.080470,1.0000,Gemm_Rocblas_-1086326068,Gemm_Rocblas_-1086326068
tn_2560_1264_2560_ld_2560_2560_2560,0.769940,0.682080,0.691960,current,0.682080,1.0000,Gemm_Rocblas_-1086326079,Gemm_Rocblas_-1086326047
tn_2560_1295_160_ld_160_160_2560,0.084640,0.082710,0.082800,current,0.082710,1.0000,Gemm_Rocblas_-1086326068,Gemm_Rocblas_-1086326068
tn_2560_1295_2560_ld_2560_2560_2560,0.882209,0.812219,0.826449,current,0.812219,1.0000,Gemm_Rocblas_-1086326277,Gemm_Rocblas_-1086326268
tn_2560_12_1536_ld_1536_1536_2560,0.089400,0.059560,0.056730,new,0.056730,1.0499,Gemm_Rocblas_-1086326284,Gemm_Rocblas_-1086326194
tn_2560_12_160_ld_160_160_2560,0.032890,0.038630,0.038570,dropped,,1.0000,,Gemm_Rocblas_-1086326227
tn_2560_12_2560_ld_2560_2560_2560,0.081110,0.077480,0.077420,current,0.077480,1.0000,Gemm_Rocblas_-1086326194,Gemm_Rocblas_-1086326157
tn_2560_1323_160_ld_160_160_2560,0.084189,0.085930,0.084449,current,0.085930,1.0000,Gemm_Rocblas_-1086326038,Gemm_Rocblas_-1086326068
tn_2560_1323_2560_ld_2560_2560_2560,0.838939,0.813759,0.818659,current,0.813759,1.0000,Gemm_Rocblas_-1086326277,Gemm_Rocblas_-1086326277
tn_2560_1324_160_ld_160_160_2560,0.083540,0.084330,0.084670,current,0.084330,1.0000,Gemm_Rocblas_-1086326068,Gemm_Rocblas_-1086326068
tn_2560_1324_2560_ld_2560_2560_2560,0.836599,0.815990,0.821540,current,0.815990,1.0000,Gemm_Rocblas_-1086326277,Gemm_Rocblas_-1086326277
tn_2560_1325_160_ld_160_160_2560,0.082960,0.084149,0.084160,current,0.084149,1.0000,Gemm_Rocblas_-1086326068,Gemm_Rocblas_-1086326068
tn_2560_1325_2560_ld_2560_2560_2560,0.835899,0.817450,0.818349,current,0.817450,1.0000,Gemm_Rocblas_-1086326277,Gemm_Rocblas_-1086326277
tn_2560_1392_2560_ld_2560_2560_2560,0.853769,0.834339,0.834439,current,0.834339,1.0000,Gemm_Rocblas_-1086326277,Gemm_Rocblas_-1086326277
tn_2560_1399_2560_ld_2560_2560_2560,0.860749,0.840670,0.844369,current,0.840670,1.0000,Gemm_Rocblas_-1086326277,Gemm_Rocblas_-1086326277
tn_2560_1445_2560_ld_2560_2560_2560,0.862170,0.873139,0.903209,current,0.873139,1.0000,Gemm_Rocblas_-1086326277,Default
tn_2560_1495_2560_ld_2560_2560_2560,0.869809,0.907869,0.885569,dropped,,1.0000,Gemm_Rocblas_-1086326063,Default
tn_2560_1568_1152_ld_1152_1152_2560,0.428650,0.417430,0.406920,current,0.417430,1.0000,Gemm_Rocblas_-1086326056,Gemm_Rocblas_-1086326052
tn_2560_1693_2560_ld_2560_2560_2560,0.907679,0.915930,0.929999,current,0.915930,1.0000,Gemm_Rocblas_-1086326063,Default
tn_2560_16_1536_ld_1536_1536_2560,0.089670,0.058780,0.061770,current,0.058780,1.0000,Gemm_Rocblas_-1086326157,Gemm_Rocblas_-1086326157
tn_2560_16_160_ld_160_160_2560,0.033030,0.038250,0.038180,dropped,,1.0000,,Gemm_Rocblas_-1086326227
tn_2560_16_2560_ld_2560_2560_2560,0.080950,0.077640,0.077910,current,0.077640,1.0000,Gemm_Rocblas_-1086326157,Gemm_Rocblas_-1086326175
tn_2560_1888_2560_ld_2560_2560_2560,1.109569,1.097219,1.130569,current,1.097219,1.0000,Gemm_Rocblas_-1086326277,Gemm_Rocblas_-1086326268
tn_2560_1_1536_ld_1536_1536_2560,0.065200,0.038720,0.037760,current,0.038720,1.0000,Gemm_Rocblas_-9,Gemm_Rocblas_-9
tn_2560_1_160_ld_160_160_2560,0.032490,0.038180,0.036120,dropped,,1.0000,,Gemm_Rocblas_-1086326152
tn_2560_1_2560_ld_2560_2560_2560,0.081930,0.047000,0.046240,current,0.047000,1.0000,Gemm_Rocblas_-9,Gemm_Rocblas_-9
tn_2560_2045_1536_ld_1536_1536_2560,0.685300,0.716370,0.716619,dropped,,1.0000,Gemm_Rocblas_-1086326047,Gemm_Rocblas_-1086326047
tn_2560_2048_1536_ld_1536_1536_2560,0.697190,0.715099,0.678719,dropped,,1.0000,,Gemm_Rocblas_-1086326047
tn_2560_2048_160_ld_160_160_2560,0.094990,0.100150,0.100100,dropped,,1.0000,,Default
tn_2560_2048_2560_ld_2560_2560_2560,1.098909,1.114959,1.116460,current,1.114959,1.0000,Gemm_Rocblas_-1086326063,Default
tn_2560_2066_1536_ld_1536_1536_2560,0.731450,0.700550,0.705859,current,0.700550,1.0000,Gemm_Rocblas_-1086326063,Gemm_Rocblas_-1086326047
tn_2560_2069_1536_ld_1536_1536_2560,0.733099,0.705910,0.711140,current,0.705910,1.0000,Gemm_Rocblas_-1086326063,Gemm_Rocblas_-1086326047
tn_2560_225_1536_ld_1536_1536_2560,0.155850,0.141079,0.142080,current,0.141079,1.0000,Gemm_Rocblas_-1086326044,Gemm_Rocblas_-1086326044
tn_2560_225_2560_ld_2560_2560_2560,0.228920,0.204650,0.206250,current,0.204650,1.0000,Gemm_Rocblas_-1086326128,Gemm_Rocblas_-1086326128
tn_2560_240_1536_ld_1536_1536_2560,0.156950,0.143010,0.143900,current,0.143010,1.0000,Gemm_Rocblas_-1086326044,Gemm_Rocblas_-1086326044
tn_2560_240_160_ld_160_160_2560,0.038310,0.039220,0.039500,current,0.039220,1.0000,Gemm_Rocblas_-1086326262,Gemm_Rocblas_-1086326262
tn_2560_240_2560_ld_2560_2560_2560,0.230610,0.213330,0.212850,current,0.213330,1.0000,Gemm_Rocblas_-1086326128,Gemm_Rocblas_-1086326044
tn_2560_24_1536_ld_1536_1536_2560,0.089490,0.067540,0.068180,current,0.067540,1.0000,Gemm_Rocblas_-1086326246,Gemm_Rocblas_-1086326246
tn_2560_24_160_ld_160_160_2560,0.032800,0.038500,0.036509,dropped,,1.0000,,Gemm_Rocblas_-1086326229
tn_2560_24_2560_ld_2560_2560_2560,0.109760,0.089490,0.089500,current,0.089490,1.0000,Gemm_Rocblas_-1086326140,Gemm_Rocblas_-1086326134
tn_2560_2_1536_ld_1536_1536_2560,0.061229,0.067310,0.061990,dropped,,1.0000,,Gemm_Rocblas_-1086326221
tn_2560_2_160_ld_160_160_2560,0.032940,0.038070,0.036070,dropped,,1.0000,,Gemm_Rocblas_-1086326188
tn_2560_2_2560_ld_2560_2560_2560,0.075340,0.081010,0.079180,dropped,,1.0000,,Gemm_Rocblas_-1086326221
tn_2560_3073_2560_ld_2560_2560_2560,1.754099,1.781539,1.780579,current,1.781539,1.0000,Gemm_Rocblas_-1086326079,Gemm_Rocblas_-1086326063
tn_2560_3074_2560_ld_2560_2560_2560,1.789809,1.768459,1.771458,current,1.768459,1.0000,Gemm_Rocblas_-1086326063,Gemm_Rocblas_-1086326063
tn_2560_3075_1536_ld_1536_1536_2560,1.065169,1.077099,1.070569,current,1.077099,1.0000,Gemm_Rocblas_-1086326063,Gemm_Rocblas_-1086326268
tn_2560_3075_2560_ld_2560_2560_2560,1.774348,1.778418,1.785498,current,1.778418,1.0000,Gemm_Rocblas_-1086326277,Gemm_Rocblas_-1086326063
tn_2560_3076_2560_ld_2560_2560_2560,1.767109,1.814418,1.772668,current,1.814418,1.0000,Gemm_Rocblas_-1086326277,Gemm_Rocblas_-1086326063
tn_2560_3078_1536_ld_1536_1536_2560,1.079879,1.091910,1.076880,current,1.091910,1.0000,Gemm_Rocblas_-1086326063,Gemm_Rocblas_-1086326063
tn_2560_3078_2560_ld_2560_2560_2560,1.778639,1.768719,1.772499,current,1.768719,1.0000,Gemm_Rocblas_-1086326277,Gemm_Rocblas_-1086326063
tn_2560_3079_2560_ld_2560_2560_2560,1.767719,1.790099,1.776449,current,1.790099,1.0000,Gemm_Rocblas_-1086326277,Gemm_Rocblas_-1086326063
tn_2560_3081_1536_ld_1536_1536_2560,1.081619,1.092709,1.078739,current,1.092709,1.0000,Gemm_Rocblas_-1086326063,Gemm_Rocblas_-1086326063
tn_2560_3081_2560_ld_2560_2560_2560,1.775819,1.763089,1.771439,current,1.763089,1.0000,Gemm_Rocblas_-1086326063,Gemm_Rocblas_-1086326063
tn_2560_3087_1536_ld_1536_1536_2560,1.079920,1.076059,1.078270,current,1.076059,1.0000,Gemm_Rocblas_-1086326063,Gemm_Rocblas_-1086326063
tn_2560_3090_1536_ld_1536_1536_2560,1.080169,1.076380,1.077609,current,1.076380,1.0000,Gemm_Rocblas_-1086326063,Gemm_Rocblas_-1086326063
tn_2560_3090_2560_ld_2560_2560_2560,1.783889,1.776559,1.783808,current,1.776559,1.0000,Gemm_Rocblas_-1086326277,Gemm_Rocblas_-1086326079
tn_2560_3093_1536_ld_1536_1536_2560,1.076069,1.099639,1.069949,current,1.099639,1.0000,Gemm_Rocblas_-1086326063,Gemm_Rocblas_-1086326268
tn_2560_3093_2560_ld_2560_2560_2560,1.770099,1.763029,1.791219,current,1.763029,1.0000,Gemm_Rocblas_-1086326063,Gemm_Rocblas_-1086326063
tn_2560_32_1536_ld_1536_1536_2560,0.104160,0.067180,0.067390,current,0.067180,1.0000,Gemm_Rocblas_-1086326246,Gemm_Rocblas_-1086326246
tn_2560_32_160_ld_160_160_2560,0.032830,0.038430,0.037100,dropped,,1.0000,,Gemm_Rocblas_-1086326242
tn_2560_32_2560_ld_2560_2560_2560,0.109440,0.092180,0.091730,current,0.092180,1.0000,Gemm_Rocblas_-1086326134,Gemm_Rocblas_-1086326140
tn_2560_3_1536_ld_1536_1536_2560,0.060460,0.058490,0.055730,new,0.055730,1.0495,Gemm_Rocblas_-1086326221,Gemm_Rocblas_-1086326218
tn_2560_3_160_ld_160_160_2560,0.032980,0.038880,0.037300,dropped,,1.0000,,Gemm_Rocblas_-1086326232
tn_2560_3_2560_ld_2560_2560_2560,0.071240,0.077140,0.075300,dropped,,1.0000,,Gemm_Rocblas_-1086326218
tn_2560_4096_2560_ld_2560_2560_2560,2.209999,2.108639,2.114088,current,2.108639,1.0000,Gemm_Rocblas_-1086326063,Gemm_Rocblas_-1086326063
tn_2560_43_1536_ld_1536_1536_2560,0.130190,0.078340,0.078700,current,0.078340,1.0000,Gemm_Rocblas_-1086326134,Gemm_Rocblas_-1086326129
tn_2560_43_2560_ld_2560_2560_2560,0.148320,0.095240,0.095450,current,0.095240,1.0000,Gemm_Rocblas_-1086326134,Gemm_Rocblas_-1086326129
tn_2560_44_1536_ld_1536_1536_2560,0.131240,0.078770,0.079520,current,0.078770,1.0000,Gemm_Rocblas_-1086326140,Gemm_Rocblas_-1086326140
tn_2560_44_2560_ld_2560_2560_2560,0.148280,0.095940,0.095680,current,0.095940,1.0000,Gemm_Rocblas_-1086326140,Gemm_Rocblas_-1086326129
tn_2560_4_1536_ld_1536_1536_2560,0.056510,0.060180,0.054670,new,0.054670,1.1008,,Gemm_Rocblas_-1086326223
tn_2560_4_160_ld_160_160_2560,0.032630,0.040200,0.037890,dropped,,1.0000,,Gemm_Rocblas_-1086326228
tn_2560_4_2560_ld_2560_2560_2560,0.071150,0.076460,0.075350,dropped,,1.0000,,Gemm_Rocblas_-1086326221
tn_2560_56_1536_ld_1536_1536_2560,0.107010,0.082340,0.082120,current,0.082340,1.0000,Gemm_Rocblas_-1086326140,Gemm_Rocblas_-1086326140
tn_2560_56_2560_ld_2560_2560_2560,0.159799,0.098739,0.099409,current,0.098739,1.0000,Gemm_Rocblas_-1086326129,Gemm_Rocblas_-1086326129
tn_2560_5_1536_ld_1536_1536_2560,0.056920,0.054940,0.055820,current,0.054940,1.0000,Gemm_Rocblas_-1086326218,Gemm_Rocblas_-1086326223
tn_2560_5_160_ld_160_160_2560,0.033420,0.040770,0.037230,dropped,,1.0000,,Gemm_Rocblas_-1086326152
tn_2560_5_2560_ld_2560_2560_2560,0.071390,0.076260,0.076310,dropped,,1.0000,,Default
tn_2560_60_1536_ld_1536_1536_2560,0.108820,0.083620,0.083100,current,0.083620,1.0000,Gemm_Rocblas_-1086326134,Gemm_Rocblas_-1086326134
tn_2560_60_2560_ld_2560_2560_2560,0.159999,0.099660,0.100050,current,0.099660,1.0000,Gemm_Rocblas_-1086326129,Gemm_Rocblas_-1086326129
tn_2560_64_1536_ld_1536_1536_2560,0.109620,0.071870,0.071610,current,0.071870,1.0000,Gemm_Rocblas_-1086326140,Gemm_Rocblas_-1086326134
tn_2560_64_2560_ld_2560_2560_2560,0.159690,0.089820,0.090620,current,0.089820,1.0000,Gemm_Rocblas_-1086326140,Gemm_Rocblas_-1086326129
tn_2560_692_2560_ld_2560_2560_2560,0.399810,0.396510,0.411259,current,0.396510,1.0000,Gemm_Rocblas_-1086326063,Default
tn_2560_6_1536_ld_1536_1536_2560,0.058070,0.057359,0.055530,new,0.055530,1.0329,,Gemm_Rocblas_-1086326221
tn_2560_6_160_ld_160_160_2560,0.033230,0.040220,0.036940,dropped,,1.0000,,Gemm_Rocblas_-1086326228
tn_2560_6_2560_ld_2560_2560_2560,0.071400,0.076100,0.075430,dropped,,1.0000,,Gemm_Rocblas_-1086326221
tn_2560_701_160_ld_160_160_2560,0.057590,0.060260,0.060950,dropped,,1.0000,Gemm_Rocblas_-1086326094,Gemm_Rocblas_-1086326094
tn_2560_701_2560_ld_2560_2560_2560,0.419120,0.415079,0.427970,current,0.415079,1.0000,Gemm_Rocblas_-1086326079,Gemm_Rocblas_-1086326047
tn_2560_704_2560_ld_2560_2560_2560,0.441919,0.433290,0.455820,current,0.433290,1.0000,Gemm_Rocblas_-1086326063,Default
tn_2560_784_1536_ld_1536_1536_2560,0.372270,0.284950,0.300030,current,0.284950,1.0000,Gemm_Rocblas_-1086326277,Gemm_Rocblas_-1086326268
tn_2560_784_160_ld_160_160_2560,0.063330,0.062760,0.063760,current,0.062760,1.0000,Gemm_Rocblas_-1086326051,Gemm_Rocblas_-1086326051
tn_2560_788_1536_ld_1536_1536_2560,0.365270,0.288630,0.295379,current,0.288630,1.0000,Gemm_Rocblas_-1086326277,Gemm_Rocblas_-1086326268
tn_2560_788_160_ld_160_160_2560,0.062850,0.063140,0.063420,current,0.063140,1.0000,Gemm_Rocblas_-1086326276,Gemm_Rocblas_-1086326051
tn_2560_789_1536_ld_1536_1536_2560,0.364339,0.292430,0.298450,current,0.292430,1.0000,Gemm_Rocblas_-1086326277,Gemm_Rocblas_-1086326268
tn_2560_789_160_ld_160_160_2560,0.061970,0.063680,0.064190,current,0.063680,1.0000,Gemm_Rocblas_-1086326276,Gemm_Rocblas_-1086326051
tn_2560_7_1536_ld_1536_1536_2560,0.054300,0.058390,0.054100,dropped,,1.0000,Gemm_Rocblas_-1086326221,Gemm_Rocblas_-1086326221
tn_2560_7_160_ld_160_160_2560,0.033090,0.040110,0.037450,dropped,,1.0000,,Gemm_Rocblas_-1086326283
tn_2560_7_2560_ld_2560_2560_2560,0.071080,0.076230,0.074810,dropped,,1.0000,,Gemm_Rocblas_-1086326218
tn_2560_804_1536_ld_1536_1536_2560,0.363430,0.294110,0.300660,current,0.294110,1.0000,Gemm_Rocblas_-1086326277,Gemm_Rocblas_-1086326268
tn_2560_804_160_ld_160_160_2560,0.063090,0.065020,0.064150,dropped,,1.0000,Gemm_Rocblas_-1086326276,Gemm_Rocblas_-1086326054
tn_2560_8_1536_ld_1536_1536_2560,0.056680,0.060870,0.058620,dropped,,1.0000,,Gemm_Rocblas_-1086326223
tn_2560_8_160_ld_160_160_2560,0.032510,0.041120,0.038430,dropped,,1.0000,,Gemm_Rocblas_-1086326216
tn_2560_8_2560_ld_2560_2560_2560,0.070950,0.076220,0.075060,dropped,,1.0000,,Gemm_Rocblas_-1086326221
tn_2560_9_1536_ld_1536_1536_2560,0.090090,0.059410,0.059380,current,0.059410,1.0000,Gemm_Rocblas_-1086326284,Gemm_Rocblas_-1086326284
tn_2560_9_2560_ld_2560_2560_2560,0.095400,0.076960,0.077669,current,0.076960,1.0000,Gemm_Rocblas_-1086326284,Gemm_Rocblas_-1086326282
tn_320_1024_10240_ld_10240_10240_320,1.560318,0.425710,0.426240,current,0.425710,1.0000,Gemm_Rocblas_-1086326082,Gemm_Rocblas_-1086326082
tn_320_1024_2560_ld_2560_2560_320,0.337310,0.139030,0.140949,current,0.139030,1.0000,Gemm_Rocblas_-1086326128,Gemm_Rocblas_-1086326128
tn_320_1025_10240_ld_10240_10240_320,1.612749,0.436619,0.438710,current,0.436619,1.0000,Gemm_Rocblas_-1086326082,Gemm_Rocblas_-1086326082
tn_320_1025_2560_ld_2560_2560_320,0.362800,0.144470,0.145560,current,0.144470,1.0000,Gemm_Rocblas_-1086326128,Gemm_Rocblas_-1086326128
tn_320_1026_10240_ld_10240_10240_320,1.551289,0.446520,0.445190,current,0.446520,1.0000,Gemm_Rocblas_-1086326082,Gemm_Rocblas_-1086326082
tn_320_1026_2560_ld_2560_2560_320,0.384979,0.147850,0.151540,current,0.147850,1.0000,Gemm_Rocblas_-1086326128,Gemm_Rocblas_-1086326082
tn_320_1027_10240_ld_10240_10240_320,1.608789,0.451930,0.453010,current,0.451930,1.0000,Gemm_Rocblas_-1086326082,Gemm_Rocblas_-1086326082
tn_320_1027_2560_ld_2560_2560_320,0.375940,0.149320,0.149480,current,0.149320,1.0000,Gemm_Rocblas_-1086326128,Gemm_Rocblas_-1086326128
tn_320_1028_10240_ld_10240_10240_320,1.665709,0.570749,0.455159,new,0.455159,1.2540,Gemm_Rocblas_-1086326044,Gemm_Rocblas_-1086326082
tn_320_1028_2560_ld_2560_2560_320,0.352040,0.158790,0.151510,new,0.151510,1.0480,Gemm_Rocblas_-1086326046,Gemm_Rocblas_-1086326128
tn_320_1029_10240_ld_10240_10240_320,1.613779,0.443129,0.457479,current,0.443129,1.0000,Gemm_Rocblas_-1086326082,Gemm_Rocblas_-1086326082
tn_320_1029_2560_ld_2560_2560_320,0.362040,0.146400,0.151720,current,0.146400,1.0000,Gemm_Rocblas_-1086326128,Gemm_Rocblas_-1086326128
tn_320_1030_10240_ld_10240_10240_320,1.623699,0.448189,0.455450,current,0.448189,1.0000,Gemm_Rocblas_-1086326082,Gemm_Rocblas_-1086326082
tn_320_1030_2560_ld_2560_2560_320,0.381200,0.162840,0.154740,new,0.154740,1.0523,Gemm_Rocblas_-1086326106,Gemm_Rocblas_-1086326128
tn_320_1031_10240_ld_10240_10240_320,1.669749,0.454779,0.455850,current,0.454779,1.0000,Gemm_Rocblas_-1086326082,Gemm_Rocblas_-1086326082
tn_320_1031_2560_ld_2560_2560_320,0.366840,0.149759,0.152530,current,0.149759,1.0000,Gemm_Rocblas_-1086326128,Gemm_Rocblas_-1086326128
tn_320_1033_10240_ld_10240_10240_320,1.620589,1.650969,0.457890,new,0.457890,3.6056,,Gemm_Rocblas_-1086326082
tn_320_1033_2560_ld_2560_2560_320,0.366870,0.404240,0.153120,new,0.153120,2.6400,,Gemm_Rocblas_-1086326128
tn_320_1036_10240_ld_10240_10240_320,1.624949,0.423600,0.454460,current,0.423600,1.0000,Gemm_Rocblas_-1086326082,Gemm_Rocblas_-1086326082
tn_320_1036_2560_ld_2560_2560_320,0.363460,0.137600,0.155910,current,0.137600,1.0000,Gemm_Rocblas_-1086326128,Gemm_Rocblas_-1086326082
tn_320_1039_10240_ld_10240_10240_320,1.645498,1.641629,0.456700,new,0.456700,3.5945,,Gemm_Rocblas_-1086326082
tn_320_1039_2560_ld_2560_2560_320,0.362400,0.391130,0.153470,new,0.153470,2.5486,,Gemm_Rocblas_-1086326128
tn_320_1042_10240_ld_10240_10240_320,1.656939,0.429790,0.459259,current,0.429790,1.0000,Gemm_Rocblas_-1086326082,Gemm_Rocblas_-1086326082
tn_320_1042_2560_ld_2560_2560_320,0.379080,0.138450,0.155919,current,0.138450,1.0000,Gemm_Rocblas_-1086326128,Gemm_Rocblas_-1086326082
tn_320_1045_10240_ld_10240_10240_320,1.663559,0.452440,0.460900,current,0.452440,1.0000,Gemm_Rocblas_-1086326082,Gemm_Rocblas_-1086326082
tn_320_1045_2560_ld_2560_2560_320,0.368649,0.148980,0.152080,current,0.148980,1.0000,Gemm_Rocblas_-1086326083,Gemm_Rocblas_-1086326128
tn_320_1125_10240_ld_10240_10240_320,2.023098,0.467360,0.470960,current,0.467360,1.0000,Gemm_Rocblas_-1086326084,Gemm_Rocblas_-1086326082
tn_320_1125_2560_ld_2560_2560_320,0.417900,0.157660,0.161860,current,0.157660,1.0000,Gemm_Rocblas_-1086326128,Gemm_Rocblas_-1086326082
tn_320_121_10240_ld_10240_10240_320,0.216159,0.143540,0.142460,current,0.143540,1.0000,Gemm_Rocblas_-1086326134,Gemm_Rocblas_-1086326134
tn_320_121_2560_ld_2560_2560_320,0.119270,0.065170,0.065129,current,0.065170,1.0000,Gemm_Rocblas_-1086326134,Gemm_Rocblas_-1086326137
tn_320_1264_10240_ld_10240_10240_320,1.987748,0.550130,0.534180,current,0.550130,1.0000,Gemm_Rocblas_-1086326098,Gemm_Rocblas_-1086326082
tn_320_1264_2560_ld_2560_2560_320,0.501170,0.162580,0.161980,current,0.162580,1.0000,Gemm_Rocblas_-1086326078,Gemm_Rocblas_-1086326046
tn_320_1295_10240_ld_10240_10240_320,2.137639,0.543630,0.546919,current,0.543630,1.0000,Gemm_Rocblas_-1086326082,Gemm_Rocblas_-1086326098
tn_320_1295_2560_ld_2560_2560_320,0.513830,0.160760,0.161330,current,0.160760,1.0000,Gemm_Rocblas_-1086326062,Gemm_Rocblas_-1086326098
tn_320_12_10240_ld_10240_10240_320,0.132690,0.079840,0.079820,current,0.079840,1.0000,Gemm_Rocblas_-1086326214,Gemm_Rocblas_-1086326214
tn_320_12_2560_ld_2560_2560_320,0.054700,0.044570,0.044320,current,0.044570,1.0000,Gemm_Rocblas_-1086326200,Gemm_Rocblas_-1086326201
tn_320_1323_10240_ld_10240_10240_320,2.254799,0.555710,0.552800,current,0.555710,1.0000,Gemm_Rocblas_-1086326098,Gemm_Rocblas_-1086326098
tn_320_1323_2560_ld_2560_2560_320,0.524220,0.164410,0.163160,current,0.164410,1.0000,Gemm_Rocblas_-1086326062,Gemm_Rocblas_-1086326098
tn_320_1324_10240_ld_10240_10240_320,2.233348,0.553980,0.554089,current,0.553980,1.0000,Gemm_Rocblas_-1086326098,Gemm_Rocblas_-1086326098
tn_320_1324_2560_ld_2560_2560_320,0.521589,0.163720,0.163600,current,0.163720,1.0000,Gemm_Rocblas_-1086326062,Gemm_Rocblas_-1086326098
tn_320_1325_10240_ld_10240_10240_320,2.221049,0.564560,0.554370,current,0.564560,1.0000,Gemm_Rocblas_-1086326082,Gemm_Rocblas_-1086326098
tn_320_1325_2560_ld_2560_2560_320,0.538910,0.163440,0.163650,current,0.163440,1.0000,Gemm_Rocblas_-1086326062,Gemm_Rocblas_-1086326098
tn_320_1392_10240_ld_10240_10240_320,2.244828,0.561420,0.566179,current,0.561420,1.0000,Gemm_Rocblas_-1086326078,Gemm_Rocblas_-1086326098
tn_320_1392_2560_ld_2560_2560_320,0.573019,0.165780,0.166470,current,0.165780,1.0000,Gemm_Rocblas_-1086326062,Gemm_Rocblas_-1086326098
tn_320_1399_10240_ld_10240_10240_320,2.286469,0.559599,0.562270,current,0.559599,1.0000,Gemm_Rocblas_-1086326062,Gemm_Rocblas_-1086326062
tn_320_1399_2560_ld_2560_2560_320,0.595920,0.166509,0.166340,current,0.166509,1.0000,Gemm_Rocblas_-1086326098,Gemm_Rocblas_-1086326098
tn_320_1445_10240_ld_10240_10240_320,2.277929,0.577999,0.574250,current,0.577999,1.0000,Gemm_Rocblas_-1086326098,Gemm_Rocblas_-1086326098
tn_320_1445_2560_ld_2560_2560_320,0.551509,0.163740,0.164060,current,0.163740,1.0000,Gemm_Rocblas_-1086326098,Gemm_Rocblas_-1086326098
tn_320_1495_10240_ld_10240_10240_320,2.386088,0.573629,0.575290,current,0.573629,1.0000,Gemm_Rocblas_-1086326062,Gemm_Rocblas_-1086326098
tn_320_1495_2560_ld_2560_2560_320,0.559489,0.169360,0.168439,current,0.169360,1.0000,Gemm_Rocblas_-1086326077,Gemm_Rocblas_-1086326098
tn_320_1693_10240_ld_10240_10240_320,2.762617,0.702920,0.717320,current,0.702920,1.0000,Gemm_Rocblas_-1086326082,Gemm_Rocblas_-1086326108
tn_320_1693_2560_ld_2560_2560_320,0.225990,0.211180,0.211970,current,0.211180,1.0000,Gemm_Rocblas_-1086326122,Gemm_Rocblas_-1086326122
tn_320_16_10240_ld_10240_10240_320,0.134380,0.079790,0.079870,current,0.079790,1.0000,Gemm_Rocblas_-1086326214,Gemm_Rocblas_-1086326214
tn_320_16_2560_ld_2560_2560_320,0.057239,0.044640,0.044680,current,0.044640,1.0000,Gemm_Rocblas_-1086326210,Gemm_Rocblas_-1086326200
tn_320_1888_10240_ld_10240_10240_320,3.217997,0.739459,0.741080,current,0.739459,1.0000,Gemm_Rocblas_-1086326084,Gemm_Rocblas_-1086326084
tn_320_1888_2560_ld_2560_2560_320,0.226580,0.228060,0.232380,current,0.228060,1.0000,Gemm_Rocblas_-1086326082,Gemm_Rocblas_-1086326082
tn_320_1968_10240_ld_10240_10240_320,3.365698,0.858729,0.858979,current,0.858729,1.0000,Gemm_Rocblas_-1086326082,Gemm_Rocblas_-1086326082
tn_320_1969_10240_ld_10240_10240_320,3.271308,0.778249,0.793669,current,0.778249,1.0000,Gemm_Rocblas_-1086326082,Gemm_Rocblas_-1086326082
tn_320_1_10240_ld_10240_10240_320,0.131220,0.032200,0.032320,current,0.032200,1.0000,Gemm_Rocblas_-9,Gemm_Rocblas_-9
tn_320_1_2560_ld_2560_2560_320,0.056190,0.024480,0.023800,current,0.024480,1.0000,Gemm_Rocblas_-9,Gemm_Rocblas_-9
tn_320_2045_10240_ld_10240_10240_320,3.501457,0.862030,0.786759,new,0.786759,1.0957,Gemm_Rocblas_-1086326082,Gemm_Rocblas_-1086326082
tn_320_2045_2560_ld_2560_2560_320,0.228250,0.239109,0.242620,dropped,,1.0000,Gemm_Rocblas_-1086326082,Gemm_Rocblas_-1086326044
tn_320_2046_10240_ld_10240_10240_320,3.561567,0.796030,0.872409,current,0.796030,1.0000,Gemm_Rocblas_-1086326082,Gemm_Rocblas_-1086326082
tn_320_2047_10240_ld_10240_10240_320,3.591948,0.779699,0.791239,current,0.779699,1.0000,Gemm_Rocblas_-1086326082,Gemm_Rocblas_-1086326082
tn_320_2048_10240_ld_10240_10240_320,3.518258,0.772469,0.775259,current,0.772469,1.0000,Gemm_Rocblas_-1086326082,Gemm_Rocblas_-1086326082
tn_320_2048_2560_ld_2560_2560_320,0.227000,0.238690,0.233720,dropped,,1.0000,Gemm_Rocblas_-1086326082,Gemm_Rocblas_-1086326082
tn_320_2066_10240_ld_10240_10240_320,3.519108,0.918829,0.898669,current,0.918829,1.0000,Gemm_Rocblas_-1086326128,Gemm_Rocblas_-1086326082
tn_320_2069_10240_ld_10240_10240_320,3.531477,0.911929,0.912549,current,0.911929,1.0000,Gemm_Rocblas_-1086326063,Gemm_Rocblas_-1086326128
tn_320_225_10240_ld_10240_10240_320,0.409209,0.161220,0.161040,current,0.161220,1.0000,Gemm_Rocblas_-1086326140,Gemm_Rocblas_-1086326134
tn_320_225_2560_ld_2560_2560_320,0.131050,0.071299,0.072080,current,0.071299,1.0000,Gemm_Rocblas_-1086326139,Gemm_Rocblas_-1086326136
tn_320_240_10240_ld_10240_10240_320,0.399290,0.161580,0.160940,current,0.161580,1.0000,Gemm_Rocblas_-1086326134,Gemm_Rocblas_-1086326140
tn_320_240_2560_ld_2560_2560_320,0.128260,0.072090,0.072520,current,0.072090,1.0000,Gemm_Rocblas_-1086326139,Gemm_Rocblas_-1086326129
tn_320_24_10240_ld_10240_10240_320,0.138310,0.084570,0.084710,current,0.084570,1.0000,Gemm_Rocblas_-1086326200,Gemm_Rocblas_-1086326200
tn_320_24_2560_ld_2560_2560_320,0.065360,0.045820,0.044999,current,0.045820,1.0000,Gemm_Rocblas_-1086326200,Gemm_Rocblas_-1086326204
tn_320_2_10240_ld_10240_10240_320,0.130610,0.079510,0.079910,current,0.079510,1.0000,Gemm_Rocblas_-1086326214,Gemm_Rocblas_-1086326214
tn_320_2_2560_ld_2560_2560_320,0.057430,0.044780,0.044740,current,0.044780,1.0000,Gemm_Rocblas_-1086326200,Gemm_Rocblas_-1086326201
tn_320_3073_10240_ld_10240_10240_320,7.736875,1.155589,1.171219,current,1.155589,1.0000,Gemm_Rocblas_-1086326082,Gemm_Rocblas_-1086326082
tn_320_3074_10240_ld_10240_10240_320,7.496035,1.178879,1.194169,current,1.178879,1.0000,Gemm_Rocblas_-1086326082,Gemm_Rocblas_-1086326082
tn_320_3075_10240_ld_10240_10240_320,7.652005,1.187880,1.180969,current,1.187880,1.0000,Gemm_Rocblas_-1086326082,Gemm_Rocblas_-1086326082
tn_320_3076_10240_ld_10240_10240_320,7.667934,1.177019,1.184689,current,1.177019,1.0000,Gemm_Rocblas_-1086326082,Gemm_Rocblas_-1086326082
tn_320_3077_10240_ld_10240_10240_320,7.660135,1.173919,1.179029,current,1.173919,1.0000,Gemm_Rocblas_-1086326082,Gemm_Rocblas_-1086326082
tn_320_3078_10240_ld_10240_10240_320,7.688175,1.175999,1.183089,current,1.175999,1.0000,Gemm_Rocblas_-1086326082,Gemm_Rocblas_-1086326082
tn_320_3079_10240_ld_10240_10240_320,7.600315,1.175809,1.179070,current,1.175809,1.0000,Gemm_Rocblas_-1086326082,Gemm_Rocblas_-1086326082
tn_320_3081_10240_ld_10240_10240_320,7.698204,1.173099,1.181649,current,1.173099,1.0000,Gemm_Rocblas_-1086326082,Gemm_Rocblas_-1086326082
tn_320_3084_10240_ld_10240_10240_320,7.658074,1.180569,1.179839,current,1.180569,1.0000,Gemm_Rocblas_-1086326082,Gemm_Rocblas_-1086326082
tn_320_3087_10240_ld_10240_10240_320,7.697574,1.176999,1.185140,current,1.176999,1.0000,Gemm_Rocblas_-1086326082,Gemm_Rocblas_-1086326082
tn_320_3090_10240_ld_10240_10240_320,7.803155,1.178909,1.183139,current,1.178909,1.0000,Gemm_Rocblas_-1086326082,Gemm_Rocblas_-1086326082
tn_320_3093_10240_ld_10240_10240_320,7.468275,1.171699,1.173620,current,1.171699,1.0000,Gemm_Rocblas_-1086326082,Gemm_Rocblas_-1086326082
tn_320_32_10240_ld_10240_10240_320,0.144970,0.085610,0.085990,current,0.085610,1.0000,Gemm_Rocblas_-1086326200,Gemm_Rocblas_-1086326204
tn_320_32_2560_ld_2560_2560_320,0.065360,0.045180,0.045780,current,0.045180,1.0000,Gemm_Rocblas_-1086326204,Gemm_Rocblas_-1086326204
tn_320_3_10240_ld_10240_10240_320,0.128800,0.079950,0.079620,current,0.079950,1.0000,Gemm_Rocblas_-1086326201,Gemm_Rocblas_-1086326214
tn_320_3_2560_ld_2560_2560_320,0.056280,0.044570,0.044290,current,0.044570,1.0000,Gemm_Rocblas_-1086326200,Gemm_Rocblas_-1086326200
tn_320_4096_10240_ld_10240_10240_320,8.403164,1.416879,1.420398,current,1.416879,1.0000,Gemm_Rocblas_-1086326077,Gemm_Rocblas_-1086326077
tn_320_43_10240_ld_10240_10240_320,0.168110,0.104660,0.104489,current,0.104660,1.0000,Gemm_Rocblas_-1086326200,Gemm_Rocblas_-1086326200
tn_320_43_2560_ld_2560_2560_320,0.105410,0.049980,0.049830,current,0.049980,1.0000,Gemm_Rocblas_-1086326200,Gemm_Rocblas_-1086326200
tn_320_44_10240_ld_10240_10240_320,0.163080,0.104710,0.105000,current,0.104710,1.0000,Gemm_Rocblas_-1086326210,Gemm_Rocblas_-1086326210
tn_320_44_2560_ld_2560_2560_320,0.105930,0.049930,0.049840,current,0.049930,1.0000,Gemm_Rocblas_-1086326200,Gemm_Rocblas_-1086326204
tn_320_4_10240_ld_10240_10240_320,0.130840,0.079760,0.079840,current,0.079760,1.0000,Gemm_Rocblas_-1086326214,Gemm_Rocblas_-1086326212
tn_320_4_2560_ld_2560_2560_320,0.056680,0.044940,0.044280,current,0.044940,1.0000,Gemm_Rocblas_-1086326201,Gemm_Rocblas_-1086326200
tn_320_56_10240_ld_10240_10240_320,0.162930,0.118460,0.119309,current,0.118460,1.0000,Gemm_Rocblas_-1086326202,Gemm_Rocblas_-1086326202
tn_320_56_2560_ld_2560_2560_320,0.104920,0.054740,0.055210,current,0.054740,1.0000,Gemm_Rocblas_-1086326200,Gemm_Rocblas_-1086326210
tn_320_5_10240_ld_10240_10240_320,0.130940,0.079710,0.080180,current,0.079710,1.0000,Gemm_Rocblas_-1086326214,Gemm_Rocblas_-1086326214
tn_320_5_2560_ld_2560_2560_320,0.054090,0.044540,0.044610,current,0.044540,1.0000,Gemm_Rocblas_-1086326214,Gemm_Rocblas_-1086326206
tn_320_60_10240_ld_10240_10240_320,0.170470,0.118790,0.118860,current,0.118790,1.0000,Gemm_Rocblas_-1086326202,Gemm_Rocblas_-1086326202
tn_320_60_2560_ld_2560_2560_320,0.106930,0.055009,0.054510,current,0.055009,1.0000,Gemm_Rocblas_-1086326200,Gemm_Rocblas_-1086326204
tn_320_64_10240_ld_10240_10240_320,0.171570,0.118900,0.118750,current,0.118900,1.0000,Gemm_Rocblas_-1086326202,Gemm_Rocblas_-1086326202
tn_320_64_2560_ld_2560_2560_320,0.108150,0.054620,0.055210,current,0.054620,1.0000,Gemm_Rocblas_-1086326204,Gemm_Rocblas_-1086326210
tn_320_692_10240_ld_10240_10240_320,1.095179,0.253230,0.254010,current,0.253230,1.0000,Gemm_Rocblas_-1086326082,Gemm_Rocblas_-1086326082
tn_320_692_2560_ld_2560_2560_320,0.270090,0.102020,0.101060,current,0.102020,1.0000,Gemm_Rocblas_-1086326082,Gemm_Rocblas_-1086326082
tn_320_6_10240_ld_10240_10240_320,0.133120,0.079720,0.080060,current,0.079720,1.0000,Gemm_Rocblas_-1086326214,Gemm_Rocblas_-1086326214
tn_320_6_2560_ld_2560_2560_320,0.056960,0.044860,0.044640,current,0.044860,1.0000,Gemm_Rocblas_-1086326200,Gemm_Rocblas_-1086326201
tn_320_701_10240_ld_10240_10240_320,1.152809,0.253990,0.255179,current,0.253990,1.0000,Gemm_Rocblas_-1086326082,Gemm_Rocblas_-1086326082
tn_320_701_2560_ld_2560_2560_320,0.263959,0.100940,0.101020,current,0.100940,1.0000,Gemm_Rocblas_-1086326082,Gemm_Rocblas_-1086326082
tn_320_704_10240_ld_10240_10240_320,1.092869,0.256770,0.254420,current,0.256770,1.0000,Gemm_Rocblas_-1086326082,Gemm_Rocblas_-1086326082
tn_320_704_2560_ld_2560_2560_320,0.274310,0.103160,0.106030,current,0.103160,1.0000,Gemm_Rocblas_-1086326082,Gemm_Rocblas_-1086326128
tn_320_784_10240_ld_10240_10240_320,1.267059,0.346819,0.346190,current,0.346819,1.0000,Gemm_Rocblas_-1086326140,Gemm_Rocblas_-1086326140
tn_320_784_2560_ld_2560_2560_320,0.316360,0.118280,0.118610,current,0.118280,1.0000,Gemm_Rocblas_-1086326122,Gemm_Rocblas_-1086326122
tn_320_788_10240_ld_10240_10240_320,1.234349,0.349240,0.347010,current,0.349240,1.0000,Gemm_Rocblas_-1086326140,Gemm_Rocblas_-1086326140
tn_320_788_2560_ld_2560_2560_320,0.309540,0.119100,0.119680,current,0.119100,1.0000,Gemm_Rocblas_-1086326122,Gemm_Rocblas_-1086326122
tn_320_789_10240_ld_10240_10240_320,1.270919,0.355180,0.354169,current,0.355180,1.0000,Gemm_Rocblas_-1086326140,Gemm_Rocblas_-1086326140
tn_320_789_2560_ld_2560_2560_320,0.307389,0.119980,0.120769,current,0.119980,1.0000,Gemm_Rocblas_-1086326122,Gemm_Rocblas_-1086326122
tn_320_7_10240_ld_10240_10240_320,0.132280,0.079410,0.079730,current,0.079410,1.0000,Gemm_Rocblas_-1086326214,Gemm_Rocblas_-1086326214
tn_320_7_2560_ld_2560_2560_320,0.057800,0.044610,0.044390,current,0.044610,1.0000,Gemm_Rocblas_-1086326200,Gemm_Rocblas_-1086326201
tn_320_804_10240_ld_10240_10240_320,1.300179,0.364329,0.365770,current,0.364329,1.0000,Gemm_Rocblas_-1086326140,Gemm_Rocblas_-1086326140
tn_320_804_2560_ld_2560_2560_320,0.308100,0.123460,0.123340,current,0.123460,1.0000,Gemm_Rocblas_-1086326122,Gemm_Rocblas_-1086326122
tn_320_8_10240_ld_10240_10240_320,0.133370,0.079540,0.080040,current,0.079540,1.0000,Gemm_Rocblas_-1086326214,Gemm_Rocblas_-1086326214
tn_320_8_2560_ld_2560_2560_320,0.056520,0.044740,0.044370,current,0.044740,1.0000,Gemm_Rocblas_-1086326200,Gemm_Rocblas_-1086326200
tn_320_9_10240_ld_10240_10240_320,0.132660,0.079420,0.079409,current,0.079420,1.0000,Gemm_Rocblas_-1086326214,Gemm_Rocblas_-1086326214
tn_320_9_2560_ld_2560_2560_320,0.056830,0.044980,0.044070,current,0.044980,1.0000,Gemm_Rocblas_-1086326200,Gemm_Rocblas_-1086326201
tn_336_1024_10240_ld_10240_10240_336,1.802268,0.449389,0.457809,current,0.449389,1.0000,Gemm_Rocblas_-1086326082,Gemm_Rocblas_-1086326082
tn_336_1025_10240_ld_10240_10240_336,1.855359,0.458149,0.461390,current,0.458149,1.0000,Gemm_Rocblas_-1086326082,Gemm_Rocblas_-1086326082
tn_336_1026_10240_ld_10240_10240_336,1.859869,0.464379,0.467120,current,0.464379,1.0000,Gemm_Rocblas_-1086326082,Gemm_Rocblas_-1086326082
tn_336_1027_10240_ld_10240_10240_336,1.847669,0.469179,0.470520,current,0.469179,1.0000,Gemm_Rocblas_-1086326082,Gemm_Rocblas_-1086326082
tn_336_1028_10240_ld_10240_10240_336,1.935528,0.468600,0.468619,current,0.468600,1.0000,Gemm_Rocblas_-1086326082,Gemm_Rocblas_-1086326082
tn_336_1029_10240_ld_10240_10240_336,1.848619,0.468250,0.470559,current,0.468250,1.0000,Gemm_Rocblas_-1086326082,Gemm_Rocblas_-1086326082
tn_336_1030_10240_ld_10240_10240_336,1.858828,0.470630,0.472180,current,0.470630,1.0000,Gemm_Rocblas_-1086326082,Gemm_Rocblas_-1086326082
tn_336_1031_10240_ld_10240_10240_336,1.918708,0.470319,0.471230,current,0.470319,1.0000,Gemm_Rocblas_-1086326082,Gemm_Rocblas_-1086326082
tn_336_1033_10240_ld_10240_10240_336,1.882868,1.809659,0.475999,new,0.475999,3.8018,,Gemm_Rocblas_-1086326082
tn_336_1036_10240_ld_10240_10240_336,1.915389,0.422120,0.473020,current,0.422120,1.0000,Gemm_Rocblas_-1086326082,Gemm_Rocblas_-1086326082
tn_336_1039_10240_ld_10240_10240_336,1.849539,1.793289,0.470580,new,0.470580,3.8108,,Gemm_Rocblas_-1086326082
tn_336_1042_10240_ld_10240_10240_336,1.874989,0.422660,0.470239,current,0.422660,1.0000,Gemm_Rocblas_-1086326082,Gemm_Rocblas_-1086326082
tn_336_1045_10240_ld_10240_10240_336,1.841619,0.454710,0.470950,current,0.454710,1.0000,Gemm_Rocblas_-1086326082,Gemm_Rocblas_-1086326082
tn_336_1125_10240_ld_10240_10240_336,2.055069,0.473900,0.485550,current,0.473900,1.0000,Gemm_Rocblas_-1086326084,Gemm_Rocblas_-1086326082
tn_336_121_10240_ld_10240_10240_336,0.249710,0.143600,0.142380,current,0.143600,1.0000,Gemm_Rocblas_-1086326139,Gemm_Rocblas_-1086326134
tn_336_1264_10240_ld_10240_10240_336,2.213279,0.561089,0.532279,new,0.532279,1.0541,Gemm_Rocblas_-1086326098,Gemm_Rocblas_-1086326082
tn_336_1295_10240_ld_10240_10240_336,2.306068,0.560880,0.558210,current,0.560880,1.0000,Gemm_Rocblas_-1086326098,Gemm_Rocblas_-1086326098
tn_336_12_10240_ld_10240_10240_336,0.120830,0.079790,0.080790,current,0.079790,1.0000,Gemm_Rocblas_-1086326214,Gemm_Rocblas_-1086326201
tn_336_1323_10240_ld_10240_10240_336,2.495218,0.562889,0.562810,current,0.562889,1.0000,Gemm_Rocblas_-1086326062,Gemm_Rocblas_-1086326098
tn_336_1324_10240_ld_10240_10240_336,2.426978,0.562609,0.563700,current,0.562609,1.0000,Gemm_Rocblas_-1086326062,Gemm_Rocblas_-1086326098
tn_336_1325_10240_ld_10240_10240_336,2.510728,0.563049,0.565069,current,0.563049,1.0000,Gemm_Rocblas_-1086326062,Gemm_Rocblas_-1086326098
tn_336_1392_10240_ld_10240_10240_336,2.575108,0.575550,0.577850,current,0.575550,1.0000,Gemm_Rocblas_-1086326098,Gemm_Rocblas_-1086326098
tn_336_1399_10240_ld_10240_10240_336,2.698429,0.576550,0.576089,current,0.576550,1.0000,Gemm_Rocblas_-1086326124,Gemm_Rocblas_-1086326098
tn_336_1445_10240_ld_10240_10240_336,2.738358,0.576319,0.585140,current,0.576319,1.0000,Gemm_Rocblas_-1086326046,Gemm_Rocblas_-1086326098
tn_336_1495_10240_ld_10240_10240_336,2.715678,0.593000,0.588490,current,0.593000,1.0000,Gemm_Rocblas_-1086326078,Gemm_Rocblas_-1086326098
tn_336_1693_10240_ld_10240_10240_336,3.045608,0.727270,0.732479,current,0.727270,1.0000,Gemm_Rocblas_-1086326082,Gemm_Rocblas_-1086326082
tn_336_16_10240_ld_10240_10240_336,0.122470,0.079410,0.080230,current,0.079410,1.0000,Gemm_Rocblas_-1086326214,Gemm_Rocblas_-1086326214
tn_336_1888_10240_ld_10240_10240_336,3.598178,0.755270,0.756279,current,0.755270,1.0000,Gemm_Rocblas_-1086326084,Gemm_Rocblas_-1086326084
tn_336_1968_10240_ld_10240_10240_336,3.710207,0.873479,0.887660,current,0.873479,1.0000,Gemm_Rocblas_-1086326082,Gemm_Rocblas_-1086326082
tn_336_1969_10240_ld_10240_10240_336,3.591797,0.882220,0.787259,new,0.787259,1.1206,Gemm_Rocblas_-1086326063,Gemm_Rocblas_-1086326082
tn_336_1_10240_ld_10240_10240_336,0.110190,0.033960,0.033600,current,0.033960,1.0000,Gemm_Rocblas_-9,Gemm_Rocblas_-9
tn_336_2045_10240_ld_10240_10240_336,3.906677,0.866280,0.888619,current,0.866280,1.0000,Gemm_Rocblas_-1086326079,Gemm_Rocblas_-1086326082
tn_336_2046_10240_ld_10240_10240_336,3.764667,0.869139,0.868710,current,0.869139,1.0000,Gemm_Rocblas_-1086326079,Gemm_Rocblas_-1086326082
tn_336_2047_10240_ld_10240_10240_336,3.877027,0.849109,0.805509,new,0.805509,1.0541,Gemm_Rocblas_-1086326082,Gemm_Rocblas_-1086326082
tn_336_2048_10240_ld_10240_10240_336,3.967627,0.801419,0.884509,current,0.801419,1.0000,Gemm_Rocblas_-1086326082,Gemm_Rocblas_-1086326082
tn_336_2066_10240_ld_10240_10240_336,3.997197,0.894019,0.889910,current,0.894019,1.0000,Gemm_Rocblas_-1086326123,Gemm_Rocblas_-1086326109
tn_336_2069_10240_ld_10240_10240_336,3.909658,0.907549,0.895119,current,0.907549,1.0000,Gemm_Rocblas_-1086326123,Gemm_Rocblas_-1086326123
tn_336_225_10240_ld_10240_10240_336,0.504520,0.163340,0.163260,current,0.163340,1.0000,Gemm_Rocblas_-1086326134,Gemm_Rocblas_-1086326134
tn_336_240_10240_ld_10240_10240_336,0.501790,0.165539,0.164170,current,0.165539,1.0000,Gemm_Rocblas_-1086326129,Gemm_Rocblas_-1086326134
tn_336_24_10240_ld_10240_10240_336,0.123300,0.086010,0.086260,current,0.086010,1.0000,Gemm_Rocblas_-1086326200,Gemm_Rocblas_-1086326204
tn_336_2_10240_ld_10240_10240_336,0.109770,0.090150,0.089210,current,0.090150,1.0000,Gemm_Rocblas_-1086326214,Gemm_Rocblas_-1086326214
tn_336_3073_10240_ld_10240_10240_336,7.540784,1.191630,1.176119,current,1.191630,1.0000,Gemm_Rocblas_-1086326082,Gemm_Rocblas_-1086326082
tn_336_3074_10240_ld_10240_10240_336,7.479425,1.193219,1.201699,current,1.193219,1.0000,Gemm_Rocblas_-1086326082,Gemm_Rocblas_-1086326082
tn_336_3075_10240_ld_10240_10240_336,7.555364,1.205329,1.191809,current,1.205329,1.0000,Gemm_Rocblas_-1086326082,Gemm_Rocblas_-1086326082
tn_336_3076_10240_ld_10240_10240_336,7.456154,1.200759,1.192770,current,1.200759,1.0000,Gemm_Rocblas_-1086326082,Gemm_Rocblas_-1086326082
tn_336_3077_10240_ld_10240_10240_336,7.643514,1.190280,1.201579,current,1.190280,1.0000,Gemm_Rocblas_-1086326082,Gemm_Rocblas_-1086326082
tn_336_3078_10240_ld_10240_10240_336,7.568375,1.187759,1.185239,current,1.187759,1.0000,Gemm_Rocblas_-1086326082,Gemm_Rocblas_-1086326082
tn_336_3079_10240_ld_10240_10240_336,7.549034,1.187080,1.210819,current,1.187080,1.0000,Gemm_Rocblas_-1086326082,Gemm_Rocblas_-1086326082
tn_336_3081_10240_ld_10240_10240_336,7.603445,1.195569,1.194359,current,1.195569,1.0000,Gemm_Rocblas_-1086326082,Gemm_Rocblas_-1086326082
tn_336_3084_10240_ld_10240_10240_336,7.511425,1.197209,1.203199,current,1.197209,1.0000,Gemm_Rocblas_-1086326082,Gemm_Rocblas_-1086326082
tn_336_3087_10240_ld_10240_10240_336,7.599074,1.189179,1.190149,current,1.189179,1.0000,Gemm_Rocblas_-1086326082,Gemm_Rocblas_-1086326082
tn_336_3090_10240_ld_10240_10240_336,7.529255,1.193519,1.204959,current,1.193519,1.0000,Gemm_Rocblas_-1086326082,Gemm_Rocblas_-1086326082
tn_336_3093_10240_ld_10240_10240_336,7.525384,1.198669,1.194009,current,1.198669,1.0000,Gemm_Rocblas_-1086326082,Gemm_Rocblas_-1086326082
tn_336_32_10240_ld_10240_10240_336,0.132030,0.086370,0.086540,current,0.086370,1.0000,Gemm_Rocblas_-1086326204,Gemm_Rocblas_-1086326210
tn_336_3_10240_ld_10240_10240_336,0.111020,0.086660,0.086119,current,0.086660,1.0000,Gemm_Rocblas_-1086326214,Gemm_Rocblas_-1086326214
tn_336_4096_10240_ld_10240_10240_336,8.901374,1.431489,1.436779,current,1.431489,1.0000,Gemm_Rocblas_-1086326077,Gemm_Rocblas_-1086326077
tn_336_43_10240_ld_10240_10240_336,0.130790,0.104730,0.104800,current,0.104730,1.0000,Gemm_Rocblas_-1086326210,Gemm_Rocblas_-1086326204
tn_336_44_10240_ld_10240_10240_336,0.131860,0.104870,0.105150,current,0.104870,1.0000,Gemm_Rocblas_-1086326204,Gemm_Rocblas_-1086326210
tn_336_4_10240_ld_10240_10240_336,0.111660,0.084190,0.083900,current,0.084190,1.0000,Gemm_Rocblas_-1086326214,Gemm_Rocblas_-1086326214
tn_336_56_10240_ld_10240_10240_336,0.135469,0.120000,0.120860,current,0.120000,1.0000,Gemm_Rocblas_-1086326202,Gemm_Rocblas_-1086326202
tn_336_5_10240_ld_10240_10240_336,0.110550,0.082250,0.081880,current,0.082250,1.0000,Gemm_Rocblas_-1086326214,Gemm_Rocblas_-1086326214
tn_336_60_10240_ld_10240_10240_336,0.137630,0.120910,0.120450,current,0.120910,1.0000,Gemm_Rocblas_-1086326202,Gemm_Rocblas_-1086326202
tn_336_64_10240_ld_10240_10240_336,0.142650,0.120509,0.120540,current,0.120509,1.0000,Gemm_Rocblas_-1086326202,Gemm_Rocblas_-1086326202
tn_336_692_10240_ld_10240_10240_336,1.226799,0.256670,0.255440,current,0.256670,1.0000,Gemm_Rocblas_-1086326082,Gemm_Rocblas_-1086326082
tn_336_6_10240_ld_10240_10240_336,0.114490,0.080060,0.080209,current,0.080060,1.0000,Gemm_Rocblas_-1086326214,Gemm_Rocblas_-1086326214
tn_336_701_10240_ld_10240_10240_336,1.238869,0.266550,0.268700,current,0.266550,1.0000,Gemm_Rocblas_-1086326082,Gemm_Rocblas_-1086326082
tn_336_704_10240_ld_10240_10240_336,1.232329,0.272230,0.273140,current,0.272230,1.0000,Gemm_Rocblas_-1086326082,Gemm_Rocblas_-1086326082
tn_336_784_10240_ld_10240_10240_336,1.437619,0.383000,0.383320,current,0.383000,1.0000,Gemm_Rocblas_-1086326140,Gemm_Rocblas_-1086326134
tn_336_788_10240_ld_10240_10240_336,1.383179,0.389570,0.390319,current,0.389570,1.0000,Gemm_Rocblas_-1086326140,Gemm_Rocblas_-1086326140
tn_336_789_10240_ld_10240_10240_336,1.399809,0.400559,0.402559,current,0.400559,1.0000,Gemm_Rocblas_-1086326140,Gemm_Rocblas_-1086326140
tn_336_7_10240_ld_10240_10240_336,0.114220,0.079340,0.079690,current,0.079340,1.0000,Gemm_Rocblas_-1086326214,Gemm_Rocblas_-1086326214
tn_336_804_10240_ld_10240_10240_336,1.506899,0.413510,0.403760,current,0.413510,1.0000,Gemm_Rocblas_-1086326128,Gemm_Rocblas_-1086326140
tn_336_8_10240_ld_10240_10240_336,0.113089,0.079830,0.080059,current,0.079830,1.0000,Gemm_Rocblas_-1086326214,Gemm_Rocblas_-1086326214
tn_336_9_10240_ld_10240_10240_336,0.119760,0.079900,0.080450,current,0.079900,1.0000,Gemm_Rocblas_-1086326214,Gemm_Rocblas_-1086326201
tn_3584_1024_2560_ld_2560_2560_3584,0.830420,0.874810,0.877009,dropped,,1.0000,,Default
tn_3584_1025_2560_ld_2560_2560_3584,0.882520,0.897090,0.895759,dropped,,1.0000,,Default
tn_3584_1026_2560_ld_2560_2560_3584,0.903419,0.911159,0.913879,current,0.911159,1.0000,Gemm_Rocblas_-1086326047,Default
tn_3584_1027_2560_ld_2560_2560_3584,0.908329,0.945910,0.920299,dropped,,1.0000,Gemm_Rocblas_-1086326277,Default
tn_3584_1028_2560_ld_2560_2560_3584,0.905170,0.914880,0.918129,current,0.914880,1.0000,Gemm_Rocblas_-1086326077,Default
tn_3584_1029_2560_ld_2560_2560_3584,0.906529,0.922130,0.919900,dropped,,1.0000,,Default
tn_3584_1030_2560_ld_2560_2560_3584,0.903249,1.238509,0.919409,dropped,,1.0000,Gemm_Rocblas_-1086326071,Default
tn_3584_1031_2560_ld_2560_2560_3584,0.908159,0.852139,0.917919,current,0.852139,1.0000,Gemm_Rocblas_-1086326045,Default
tn_3584_1033_2560_ld_2560_2560_3584,0.898709,0.917730,0.919419,dropped,,1.0000,,Default
tn_3584_1036_2560_ld_2560_2560_3584,0.900250,0.925049,0.916589,dropped,,1.0000,,Default
tn_3584_1039_2560_ld_2560_2560_3584,0.898429,0.929060,0.920610,dropped,,1.0000,,Default
tn_3584_1042_2560_ld_2560_2560_3584,0.904439,0.920820,0.915609,dropped,,1.0000,,Default
tn_3584_1045_2560_ld_2560_2560_3584,0.904580,0.917179,0.919509,dropped,,1.0000,,Default
tn_3584_12_2560_ld_2560_2560_3584,0.123300,0.093530,0.093470,current,0.093530,1.0000,Gemm_Rocblas_-1086326284,Gemm_Rocblas_-1086326282
tn_3584_1399_2560_ld_2560_2560_3584,1.113999,1.136230,1.136169,current,1.136230,1.0000,Gemm_Rocblas_-1086326063,Default
tn_3584_1693_2560_ld_2560_2560_3584,1.401599,1.349499,1.353199,current,1.349499,1.0000,Gemm_Rocblas_-1086326063,Gemm_Rocblas_-1086326063
tn_3584_16_2560_ld_2560_2560_3584,0.123850,0.093490,0.093880,current,0.093490,1.0000,Gemm_Rocblas_-1086326282,Gemm_Rocblas_-1086326282
tn_3584_1969_2560_ld_2560_2560_3584,1.598099,1.560989,1.562339,current,1.560989,1.0000,Gemm_Rocblas_-1086326063,Gemm_Rocblas_-1086326063
tn_3584_1_2560_ld_2560_2560_3584,0.095900,0.061880,0.061560,current,0.061880,1.0000,Gemm_Rocblas_-9,Gemm_Rocblas_-9
tn_3584_2045_2560_ld_2560_2560_3584,1.606759,1.567798,1.571229,current,1.567798,1.0000,Gemm_Rocblas_-1086326063,Gemm_Rocblas_-1086326063
tn_3584_2048_2560_ld_2560_2560_3584,1.605239,1.561339,1.568209,current,1.561339,1.0000,Gemm_Rocblas_-1086326063,Gemm_Rocblas_-1086326063
tn_3584_2066_2560_ld_2560_2560_3584,1.717239,1.624119,1.627249,current,1.624119,1.0000,Gemm_Rocblas_-1086326063,Gemm_Rocblas_-1086326063
tn_3584_2069_2560_ld_2560_2560_3584,1.677439,1.639829,1.643638,current,1.639829,1.0000,Gemm_Rocblas_-1086326063,Gemm_Rocblas_-1086326063
tn_3584_225_2560_ld_2560_2560_3584,0.259300,0.230660,0.231110,current,0.230660,1.0000,Gemm_Rocblas_-1086326277,Gemm_Rocblas_-1086326277
tn_3584_240_2560_ld_2560_2560_3584,0.269830,0.240430,0.240719,current,0.240430,1.0000,Gemm_Rocblas_-1086326277,Gemm_Rocblas_-1086326277
tn_3584_24_2560_ld_2560_2560_3584,0.125520,0.099680,0.099709,current,0.099680,1.0000,Gemm_Rocblas_-1086326246,Gemm_Rocblas_-1086326246
tn_3584_2_2560_ld_2560_2560_3584,0.091520,0.102320,0.101110,dropped,,1.0000,,Gemm_Rocblas_-1086326218
tn_3584_32_2560_ld_2560_2560_3584,0.137200,0.099560,0.099879,current,0.099560,1.0000,Gemm_Rocblas_-1086326246,Gemm_Rocblas_-1086326246
tn_3584_3_2560_ld_2560_2560_3584,0.088529,0.097990,0.097420,dropped,,1.0000,,Gemm_Rocblas_-1086326221
tn_3584_4096_2560_ld_2560_2560_3584,4.758766,2.981737,3.001218,current,2.981737,1.0000,Gemm_Rocblas_-1086326063,Gemm_Rocblas_-1086326063
tn_3584_43_2560_ld_2560_2560_3584,0.226620,0.123180,0.121960,current,0.123180,1.0000,Gemm_Rocblas_-1086326127,Gemm_Rocblas_-1086326127
tn_3584_44_2560_ld_2560_2560_3584,0.227059,0.117620,0.123330,current,0.117620,1.0000,Gemm_Rocblas_-1086326129,Gemm_Rocblas_-1086326127
tn_3584_4_2560_ld_2560_2560_3584,0.086800,0.094180,0.093990,dropped,,1.0000,,Gemm_Rocblas_-1086326223
tn_3584_56_2560_ld_2560_2560_3584,0.191490,0.124010,0.123660,current,0.124010,1.0000,Gemm_Rocblas_-1086326044,Gemm_Rocblas_-1086326097
tn_3584_5_2560_ld_2560_2560_3584,0.084370,0.091010,0.091520,dropped,,1.0000,,Default
tn_3584_60_2560_ld_2560_2560_3584,0.198350,0.125490,0.123990,current,0.125490,1.0000,Gemm_Rocblas_-1086326044,Gemm_Rocblas_-1086326097
tn_3584_64_2560_ld_2560_2560_3584,0.196660,0.110930,0.113390,current,0.110930,1.0000,Gemm_Rocblas_-1086326129,Gemm_Rocblas_-1086326129
tn_3584_692_2560_ld_2560_2560_3584,0.588849,0.568999,0.564989,current,0.568999,1.0000,Gemm_Rocblas_-1086326077,Gemm_Rocblas_-1086326077
tn_3584_6_2560_ld_2560_2560_3584,0.081930,0.088950,0.087900,dropped,,1.0000,,Gemm_Rocblas_-1086326223
tn_3584_701_2560_ld_2560_2560_3584,0.624550,0.606890,0.612490,current,0.606890,1.0000,Gemm_Rocblas_-1086326077,Gemm_Rocblas_-1086326077
tn_3584_704_2560_ld_2560_2560_3584,0.640169,0.630889,0.628060,current,0.630889,1.0000,Gemm_Rocblas_-1086326077,Gemm_Rocblas_-1086326077
tn_3584_784_2560_ld_2560_2560_3584,0.820639,0.727850,0.728280,current,0.727850,1.0000,Gemm_Rocblas_-1086326077,Gemm_Rocblas_-1086326077
tn_3584_788_2560_ld_2560_2560_3584,0.817259,0.732920,0.732189,current,0.732920,1.0000,Gemm_Rocblas_-1086326077,Gemm_Rocblas_-1086326077
tn_3584_789_2560_ld_2560_2560_3584,0.812780,0.727910,0.730789,current,0.727910,1.0000,Gemm_Rocblas_-1086326061,Gemm_Rocblas_-1086326077
tn_3584_7_2560_ld_2560_2560_3584,0.080440,0.086730,0.086060,dropped,,1.0000,,Gemm_Rocblas_-1086326221
tn_3584_804_2560_ld_2560_2560_3584,0.815019,0.724699,0.728929,current,0.724699,1.0000,Gemm_Rocblas_-1086326077,Gemm_Rocblas_-1086326077
tn_3584_8_2560_ld_2560_2560_3584,0.080490,0.085110,0.083870,dropped,,1.0000,,Gemm_Rocblas_-1086326218
tn_3584_9_2560_ld_2560_2560_3584,0.123240,0.093540,0.093710,current,0.093540,1.0000,Gemm_Rocblas_-1086326157,Gemm_Rocblas_-1086326282
tn_4096_1024_2560_ld_2560_2560_4096,0.878469,0.907559,0.910019,dropped,,1.0000,Gemm_Rocblas_-1086326047,Default
tn_4096_1025_2560_ld_2560_2560_4096,1.072020,1.045730,1.050419,current,1.045730,1.0000,Gemm_Rocblas_-1086326277,Gemm_Rocblas_-1086326268
tn_4096_1026_2560_ld_2560_2560_4096,1.064910,1.271619,1.062549,dropped,,1.0000,Gemm_Rocblas_-1086326071,Gemm_Rocblas_-1086326268
tn_4096_1027_2560_ld_2560_2560_4096,1.064659,1.017499,1.050510,current,1.017499,1.0000,Gemm_Rocblas_-1086326277,Gemm_Rocblas_-1086326277
tn_4096_1028_2560_ld_2560_2560_4096,1.065549,1.029729,1.027099,current,1.029729,1.0000,Gemm_Rocblas_-1086326045,Gemm_Rocblas_-1086326268
tn_4096_1029_2560_ld_2560_2560_4096,1.064160,1.067209,1.060179,current,1.067209,1.0000,Gemm_Rocblas_-1086326277,Gemm_Rocblas_-1086326268
tn_4096_1030_2560_ld_2560_2560_4096,1.064659,1.048220,1.080099,current,1.048220,1.0000,Gemm_Rocblas_-1086326268,Gemm_Rocblas_-1086326061
tn_4096_1031_2560_ld_2560_2560_4096,1.065499,1.021709,1.033789,current,1.021709,1.0000,Gemm_Rocblas_-1086326277,Gemm_Rocblas_-1086326268
tn_4096_1033_2560_ld_2560_2560_4096,1.063510,1.091619,1.044320,dropped,,1.0000,,Gemm_Rocblas_-1086326268
tn_4096_1036_2560_ld_2560_2560_4096,1.065389,1.037309,1.057849,current,1.037309,1.0000,Gemm_Rocblas_-1086326277,Gemm_Rocblas_-1086326268
tn_4096_1039_2560_ld_2560_2560_4096,1.064710,1.093799,1.060060,dropped,,1.0000,,Gemm_Rocblas_-1086326268
tn_4096_1042_2560_ld_2560_2560_4096,1.065449,1.030350,1.073789,current,1.030350,1.0000,Gemm_Rocblas_-1086326277,Gemm_Rocblas_-1086326268
tn_4096_1045_2560_ld_2560_2560_4096,1.064669,1.035659,1.039290,current,1.035659,1.0000,Gemm_Rocblas_-1086326277,Gemm_Rocblas_-1086326268
tn_4096_1125_2560_ld_2560_2560_4096,1.074970,1.051789,1.069769,current,1.051789,1.0000,Gemm_Rocblas_-1086326277,Gemm_Rocblas_-1086326268
tn_4096_121_2560_ld_2560_2560_4096,0.157160,0.161130,0.161970,current,0.161130,1.0000,Gemm_Rocblas_-1086326098,Default
tn_4096_1295_2560_ld_2560_2560_4096,1.281839,1.276079,1.302500,current,1.276079,1.0000,Gemm_Rocblas_-1086326277,Gemm_Rocblas_-1086326268
tn_4096_12_2560_ld_2560_2560_4096,0.133579,0.099180,0.099500,current,0.099180,1.0000,Gemm_Rocblas_-1086326157,Gemm_Rocblas_-1086326284
tn_4096_1323_2560_ld_2560_2560_4096,1.285059,1.293009,1.311969,current,1.293009,1.0000,Gemm_Rocblas_-1086326277,Gemm_Rocblas_-1086326277
tn_4096_1324_2560_ld_2560_2560_4096,1.279140,1.277589,1.279949,current,1.277589,1.0000,Gemm_Rocblas_-1086326277,Gemm_Rocblas_-1086326061
tn_4096_1325_2560_ld_2560_2560_4096,1.278539,1.275039,1.267029,current,1.275039,1.0000,Gemm_Rocblas_-1086326277,Gemm_Rocblas_-1086326277
tn_4096_1392_2560_ld_2560_2560_4096,1.292339,1.302859,1.294209,current,1.302859,1.0000,Gemm_Rocblas_-1086326268,Gemm_Rocblas_-1086326061
tn_4096_1399_2560_ld_2560_2560_4096,1.298009,1.304569,1.309059,current,1.304569,1.0000,Gemm_Rocblas_-1086326277,Gemm_Rocblas_-1086326277
tn_4096_16_2560_ld_2560_2560_4096,0.133609,0.099200,0.099580,current,0.099200,1.0000,Gemm_Rocblas_-1086326157,Gemm_Rocblas_-1086326282
tn_4096_1888_2560_ld_2560_2560_4096,1.878379,1.720139,1.748888,current,1.720139,1.0000,Gemm_Rocblas_-1086326268,Gemm_Rocblas_-1086326063
tn_4096_1968_2560_ld_2560_2560_4096,1.977169,1.776328,1.755029,current,1.776328,1.0000,Gemm_Rocblas_-1086326063,Gemm_Rocblas_-1086326063
tn_4096_1969_2560_ld_2560_2560_4096,1.982888,1.752029,1.766448,current,1.752029,1.0000,Gemm_Rocblas_-1086326063,Gemm_Rocblas_-1086326063
tn_4096_1_2560_ld_2560_2560_4096,0.087340,0.067320,0.067199,current,0.067320,1.0000,Gemm_Rocblas_-9,Gemm_Rocblas_-9
tn_4096_2045_2560_ld_2560_2560_4096,2.018768,1.772269,1.780869,current,1.772269,1.0000,Gemm_Rocblas_-1086326063,Gemm_Rocblas_-1086326063
tn_4096_2046_2560_ld_2560_2560_4096,2.006919,1.778988,1.778978,current,1.778988,1.0000,Gemm_Rocblas_-1086326063,Gemm_Rocblas_-1086326063
tn_4096_2047_2560_ld_2560_2560_4096,2.008228,1.773269,1.785669,current,1.773269,1.0000,Gemm_Rocblas_-1086326063,Gemm_Rocblas_-1086326063
tn_4096_2048_2560_ld_2560_2560_4096,2.025489,1.767149,1.762299,current,1.767149,1.0000,Gemm_Rocblas_-1086326063,Gemm_Rocblas_-1086326063
tn_4096_2066_2560_ld_2560_2560_4096,2.105179,1.880279,1.860988,current,1.880279,1.0000,Gemm_Rocblas_-1086326063,Gemm_Rocblas_-1086326047
tn_4096_2069_2560_ld_2560_2560_4096,2.104559,1.849919,1.902668,current,1.849919,1.0000,Gemm_Rocblas_-1086326047,Gemm_Rocblas_-1086326063
tn_4096_225_2560_ld_2560_2560_4096,0.307889,0.238930,0.240940,current,0.238930,1.0000,Gemm_Rocblas_-1086326277,Gemm_Rocblas_-1086326061
tn_4096_240_2560_ld_2560_2560_4096,0.260970,0.253370,0.268400,current,0.253370,1.0000,Gemm_Rocblas_-1086326277,Default
tn_4096_24_2560_ld_2560_2560_4096,0.134970,0.099609,0.100060,current,0.099609,1.0000,Gemm_Rocblas_-1086326246,Gemm_Rocblas_-1086326246
tn_4096_2_2560_ld_2560_2560_4096,0.085410,0.101380,0.102190,dropped,,1.0000,,Default
tn_4096_3073_2560_ld_2560_2560_4096,3.088728,2.814628,2.702858,new,2.702858,1.0414,Gemm_Rocblas_-1086326063,Gemm_Rocblas_-1086326063
tn_4096_3074_2560_ld_2560_2560_4096,3.130188,2.739468,2.750908,current,2.739468,1.0000,Gemm_Rocblas_-1086326063,Gemm_Rocblas_-1086326063
tn_4096_3075_2560_ld_2560_2560_4096,3.094558,2.735398,2.751548,current,2.735398,1.0000,Gemm_Rocblas_-1086326063,Gemm_Rocblas_-1086326063
tn_4096_3076_2560_ld_2560_2560_4096,3.121118,2.736618,2.719108,current,2.736618,1.0000,Gemm_Rocblas_-1086326063,Gemm_Rocblas_-1086326063
tn_4096_3077_2560_ld_2560_2560_4096,3.120248,2.757458,2.712938,current,2.757458,1.0000,Gemm_Rocblas_-1086326063,Gemm_Rocblas_-1086326063
tn_4096_3078_2560_ld_2560_2560_4096,3.081788,2.724968,2.715318,current,2.724968,1.0000,Gemm_Rocblas_-1086326063,Gemm_Rocblas_-1086326063
tn_4096_3079_2560_ld_2560_2560_4096,3.076207,2.764938,2.818748,current,2.764938,1.0000,Gemm_Rocblas_-1086326063,Gemm_Rocblas_-1086326063
tn_4096_3081_2560_ld_2560_2560_4096,3.096668,2.723088,2.744508,current,2.723088,1.0000,Gemm_Rocblas_-1086326063,Gemm_Rocblas_-1086326047
tn_4096_3084_2560_ld_2560_2560_4096,3.090548,2.739678,2.731278,current,2.739678,1.0000,Gemm_Rocblas_-1086326063,Gemm_Rocblas_-1086326063
tn_4096_3087_2560_ld_2560_2560_4096,3.138629,2.729998,2.744828,current,2.729998,1.0000,Gemm_Rocblas_-1086326063,Gemm_Rocblas_-1086326063
tn_4096_3090_2560_ld_2560_2560_4096,3.065938,2.735718,2.745208,current,2.735718,1.0000,Gemm_Rocblas_-1086326047,Gemm_Rocblas_-1086326063
tn_4096_3093_2560_ld_2560_2560_4096,3.112408,2.750008,2.745198,current,2.750008,1.0000,Gemm_Rocblas_-1086326063,Gemm_Rocblas_-1086326047
tn_4096_32_2560_ld_2560_2560_4096,0.149600,0.100890,0.100770,current,0.100890,1.0000,Gemm_Rocblas_-1086326246,Gemm_Rocblas_-1086326246
tn_4096_3_2560_ld_2560_2560_4096,0.083140,0.097610,0.097970,dropped,,1.0000,,Default
tn_4096_43_2560_ld_2560_2560_4096,0.254060,0.122950,0.123050,current,0.122950,1.0000,Gemm_Rocblas_-1086326096,Gemm_Rocblas_-1086326096
tn_4096_44_2560_ld_2560_2560_4096,0.254980,0.124229,0.124059,current,0.124229,1.0000,Gemm_Rocblas_-1086326140,Gemm_Rocblas_-1086326122
tn_4096_4_2560_ld_2560_2560_4096,0.081640,0.093770,0.093519,dropped,,1.0000,,Gemm_Rocblas_-1086326223
tn_4096_56_2560_ld_2560_2560_4096,0.208420,0.124939,0.124590,current,0.124939,1.0000,Gemm_Rocblas_-1086326044,Gemm_Rocblas_-1086326097
tn_4096_5_2560_ld_2560_2560_4096,0.080950,0.091660,0.090360,dropped,,1.0000,,Gemm_Rocblas_-1086326223
tn_4096_60_2560_ld_2560_2560_4096,0.210280,0.125940,0.127380,current,0.125940,1.0000,Gemm_Rocblas_-1086326123,Gemm_Rocblas_-1086326109
tn_4096_64_2560_ld_2560_2560_4096,0.208860,0.116080,0.118110,current,0.116080,1.0000,Gemm_Rocblas_-1086326129,Gemm_Rocblas_-1086326129
tn_4096_6_2560_ld_2560_2560_4096,0.080910,0.089430,0.088310,dropped,,1.0000,,Gemm_Rocblas_-1086326223
tn_4096_784_2560_ld_2560_2560_4096,0.815019,0.784539,0.787659,current,0.784539,1.0000,Gemm_Rocblas_-1086326277,Gemm_Rocblas_-1086326268
tn_4096_788_2560_ld_2560_2560_4096,0.863729,0.824129,0.844310,current,0.824129,1.0000,Gemm_Rocblas_-1086326277,Gemm_Rocblas_-1086326268
tn_4096_789_2560_ld_2560_2560_4096,0.869969,0.840869,0.858620,current,0.840869,1.0000,Gemm_Rocblas_-1086326277,Gemm_Rocblas_-1086326268
tn_4096_7_2560_ld_2560_2560_4096,0.080850,0.087020,0.086010,dropped,,1.0000,,Gemm_Rocblas_-1086326218
tn_4096_804_2560_ld_2560_2560_4096,0.866649,0.831370,0.856580,current,0.831370,1.0000,Gemm_Rocblas_-1086326277,Gemm_Rocblas_-1086326268
tn_4096_8_2560_ld_2560_2560_4096,0.080940,0.085420,0.085590,dropped,,1.0000,,Default
tn_4096_9_2560_ld_2560_2560_4096,0.133340,0.099090,0.099540,current,0.099090,1.0000,Gemm_Rocblas_-1086326194,Gemm_Rocblas_-1086326175
tn_512_1024_2560_ld_2560_2560_512,0.179700,0.149790,0.147140,current,0.149790,1.0000,Gemm_Rocblas_-1086326046,Gemm_Rocblas_-1086326082
tn_512_1025_2560_ld_2560_2560_512,0.174350,0.153800,0.151730,current,0.153800,1.0000,Gemm_Rocblas_-1086326046,Gemm_Rocblas_-1086326098
tn_512_1026_2560_ld_2560_2560_512,0.175150,0.186170,0.156460,new,0.156460,1.1899,,Gemm_Rocblas_-1086326098
tn_512_1027_2560_ld_2560_2560_512,0.172550,0.153030,0.157610,current,0.153030,1.0000,Gemm_Rocblas_-1086326046,Gemm_Rocblas_-1086326098
tn_512_1028_2560_ld_2560_2560_512,0.181150,0.188419,0.156190,new,0.156190,1.2063,,Gemm_Rocblas_-1086326098
tn_512_1029_2560_ld_2560_2560_512,0.174080,0.161990,0.156890,new,0.156890,1.0325,Gemm_Rocblas_-1086326045,Gemm_Rocblas_-1086326098
tn_512_1030_2560_ld_2560_2560_512,0.177150,0.206319,0.158089,new,0.158089,1.3051,,Gemm_Rocblas_-1086326098
tn_512_1031_2560_ld_2560_2560_512,0.178659,0.155040,0.162930,current,0.155040,1.0000,Gemm_Rocblas_-1086326046,Gemm_Rocblas_-1086326098
tn_512_1033_2560_ld_2560_2560_512,0.187159,0.192280,0.162430,new,0.162430,1.1838,,Gemm_Rocblas_-1086326098
tn_512_1036_2560_ld_2560_2560_512,0.182510,0.159780,0.162550,current,0.159780,1.0000,Gemm_Rocblas_-1086326045,Gemm_Rocblas_-1086326098
tn_512_1039_2560_ld_2560_2560_512,0.182650,0.193089,0.163700,new,0.163700,1.1795,,Gemm_Rocblas_-1086326098
tn_512_1042_2560_ld_2560_2560_512,0.178000,0.162780,0.162120,current,0.162780,1.0000,Gemm_Rocblas_-1086326045,Gemm_Rocblas_-1086326098
tn_512_1045_2560_ld_2560_2560_512,0.181040,0.163140,0.160580,current,0.163140,1.0000,Gemm_Rocblas_-1086326045,Gemm_Rocblas_-1086326098
tn_512_1125_2560_ld_2560_2560_512,0.181250,0.164570,0.164950,current,0.164570,1.0000,Gemm_Rocblas_-1086326045,Gemm_Rocblas_-1086326098
tn_512_121_2560_ld_2560_2560_512,0.121470,0.068830,0.068789,current,0.068830,1.0000,Gemm_Rocblas_-1086326129,Gemm_Rocblas_-1086326129
tn_512_1264_2560_ld_2560_2560_512,0.245170,0.214280,0.205500,new,0.205500,1.0427,Gemm_Rocblas_-1086326082,Gemm_Rocblas_-1086326128
tn_512_1295_2560_ld_2560_2560_512,0.243300,0.212460,0.217670,current,0.212460,1.0000,Gemm_Rocblas_-1086326082,Gemm_Rocblas_-1086326082
tn_512_12_2560_ld_2560_2560_512,0.095990,0.045120,0.045390,current,0.045120,1.0000,Gemm_Rocblas_-1086326200,Gemm_Rocblas_-1086326200
tn_512_1323_2560_ld_2560_2560_512,0.247330,0.215590,0.217180,current,0.215590,1.0000,Gemm_Rocblas_-1086326082,Gemm_Rocblas_-1086326082
tn_512_1324_2560_ld_2560_2560_512,0.248319,0.219680,0.215630,current,0.219680,1.0000,Gemm_Rocblas_-1086326082,Gemm_Rocblas_-1086326082
tn_512_1325_2560_ld_2560_2560_512,0.246090,0.219849,0.223720,current,0.219849,1.0000,Gemm_Rocblas_-1086326082,Gemm_Rocblas_-1086326082
tn_512_1392_2560_ld_2560_2560_512,0.255100,0.234690,0.219300,new,0.219300,1.0702,Gemm_Rocblas_-1086326044,Gemm_Rocblas_-1086326082
tn_512_1399_2560_ld_2560_2560_512,0.257019,0.224130,0.225999,current,0.224130,1.0000,Gemm_Rocblas_-1086326082,Gemm_Rocblas_-1086326082
tn_512_1445_2560_ld_2560_2560_512,0.261800,0.230130,0.231340,current,0.230130,1.0000,Gemm_Rocblas_-1086326082,Gemm_Rocblas_-1086326082
tn_512_1495_2560_ld_2560_2560_512,0.264280,0.238920,0.228210,new,0.228210,1.0469,Gemm_Rocblas_-1086326044,Gemm_Rocblas_-1086326082
tn_512_1693_2560_ld_2560_2560_512,0.246390,0.253540,0.248660,current,0.253540,1.0000,Gemm_Rocblas_-1086326097,Gemm_Rocblas_-1086326097
tn_512_16_2560_ld_2560_2560_512,0.097910,0.045250,0.045210,current,0.045250,1.0000,Gemm_Rocblas_-1086326204,Gemm_Rocblas_-1086326204
tn_512_1_2560_ld_2560_2560_512,0.092010,0.024040,0.024200,current,0.024040,1.0000,Gemm_Rocblas_-9,Gemm_Rocblas_-9
tn_512_2045_2560_ld_2560_2560_512,0.258780,0.262760,0.266059,current,0.262760,1.0000,Gemm_Rocblas_-1086326047,Gemm_Rocblas_-1086326073
tn_512_2046_2560_ld_2560_2560_512,0.267140,0.264010,0.263360,current,0.264010,1.0000,Gemm_Rocblas_-1086326047,Gemm_Rocblas_-1086326073
tn_512_2047_2560_ld_2560_2560_512,0.271590,0.271490,0.260350,new,0.260350,1.0428,Gemm_Rocblas_-1086326073,Gemm_Rocblas_-1086326047
tn_512_2048_2560_ld_2560_2560_512,0.271339,0.255540,0.255820,current,0.255540,1.0000,Gemm_Rocblas_-1086326063,Gemm_Rocblas_-1086326047
tn_512_2066_2560_ld_2560_2560_512,0.275850,0.259889,0.258780,current,0.259889,1.0000,Gemm_Rocblas_-1086326047,Gemm_Rocblas_-1086326047
tn_512_2069_2560_ld_2560_2560_512,0.279040,0.262750,0.261930,current,0.262750,1.0000,Gemm_Rocblas_-1086326047,Gemm_Rocblas_-1086326047
tn_512_225_2560_ld_2560_2560_512,0.166980,0.074820,0.075500,current,0.074820,1.0000,Gemm_Rocblas_-1086326129,Gemm_Rocblas_-1086326137
tn_512_240_2560_ld_2560_2560_512,0.173580,0.075950,0.075980,current,0.075950,1.0000,Gemm_Rocblas_-1086326127,Gemm_Rocblas_-1086326127
tn_512_24_2560_ld_2560_2560_512,0.099870,0.050810,0.051220,current,0.050810,1.0000,Gemm_Rocblas_-1086326210,Gemm_Rocblas_-1086326210
tn_512_2_2560_ld_2560_2560_512,0.093540,0.048740,0.051170,current,0.048740,1.0000,Gemm_Rocblas_-1086326204,Gemm_Rocblas_-1086326212
tn_512_32_2560_ld_2560_2560_512,0.104110,0.051220,0.051780,current,0.051220,1.0000,Gemm_Rocblas_-1086326210,Gemm_Rocblas_-1086326202
tn_512_3_2560_ld_2560_2560_512,0.093359,0.048110,0.051250,current,0.048110,1.0000,Gemm_Rocblas_-1086326200,Gemm_Rocblas_-1086326212
tn_512_43_2560_ld_2560_2560_512,0.108210,0.065060,0.065420,current,0.065060,1.0000,Gemm_Rocblas_-1086326200,Gemm_Rocblas_-1086326210
tn_512_44_2560_ld_2560_2560_512,0.105610,0.059640,0.064980,current,0.059640,1.0000,Gemm_Rocblas_-1086326200,Gemm_Rocblas_-1086326205
tn_512_4_2560_ld_2560_2560_512,0.090780,0.047790,0.047930,current,0.047790,1.0000,Gemm_Rocblas_-1086326200,Gemm_Rocblas_-1086326200
tn_512_56_2560_ld_2560_2560_512,0.106210,0.060090,0.064940,current,0.060090,1.0000,Gemm_Rocblas_-1086326205,Gemm_Rocblas_-1086326205
tn_512_5_2560_ld_2560_2560_512,0.092700,0.046980,0.046530,current,0.046980,1.0000,Gemm_Rocblas_-1086326200,Gemm_Rocblas_-1086326200
tn_512_60_2560_ld_2560_2560_512,0.114610,0.064850,0.065170,current,0.064850,1.0000,Gemm_Rocblas_-1086326205,Gemm_Rocblas_-1086326211
tn_512_64_2560_ld_2560_2560_512,0.109620,0.061600,0.065380,current,0.061600,1.0000,Gemm_Rocblas_-1086326211,Gemm_Rocblas_-1086326211
tn_512_692_2560_ld_2560_2560_512,0.220599,0.125410,0.137010,current,0.125410,1.0000,Gemm_Rocblas_-1086326134,Gemm_Rocblas_-1086326134
tn_512_6_2560_ld_2560_2560_512,0.093140,0.046329,0.046750,current,0.046329,1.0000,Gemm_Rocblas_-1086326200,Gemm_Rocblas_-1086326200
tn_512_701_2560_ld_2560_2560_512,0.220590,0.126940,0.127470,current,0.126940,1.0000,Gemm_Rocblas_-1086326134,Gemm_Rocblas_-1086326134
tn_512_704_2560_ld_2560_2560_512,0.220560,0.123470,0.125430,current,0.123470,1.0000,Gemm_Rocblas_-1086326134,Gemm_Rocblas_-1086326134
tn_512_784_2560_ld_2560_2560_512,0.165890,0.138339,0.138290,current,0.138339,1.0000,Gemm_Rocblas_-1086326082,Gemm_Rocblas_-1086326082
tn_512_788_2560_ld_2560_2560_512,0.166850,0.138330,0.137750,current,0.138330,1.0000,Gemm_Rocblas_-1086326082,Gemm_Rocblas_-1086326082
tn_512_789_2560_ld_2560_2560_512,0.166770,0.139360,0.139659,current,0.139360,1.0000,Gemm_Rocblas_-1086326082,Gemm_Rocblas_-1086326082
tn_512_7_2560_ld_2560_2560_512,0.092110,0.046150,0.045960,current,0.046150,1.0000,Gemm_Rocblas_-1086326200,Gemm_Rocblas_-1086326200
tn_512_804_2560_ld_2560_2560_512,0.168400,0.145990,0.139400,new,0.139400,1.0473,Gemm_Rocblas_-1086326046,Gemm_Rocblas_-1086326082
tn_512_8_2560_ld_2560_2560_512,0.092680,0.045310,0.045490,current,0.045310,1.0000,Gemm_Rocblas_-1086326200,Gemm_Rocblas_-1086326204
tn_512_9_2560_ld_2560_2560_512,0.095620,0.045290,0.047690,current,0.045290,1.0000,Gemm_Rocblas_-1086326204,Gemm_Rocblas_-1086326212
tn_62080_10_2560_ld_2560_2560_62080,2.779288,1.115559,1.118909,current,1.115559,1.0000,Gemm_Rocblas_-1086326159,Gemm_Rocblas_-1086326282
tn_62080_11_2560_ld_2560_2560_62080,2.790258,1.114749,1.123669,current,1.114749,1.0000,Gemm_Rocblas_-1086326177,Gemm_Rocblas_-1086326196
tn_62080_12_2560_ld_2560_2560_62080,2.791518,1.115419,1.114790,current,1.115419,1.0000,Gemm_Rocblas_-1086326177,Gemm_Rocblas_-1086326159
tn_62080_13_2560_ld_2560_2560_62080,2.794808,1.117939,1.120719,current,1.117939,1.0000,Gemm_Rocblas_-1086326196,Gemm_Rocblas_-1086326159
tn_62080_14_2560_ld_2560_2560_62080,2.797528,1.124759,1.127159,current,1.124759,1.0000,Gemm_Rocblas_-1086326159,Gemm_Rocblas_-1086326196
tn_62080_15_2560_ld_2560_2560_62080,2.797509,1.127549,1.129889,current,1.127549,1.0000,Gemm_Rocblas_-1086326159,Gemm_Rocblas_-1086326196
tn_62080_16_2560_ld_2560_2560_62080,2.799858,1.125919,1.131449,current,1.125919,1.0000,Gemm_Rocblas_-1086326159,Gemm_Rocblas_-1086326159
tn_62080_17_2560_ld_2560_2560_62080,2.801468,1.237929,1.229720,current,1.237929,1.0000,Gemm_Rocblas_-1086326246,Gemm_Rocblas_-1086326246
tn_62080_18_2560_ld_2560_2560_62080,2.801298,1.249759,1.238769,current,1.249759,1.0000,Gemm_Rocblas_-1086326246,Gemm_Rocblas_-1086326246
tn_62080_19_2560_ld_2560_2560_62080,2.813668,1.253779,1.246010,current,1.253779,1.0000,Gemm_Rocblas_-1086326246,Gemm_Rocblas_-1086326246
tn_62080_1_2560_ld_2560_2560_62080,2.722358,0.894039,0.898360,current,0.894039,1.0000,Gemm_Rocblas_-9,Gemm_Rocblas_-9
tn_62080_20_2560_ld_2560_2560_62080,2.814908,1.263689,1.251359,current,1.263689,1.0000,Gemm_Rocblas_-1086326246,Gemm_Rocblas_-1086326246
tn_62080_21_2560_ld_2560_2560_62080,2.813478,1.267649,1.263699,current,1.267649,1.0000,Gemm_Rocblas_-1086326246,Gemm_Rocblas_-1086326246
tn_62080_22_2560_ld_2560_2560_62080,2.816298,1.280199,1.271509,current,1.280199,1.0000,Gemm_Rocblas_-1086326246,Gemm_Rocblas_-1086326246
tn_62080_24_2560_ld_2560_2560_62080,2.824218,1.299150,1.290580,current,1.299150,1.0000,Gemm_Rocblas_-1086326246,Gemm_Rocblas_-1086326246
tn_62080_2_2560_ld_2560_2560_62080,2.744908,0.984980,0.978430,current,0.984980,1.0000,Gemm_Rocblas_-1086326223,Gemm_Rocblas_-1086326221
tn_62080_32_2560_ld_2560_2560_62080,2.843418,1.355359,1.355629,current,1.355359,1.0000,Gemm_Rocblas_-1086326064,Gemm_Rocblas_-1086326064
tn_62080_3_2560_ld_2560_2560_62080,2.769288,0.988129,0.986819,current,0.988129,1.0000,Gemm_Rocblas_-1086326223,Gemm_Rocblas_-1086326221
tn_62080_4_2560_ld_2560_2560_62080,2.768689,0.997249,0.996839,current,0.997249,1.0000,Gemm_Rocblas_-1086326223,Gemm_Rocblas_-1086326221
tn_62080_5_2560_ld_2560_2560_62080,2.771768,1.017889,1.015159,current,1.017889,1.0000,Gemm_Rocblas_-1086326221,Gemm_Rocblas_-1086326221
tn_62080_6_2560_ld_2560_2560_62080,2.771449,1.028110,1.021029,current,1.028110,1.0000,Gemm_Rocblas_-1086326221,Gemm_Rocblas_-1086326221
tn_62080_7_2560_ld_2560_2560_62080,2.771778,1.032220,1.026870,current,1.032220,1.0000,Gemm_Rocblas_-1086326221,Gemm_Rocblas_-1086326221
tn_62080_8_2560_ld_2560_2560_62080,2.776518,1.030560,1.033339,current,1.030560,1.0000,Gemm_Rocblas_-1086326223,Gemm_Rocblas_-1086326221
tn_62080_9_2560_ld_2560_2560_62080,2.775838,1.097159,1.097959,current,1.097159,1.0000,Gemm_Rocblas_-1086326282,Gemm_Rocblas_-1086326282
tn_640_1024_2560_ld_2560_2560_640,0.235630,0.203180,0.204210,current,0.203180,1.0000,Gemm_Rocblas_-1086326082,Gemm_Rocblas_-1086326082
tn_640_1025_2560_ld_2560_2560_640,0.238469,0.206850,0.208249,current,0.206850,1.0000,Gemm_Rocblas_-1086326085,Gemm_Rocblas_-1086326083
tn_640_1026_2560_ld_2560_2560_640,0.238270,0.259700,0.210890,new,0.210890,1.2314,,Gemm_Rocblas_-1086326083
tn_640_1027_2560_ld_2560_2560_640,0.235560,0.208340,0.213240,current,0.208340,1.0000,Gemm_Rocblas_-1086326085,Gemm_Rocblas_-1086326083
tn_640_1028_2560_ld_2560_2560_640,0.239370,0.262840,0.215749,new,0.215749,1.2183,,Gemm_Rocblas_-1086326083
tn_640_1029_2560_ld_2560_2560_640,0.237270,0.208749,0.216090,current,0.208749,1.0000,Gemm_Rocblas_-1086326083,Gemm_Rocblas_-1086326083
tn_640_1030_2560_ld_2560_2560_640,0.238340,0.262980,0.217090,new,0.217090,1.2114,,Gemm_Rocblas_-1086326083
tn_640_1031_2560_ld_2560_2560_640,0.239940,0.209750,0.218410,current,0.209750,1.0000,Gemm_Rocblas_-1086326085,Gemm_Rocblas_-1086326083
tn_640_1033_2560_ld_2560_2560_640,0.245700,0.262550,0.219180,new,0.219180,1.1979,,Gemm_Rocblas_-1086326083
tn_640_1036_2560_ld_2560_2560_640,0.247940,0.210170,0.218640,current,0.210170,1.0000,Gemm_Rocblas_-1086326083,Gemm_Rocblas_-1086326083
tn_640_1039_2560_ld_2560_2560_640,0.247610,0.265329,0.219210,new,0.219210,1.2104,,Gemm_Rocblas_-1086326083
tn_640_1042_2560_ld_2560_2560_640,0.248670,0.211800,0.220270,current,0.211800,1.0000,Gemm_Rocblas_-1086326083,Gemm_Rocblas_-1086326083
tn_640_1045_2560_ld_2560_2560_640,0.250559,0.215210,0.221720,current,0.215210,1.0000,Gemm_Rocblas_-1086326085,Gemm_Rocblas_-1086326083
tn_640_1125_2560_ld_2560_2560_640,0.254810,0.222360,0.226850,current,0.222360,1.0000,Gemm_Rocblas_-1086326085,Gemm_Rocblas_-1086326083
tn_640_121_2560_ld_2560_2560_640,0.125479,0.074310,0.073080,current,0.074310,1.0000,Gemm_Rocblas_-1086326140,Gemm_Rocblas_-1086326129
tn_640_12300_2560_ld_2560_2560_640,1.613059,1.643699,1.626989,current,1.643699,1.0000,Gemm_Rocblas_-1086326079,Gemm_Rocblas_-1086326063
tn_640_12312_2560_ld_2560_2560_640,1.628559,1.658498,1.645469,current,1.658498,1.0000,Gemm_Rocblas_-1086326079,Gemm_Rocblas_-1086326063
tn_640_1264_2560_ld_2560_2560_640,0.266220,0.248120,0.258899,current,0.248120,1.0000,Gemm_Rocblas_-1086326047,Gemm_Rocblas_-1086326097
tn_640_128_2560_ld_2560_2560_640,0.126620,0.070459,0.070820,current,0.070459,1.0000,Gemm_Rocblas_-1086326129,Gemm_Rocblas_-1086326129
tn_640_1295_2560_ld_2560_2560_640,0.282939,0.245200,0.269130,current,0.245200,1.0000,Gemm_Rocblas_-1086326047,Gemm_Rocblas_-1086326097
tn_640_12_2560_ld_2560_2560_640,0.096890,0.045730,0.045470,current,0.045730,1.0000,Gemm_Rocblas_-1086326204,Gemm_Rocblas_-1086326210
tn_640_1323_2560_ld_2560_2560_640,0.293220,0.246660,0.251140,current,0.246660,1.0000,Gemm_Rocblas_-1086326047,Gemm_Rocblas_-1086326047
tn_640_1324_2560_ld_2560_2560_640,0.287620,0.247740,0.250980,current,0.247740,1.0000,Gemm_Rocblas_-1086326047,Gemm_Rocblas_-1086326047
tn_640_1325_2560_ld_2560_2560_640,0.288460,0.249460,0.250850,current,0.249460,1.0000,Gemm_Rocblas_-1086326047,Gemm_Rocblas_-1086326047
tn_640_1392_2560_ld_2560_2560_640,0.313940,0.250500,0.251400,current,0.250500,1.0000,Gemm_Rocblas_-1086326047,Gemm_Rocblas_-1086326047
tn_640_1399_2560_ld_2560_2560_640,0.317490,0.252070,0.252540,current,0.252070,1.0000,Gemm_Rocblas_-1086326047,Gemm_Rocblas_-1086326047
tn_640_1445_2560_ld_2560_2560_640,0.308500,0.253680,0.253509,current,0.253680,1.0000,Gemm_Rocblas_-1086326047,Gemm_Rocblas_-1086326047
tn_640_1495_2560_ld_2560_2560_640,0.308870,0.254789,0.254650,current,0.254789,1.0000,Gemm_Rocblas_-1086326047,Gemm_Rocblas_-1086326047
tn_640_16384_2560_ld_2560_2560_640,2.233878,2.122138,2.118359,current,2.122138,1.0000,Gemm_Rocblas_-1086326063,Gemm_Rocblas_-1086326079
tn_640_16_2560_ld_2560_2560_640,0.099040,0.045400,0.045640,current,0.045400,1.0000,Gemm_Rocblas_-1086326204,Gemm_Rocblas_-1086326204
tn_640_1888_2560_ld_2560_2560_640,0.330990,0.337580,0.335970,current,0.337580,1.0000,Gemm_Rocblas_-1086326082,Gemm_Rocblas_-1086326082
tn_640_1_2560_ld_2560_2560_640,0.105070,0.024120,0.024040,current,0.024120,1.0000,Gemm_Rocblas_-9,Gemm_Rocblas_-9
tn_640_2046_2560_ld_2560_2560_640,0.342010,0.360289,0.359799,dropped,,1.0000,Gemm_Rocblas_-1086326268,Gemm_Rocblas_-1086326082
tn_640_2047_2560_ld_2560_2560_640,0.347390,0.359900,0.362970,dropped,,1.0000,Gemm_Rocblas_-1086326277,Gemm_Rocblas_-1086326082
tn_640_2048_2560_ld_2560_2560_640,0.348760,0.357940,0.350150,dropped,,1.0000,,Gemm_Rocblas_-1086326082
tn_640_2069_2560_ld_2560_2560_640,0.355010,0.360620,0.369619,current,0.360620,1.0000,Gemm_Rocblas_-1086326277,Gemm_Rocblas_-1086326082
tn_640_224_2560_ld_2560_2560_640,0.216340,0.089630,0.090100,current,0.089630,1.0000,Gemm_Rocblas_-1086326134,Gemm_Rocblas_-1086326140
tn_640_225_2560_ld_2560_2560_640,0.189650,0.090680,0.089930,current,0.090680,1.0000,Gemm_Rocblas_-1086326134,Gemm_Rocblas_-1086326140
tn_640_240_2560_ld_2560_2560_640,0.194300,0.091829,0.092960,current,0.091829,1.0000,Gemm_Rocblas_-1086326129,Gemm_Rocblas_-1086326140
tn_640_24_2560_ld_2560_2560_640,0.101350,0.054450,0.054609,current,0.054450,1.0000,Gemm_Rocblas_-1086326204,Gemm_Rocblas_-1086326210
tn_640_2_2560_ld_2560_2560_640,0.100659,0.048500,0.048900,current,0.048500,1.0000,Gemm_Rocblas_-1086326200,Gemm_Rocblas_-1086326200
tn_640_3073_2560_ld_2560_2560_640,0.466179,0.448740,0.461350,current,0.448740,1.0000,Gemm_Rocblas_-1086326047,Gemm_Rocblas_-1086326047
tn_640_3074_2560_ld_2560_2560_640,0.477450,0.457849,0.467460,current,0.457849,1.0000,Gemm_Rocblas_-1086326047,Gemm_Rocblas_-1086326047
tn_640_3075_2560_ld_2560_2560_640,0.487419,0.466590,0.469560,current,0.466590,1.0000,Gemm_Rocblas_-1086326047,Gemm_Rocblas_-1086326047
tn_640_3076_2560_ld_2560_2560_640,0.486179,0.468409,0.468570,current,0.468409,1.0000,Gemm_Rocblas_-1086326047,Gemm_Rocblas_-1086326047
tn_640_3077_2560_ld_2560_2560_640,0.487410,0.468010,0.468089,current,0.468010,1.0000,Gemm_Rocblas_-1086326047,Gemm_Rocblas_-1086326047
tn_640_3078_2560_ld_2560_2560_640,0.485580,0.468099,0.466650,current,0.468099,1.0000,Gemm_Rocblas_-1086326047,Gemm_Rocblas_-1086326047
tn_640_3079_2560_ld_2560_2560_640,0.483630,0.468800,0.466719,current,0.468800,1.0000,Gemm_Rocblas_-1086326047,Gemm_Rocblas_-1086326047
tn_640_3081_2560_ld_2560_2560_640,0.481759,0.468689,0.467029,current,0.468689,1.0000,Gemm_Rocblas_-1086326063,Gemm_Rocblas_-1086326047
tn_640_3084_2560_ld_2560_2560_640,0.479770,0.468559,0.466800,current,0.468559,1.0000,Gemm_Rocblas_-1086326047,Gemm_Rocblas_-1086326047
tn_640_3087_2560_ld_2560_2560_640,0.482910,0.464969,0.467900,current,0.464969,1.0000,Gemm_Rocblas_-1086326047,Gemm_Rocblas_-1086326047
tn_640_3090_2560_ld_2560_2560_640,0.477340,0.465009,0.466109,current,0.465009,1.0000,Gemm_Rocblas_-1086326047,Gemm_Rocblas_-1086326047
tn_640_3093_2560_ld_2560_2560_640,0.477910,0.465319,0.467049,current,0.465319,1.0000,Gemm_Rocblas_-1086326047,Gemm_Rocblas_-1086326047
tn_640_32_2560_ld_2560_2560_640,0.106860,0.054340,0.054820,current,0.054340,1.0000,Gemm_Rocblas_-1086326202,Gemm_Rocblas_-1086326200
tn_640_3_2560_ld_2560_2560_640,0.097110,0.048210,0.047590,current,0.048210,1.0000,Gemm_Rocblas_-1086326200,Gemm_Rocblas_-1086326204
tn_640_4096_2560_ld_2560_2560_640,0.641090,0.606360,0.605900,current,0.606360,1.0000,Gemm_Rocblas_-1086326277,Gemm_Rocblas_-1086326077
tn_640_4108_2560_ld_2560_2560_640,0.641049,0.615050,0.616750,current,0.615050,1.0000,Gemm_Rocblas_-1086326077,Gemm_Rocblas_-1086326077
tn_640_4120_2560_ld_2560_2560_640,0.640000,0.674189,0.620459,new,0.620459,1.0866,,Gemm_Rocblas_-1086326077
tn_640_4132_2560_ld_2560_2560_640,0.640629,0.655999,0.620150,new,0.620150,1.0578,,Gemm_Rocblas_-1086326077
tn_640_4144_2560_ld_2560_2560_640,0.640930,0.650940,0.622040,dropped,,1.0000,,Gemm_Rocblas_-1086326077
tn_640_4156_2560_ld_2560_2560_640,0.644649,0.651389,0.619700,new,0.619700,1.0511,,Gemm_Rocblas_-1086326077
tn_640_4168_2560_ld_2560_2560_640,0.643809,0.652430,0.618350,new,0.618350,1.0551,,Gemm_Rocblas_-1086326077
tn_640_4180_2560_ld_2560_2560_640,0.643520,0.654770,0.620100,new,0.620100,1.0559,,Gemm_Rocblas_-1086326077
tn_640_43_2560_ld_2560_2560_640,0.109200,0.065500,0.065250,current,0.065500,1.0000,Gemm_Rocblas_-1086326129,Gemm_Rocblas_-1086326129
tn_640_44_2560_ld_2560_2560_640,0.112630,0.065550,0.065590,current,0.065550,1.0000,Gemm_Rocblas_-1086326140,Gemm_Rocblas_-1086326140
tn_640_48_2560_ld_2560_2560_640,0.109870,0.065780,0.065490,current,0.065780,1.0000,Gemm_Rocblas_-1086326129,Gemm_Rocblas_-1086326129
tn_640_4_2560_ld_2560_2560_640,0.093910,0.047050,0.047120,current,0.047050,1.0000,Gemm_Rocblas_-1086326200,Gemm_Rocblas_-1086326204
tn_640_56_2560_ld_2560_2560_640,0.108679,0.065570,0.065040,current,0.065570,1.0000,Gemm_Rocblas_-1086326140,Gemm_Rocblas_-1086326129
tn_640_5_2560_ld_2560_2560_640,0.094460,0.046530,0.046590,current,0.046530,1.0000,Gemm_Rocblas_-1086326200,Gemm_Rocblas_-1086326200
tn_640_60_2560_ld_2560_2560_640,0.110180,0.065860,0.065410,current,0.065860,1.0000,Gemm_Rocblas_-1086326140,Gemm_Rocblas_-1086326129
tn_640_692_2560_ld_2560_2560_640,0.219920,0.146480,0.145549,current,0.146480,1.0000,Gemm_Rocblas_-1086326098,Gemm_Rocblas_-1086326046
tn_640_6_2560_ld_2560_2560_640,0.094030,0.046580,0.046730,current,0.046580,1.0000,Gemm_Rocblas_-1086326204,Gemm_Rocblas_-1086326204
tn_640_701_2560_ld_2560_2560_640,0.220220,0.146020,0.146950,current,0.146020,1.0000,Gemm_Rocblas_-1086326098,Gemm_Rocblas_-1086326098
tn_640_704_2560_ld_2560_2560_640,0.219890,0.144320,0.146530,current,0.144320,1.0000,Gemm_Rocblas_-1086326078,Gemm_Rocblas_-1086326098
tn_640_784_2560_ld_2560_2560_640,0.194840,0.149880,0.146670,current,0.149880,1.0000,Gemm_Rocblas_-1086326077,Gemm_Rocblas_-1086326124
tn_640_788_2560_ld_2560_2560_640,0.193820,0.148100,0.149790,current,0.148100,1.0000,Gemm_Rocblas_-1086326098,Gemm_Rocblas_-1086326098
tn_640_789_2560_ld_2560_2560_640,0.190060,0.151340,0.151610,current,0.151340,1.0000,Gemm_Rocblas_-1086326098,Gemm_Rocblas_-1086326098
tn_640_7_2560_ld_2560_2560_640,0.093840,0.045550,0.045840,current,0.045550,1.0000,Gemm_Rocblas_-1086326200,Gemm_Rocblas_-1086326204
tn_640_804_2560_ld_2560_2560_640,0.193630,0.153710,0.153370,current,0.153710,1.0000,Gemm_Rocblas_-1086326098,Gemm_Rocblas_-1086326098
tn_640_8192_2560_ld_2560_2560_640,1.088109,1.102929,1.122479,current,1.102929,1.0000,Gemm_Rocblas_-1086326063,Default
tn_640_8_2560_ld_2560_2560_640,0.093670,0.045689,0.045680,current,0.045689,1.0000,Gemm_Rocblas_-1086326200,Gemm_Rocblas_-1086326200
tn_640_96_2560_ld_2560_2560_640,0.128220,0.072110,0.072080,current,0.072110,1.0000,Gemm_Rocblas_-1086326129,Gemm_Rocblas_-1086326129
tn_640_9_2560_ld_2560_2560_640,0.095350,0.045700,0.045840,current,0.045700,1.0000,Gemm_Rocblas_-1086326204,Gemm_Rocblas_-1086326204
tn_864_6272_1152_ld_1152_1152_864,0.540000,0.551410,0.555249,current,0.551410,1.0000,Gemm_Rocblas_-1086326036,Gemm_Rocblas_-1086326069
