shape,heur_ms,current_ms,new_ms,decision,chosen_ms,gain_vs_current,current_solver,new_solver
nn_1_1024_2560_ld_1_2560_1,0.069470,0.024000,0.023960,current,0.024000,1.0000,Gemm_Rocblas_-9,Gemm_Rocblas_-9
nn_1_1025_2560_ld_1_2560_1,0.068670,0.023920,0.023920,current,0.023920,1.0000,Gemm_Rocblas_-9,Gemm_Rocblas_-9
nn_1_1027_2560_ld_1_2560_1,0.068790,0.024159,0.023960,current,0.024159,1.0000,Gemm_Rocblas_-9,Gemm_Rocblas_-9
nn_1_1029_2560_ld_1_2560_1,0.069470,0.023920,0.023960,current,0.023920,1.0000,Gemm_Rocblas_-9,Gemm_Rocblas_-9
nn_1_1031_2560_ld_1_2560_1,0.069340,0.024200,0.023920,current,0.024200,1.0000,Gemm_Rocblas_-9,Gemm_Rocblas_-9
nn_1_1036_2560_ld_1_2560_1,0.069560,0.023920,0.023920,current,0.023920,1.0000,Gemm_Rocblas_-9,Gemm_Rocblas_-9
nn_1_1042_2560_ld_1_2560_1,0.069550,0.023960,0.024000,current,0.023960,1.0000,Gemm_Rocblas_-9,Gemm_Rocblas_-9
nn_1_1045_2560_ld_1_2560_1,0.069270,0.023960,0.023960,current,0.023960,1.0000,Gemm_Rocblas_-9,Gemm_Rocblas_-9
nn_1_1125_2560_ld_1_2560_1,0.068990,0.024440,0.024200,current,0.024440,1.0000,Gemm_Rocblas_-9,Gemm_Rocblas_-9
nn_1_121_2560_ld_1_2560_1,0.069630,0.020880,0.021000,current,0.020880,1.0000,Gemm_Rocblas_-9,Gemm_Rocblas_-9
nn_1_1264_2560_ld_1_2560_1,0.072470,0.026200,0.026240,current,0.026200,1.0000,Gemm_Rocblas_-9,Gemm_Rocblas_-9
nn_1_1295_2560_ld_1_2560_1,0.072510,0.026400,0.026280,current,0.026400,1.0000,Gemm_Rocblas_-9,Gemm_Rocblas_-9
nn_1_12_2560_ld_1_2560_1,0.069670,0.020960,0.020960,current,0.020960,1.0000,Gemm_Rocblas_-9,Gemm_Rocblas_-9
nn_1_1323_2560_ld_1_2560_1,0.072390,0.026400,0.026560,current,0.026400,1.0000,Gemm_Rocblas_-9,Gemm_Rocblas_-9
nn_1_1324_2560_ld_1_2560_1,0.072750,0.026560,0.026400,current,0.026560,1.0000,Gemm_Rocblas_-9,Gemm_Rocblas_-9
nn_1_1325_2560_ld_1_2560_1,0.072510,0.026320,0.026480,current,0.026320,1.0000,Gemm_Rocblas_-9,Gemm_Rocblas_-9
nn_1_1392_2560_ld_1_2560_1,0.073430,0.026640,0.026600,current,0.026640,1.0000,Gemm_Rocblas_-9,Gemm_Rocblas_-9
nn_1_1399_2560_ld_1_2560_1,0.073710,0.026640,0.026800,current,0.026640,1.0000,Gemm_Rocblas_-9,Gemm_Rocblas_-9
nn_1_1445_2560_ld_1_2560_1,0.078390,0.028400,0.028280,current,0.028400,1.0000,Gemm_Rocblas_-9,Gemm_Rocblas_-9
nn_1_1495_2560_ld_1_2560_1,0.076880,0.028520,0.028480,current,0.028520,1.0000,Gemm_Rocblas_-9,Gemm_Rocblas_-9
nn_1_1693_2560_ld_1_2560_1,0.081340,0.029200,0.029120,current,0.029200,1.0000,Gemm_Rocblas_-9,Gemm_Rocblas_-9
nn_1_16_2560_ld_1_2560_1,0.069900,0.021200,0.021320,current,0.021200,1.0000,Gemm_Rocblas_-9,Gemm_Rocblas_-9
nn_1_1888_2560_ld_1_2560_1,0.083610,0.031720,0.031240,current,0.031720,1.0000,Gemm_Rocblas_-9,Gemm_Rocblas_-9
nn_1_1968_2560_ld_1_2560_1,0.084900,0.039320,0.031800,new,0.031800,1.2365,Gemm_Rocblas_-9,Gemm_Rocblas_-9
nn_1_1969_2560_ld_1_2560_1,0.084190,0.039320,0.033000,new,0.033000,1.1915,Gemm_Rocblas_-9,Gemm_Rocblas_-9
nn_1_1_2560_ld_1_2560_1,0.071120,0.075620,0.024680,new,0.024680,3.0640,,Gemm_Rocblas_-9
nn_1_2045_2560_ld_1_2560_1,0.083670,0.039560,0.040120,current,0.039560,1.0000,Gemm_Rocblas_-9,Gemm_Rocblas_-9
nn_1_2046_2560_ld_1_2560_1,0.084670,0.039720,0.040080,current,0.039720,1.0000,Gemm_Rocblas_-9,Gemm_Rocblas_-9
nn_1_2047_2560_ld_1_2560_1,0.084230,0.039840,0.039800,current,0.039840,1.0000,Gemm_Rocblas_-9,Gemm_Rocblas_-9
nn_1_2048_2560_ld_1_2560_1,0.084640,0.039680,0.040080,current,0.039680,1.0000,Gemm_Rocblas_-9,Gemm_Rocblas_-9
nn_1_2066_2560_ld_1_2560_1,0.084880,0.039640,0.039920,current,0.039640,1.0000,Gemm_Rocblas_-9,Gemm_Rocblas_-9
nn_1_2069_2560_ld_1_2560_1,0.083900,0.039640,0.040200,current,0.039640,1.0000,Gemm_Rocblas_-9,Gemm_Rocblas_-9
nn_1_225_2560_ld_1_2560_1,0.070120,0.021880,0.021360,new,0.021360,1.0243,Gemm_Rocblas_-9,Gemm_Rocblas_-9
nn_1_240_2560_ld_1_2560_1,0.070430,0.021960,0.021320,new,0.021320,1.0300,Gemm_Rocblas_-9,Gemm_Rocblas_-9
nn_1_24_2560_ld_1_2560_1,0.069780,0.021160,0.021200,current,0.021160,1.0000,Gemm_Rocblas_-9,Gemm_Rocblas_-9
nn_1_2_2560_ld_1_2560_1,0.070830,0.075650,0.021800,new,0.021800,3.4702,,Gemm_Rocblas_-9
nn_1_3073_2560_ld_1_2560_1,0.122750,0.045480,0.045280,current,0.045480,1.0000,Gemm_Rocblas_-9,Gemm_Rocblas_-9
nn_1_3074_2560_ld_1_2560_1,0.121280,0.045240,0.045280,current,0.045240,1.0000,Gemm_Rocblas_-9,Gemm_Rocblas_-9
nn_1_3075_2560_ld_1_2560_1,0.123030,0.045240,0.045240,current,0.045240,1.0000,Gemm_Rocblas_-9,Gemm_Rocblas_-9
nn_1_3076_2560_ld_1_2560_1,0.123410,0.045360,0.045240,current,0.045360,1.0000,Gemm_Rocblas_-9,Gemm_Rocblas_-9
nn_1_3077_2560_ld_1_2560_1,0.123680,0.045200,0.045240,current,0.045200,1.0000,Gemm_Rocblas_-9,Gemm_Rocblas_-9
nn_1_3078_2560_ld_1_2560_1,0.121950,0.045440,0.045200,current,0.045440,1.0000,Gemm_Rocblas_-9,Gemm_Rocblas_-9
nn_1_3079_2560_ld_1_2560_1,0.123800,0.045160,0.045240,current,0.045160,1.0000,Gemm_Rocblas_-9,Gemm_Rocblas_-9
nn_1_3081_2560_ld_1_2560_1,0.122759,0.045560,0.045240,current,0.045560,1.0000,Gemm_Rocblas_-9,Gemm_Rocblas_-9
nn_1_3084_2560_ld_1_2560_1,0.122380,0.045200,0.045200,current,0.045200,1.0000,Gemm_Rocblas_-9,Gemm_Rocblas_-9
nn_1_3087_2560_ld_1_2560_1,0.119240,0.045360,0.045240,current,0.045360,1.0000,Gemm_Rocblas_-9,Gemm_Rocblas_-9
nn_1_3090_2560_ld_1_2560_1,0.123390,0.045200,0.045320,current,0.045200,1.0000,Gemm_Rocblas_-9,Gemm_Rocblas_-9
nn_1_3093_2560_ld_1_2560_1,0.123630,0.045600,0.045360,current,0.045600,1.0000,Gemm_Rocblas_-9,Gemm_Rocblas_-9
nn_1_32_2560_ld_1_2560_1,0.070030,0.020920,0.020960,current,0.020920,1.0000,Gemm_Rocblas_-9,Gemm_Rocblas_-9
nn_1_3_2560_ld_1_2560_1,0.069430,0.074379,0.021360,new,0.021360,3.4822,,Gemm_Rocblas_-9
nn_1_4096_2560_ld_1_2560_1,0.163010,0.054360,0.054440,current,0.054360,1.0000,Gemm_Rocblas_-9,Gemm_Rocblas_-9
nn_1_43_2560_ld_1_2560_1,0.069830,0.021000,0.021000,current,0.021000,1.0000,Gemm_Rocblas_-9,Gemm_Rocblas_-9
nn_1_44_2560_ld_1_2560_1,0.069420,0.021160,0.021160,current,0.021160,1.0000,Gemm_Rocblas_-9,Gemm_Rocblas_-9
nn_1_4_2560_ld_1_2560_1,0.069310,0.074290,0.021120,new,0.021120,3.5175,,Gemm_Rocblas_-9
nn_1_56_2560_ld_1_2560_1,0.069540,0.021080,0.021080,current,0.021080,1.0000,Gemm_Rocblas_-9,Gemm_Rocblas_-9
nn_1_5_2560_ld_1_2560_1,0.069390,0.074210,0.021320,new,0.021320,3.4808,,Gemm_Rocblas_-9
nn_1_60_2560_ld_1_2560_1,0.069980,0.020880,0.021080,current,0.020880,1.0000,Gemm_Rocblas_-9,Gemm_Rocblas_-9
nn_1_64_2560_ld_1_2560_1,0.070040,0.021000,0.021120,current,0.021000,1.0000,Gemm_Rocblas_-9,Gemm_Rocblas_-9
nn_1_692_2560_ld_1_2560_1,0.071840,0.024200,0.024040,current,0.024200,1.0000,Gemm_Rocblas_-9,Gemm_Rocblas_-9
nn_1_6_2560_ld_1_2560_1,0.069520,0.074130,0.021320,new,0.021320,3.4770,,Gemm_Rocblas_-9
nn_1_701_2560_ld_1_2560_1,0.070870,0.023120,0.021800,new,0.021800,1.0606,Gemm_Rocblas_-9,Gemm_Rocblas_-9
nn_1_704_2560_ld_1_2560_1,0.070940,0.021360,0.021360,current,0.021360,1.0000,Gemm_Rocblas_-9,Gemm_Rocblas_-9
nn_1_784_2560_ld_1_2560_1,0.070020,0.021560,0.021600,current,0.021560,1.0000,Gemm_Rocblas_-9,Gemm_Rocblas_-9
nn_1_788_2560_ld_1_2560_1,0.070790,0.021560,0.021560,current,0.021560,1.0000,Gemm_Rocblas_-9,Gemm_Rocblas_-9
nn_1_789_2560_ld_1_2560_1,0.070580,0.021640,0.021600,current,0.021640,1.0000,Gemm_Rocblas_-9,Gemm_Rocblas_-9
nn_1_7_2560_ld_1_2560_1,0.069180,0.073920,0.021440,new,0.021440,3.4478,,Gemm_Rocblas_-9
nn_1_804_2560_ld_1_2560_1,0.069910,0.021640,0.021760,current,0.021640,1.0000,Gemm_Rocblas_-9,Gemm_Rocblas_-9
nn_1_8_2560_ld_1_2560_1,0.069230,0.074050,0.020920,new,0.020920,3.5397,,Gemm_Rocblas_-9
nn_1_9_2560_ld_1_2560_1,0.069470,0.021080,0.021000,current,0.021080,1.0000,Gemm_Rocblas_-9,Gemm_Rocblas_-9
tn_10240_1024_2560_ld_2560_2560_10240,8.849870,2.106720,2.293500,current,2.106720,1.0000,Gemm_Rocblas_-1086326047,Gemm_Rocblas_-1086326063
tn_10240_1024_320_ld_320_320_10240,0.239900,0.298380,0.299970,dropped,,1.0000,Default,Default
tn_10240_1025_2560_ld_2560_2560_10240,9.606479,2.509960,2.506939,current,2.509960,1.0000,Gemm_Rocblas_-1086326045,Gemm_Rocblas_-1086326045
tn_10240_1025_320_ld_320_320_10240,0.305120,0.335359,0.325250,dropped,,1.0000,Gemm_Rocblas_-1086326295,Gemm_Rocblas_-1086326295
tn_10240_1027_2560_ld_2560_2560_10240,9.708589,2.490300,2.511600,current,2.490300,1.0000,Gemm_Rocblas_-1086326045,Gemm_Rocblas_-1086326045
tn_10240_1027_320_ld_320_320_10240,0.304600,0.380490,0.338510,dropped,,1.0000,Default,Gemm_Rocblas_-1086326295
tn_10240_1029_2560_ld_2560_2560_10240,9.642849,2.505590,2.508149,current,2.505590,1.0000,Gemm_Rocblas_-1086326045,Gemm_Rocblas_-1086326045
tn_10240_1029_320_ld_320_320_10240,0.306080,0.334130,0.335650,dropped,,1.0000,Gemm_Rocblas_-1086326295,Gemm_Rocblas_-1086326295
tn_10240_1031_2560_ld_2560_2560_10240,9.664550,2.509040,2.513950,current,2.509040,1.0000,Gemm_Rocblas_-1086326045,Gemm_Rocblas_-1086326045
tn_10240_1031_320_ld_320_320_10240,0.308830,0.334320,0.335000,dropped,,1.0000,Gemm_Rocblas_-1086326295,Gemm_Rocblas_-1086326295
tn_10240_1036_2560_ld_2560_2560_10240,8.886250,2.510190,2.512940,current,2.510190,1.0000,Gemm_Rocblas_-1086326045,Gemm_Rocblas_-1086326045
tn_10240_1036_320_ld_320_320_10240,0.304090,0.334700,0.336320,dropped,,1.0000,Gemm_Rocblas_-1086326295,Gemm_Rocblas_-1086326295
tn_10240_1042_2560_ld_2560_2560_10240,10.632439,2.610569,2.516750,new,2.516750,1.0373,Gemm_Rocblas_-1086326047,Gemm_Rocblas_-1086326045
tn_10240_1042_320_ld_320_320_10240,0.308620,0.334500,0.335390,dropped,,1.0000,Gemm_Rocblas_-1086326295,Gemm_Rocblas_-1086326295
tn_10240_1045_2560_ld_2560_2560_10240,9.931059,2.514879,2.515159,current,2.514879,1.0000,Gemm_Rocblas_-1086326045,Gemm_Rocblas_-1086326045
tn_10240_1045_320_ld_320_320_10240,0.298610,0.320940,0.335740,dropped,,1.0000,Gemm_Rocblas_-1086326295,Gemm_Rocblas_-1086326295
tn_10240_1125_2560_ld_2560_2560_10240,2.707940,2.658539,2.554350,new,2.554350,1.0408,Default,Gemm_Rocblas_-1086326045
tn_10240_1125_320_ld_320_320_10240,0.307660,0.343950,0.345780,dropped,,1.0000,Gemm_Rocblas_-1086326054,Gemm_Rocblas_-1086326295
tn_10240_121_2560_ld_2560_2560_10240,1.486799,0.355120,0.355020,current,0.355120,1.0000,Gemm_Rocblas_-1086326077,Gemm_Rocblas_-1086326077
tn_10240_121_320_ld_320_320_10240,0.117560,0.080680,0.078950,new,0.078950,1.0219,Gemm_Rocblas_-1086326089,Gemm_Rocblas_-1086326116
tn_10240_1264_2560_ld_2560_2560_10240,2.680350,2.722480,2.717460,dropped,,1.0000,Default,Gemm_Rocblas_-1086326047
tn_10240_1264_320_ld_320_320_10240,0.389700,0.369860,0.407570,current,0.369860,1.0000,Gemm_Rocblas_-1086326295,Default
tn_10240_1295_2560_ld_2560_2560_10240,3.047470,3.111700,3.069869,dropped,,1.0000,Default,Gemm_Rocblas_-1086326045
tn_10240_1295_320_ld_320_320_10240,0.425140,0.401100,0.403070,current,0.401100,1.0000,Gemm_Rocblas_-1086326295,Gemm_Rocblas_-1086326295
tn_10240_12_2560_ld_2560_2560_10240,0.251860,0.185300,0.185350,current,0.185300,1.0000,Gemm_Rocblas_-1086326157,Gemm_Rocblas_-1086326282
tn_10240_12_320_ld_320_320_10240,0.095190,0.043340,0.042480,current,0.043340,1.0000,Gemm_Rocblas_-1086326152,Gemm_Rocblas_-1086326163
tn_10240_1323_2560_ld_2560_2560_10240,3.067130,3.135100,3.083090,dropped,,1.0000,Default,Gemm_Rocblas_-1086326045
tn_10240_1323_320_ld_320_320_10240,0.421380,0.398270,0.414900,current,0.398270,1.0000,Gemm_Rocblas_-1086326295,Gemm_Rocblas_-1086326295
tn_10240_1324_2560_ld_2560_2560_10240,3.063310,3.130960,3.107580,dropped,,1.0000,Default,Gemm_Rocblas_-1086326045
tn_10240_1324_320_ld_320_320_10240,0.424170,0.401870,0.414020,current,0.401870,1.0000,Gemm_Rocblas_-1086326295,Gemm_Rocblas_-1086326295
tn_10240_1325_2560_ld_2560_2560_10240,3.064529,3.130229,3.077810,dropped,,1.0000,Default,Gemm_Rocblas_-1086326045
tn_10240_1325_320_ld_320_320_10240,0.423310,0.399969,0.415080,current,0.399969,1.0000,Gemm_Rocblas_-1086326295,Gemm_Rocblas_-1086326295
tn_10240_1392_2560_ld_2560_2560_10240,3.090319,3.160229,3.115439,dropped,,1.0000,Default,Gemm_Rocblas_-1086326045
tn_10240_1392_320_ld_320_320_10240,0.429290,0.403760,0.418000,current,0.403760,1.0000,Gemm_Rocblas_-1086326295,Gemm_Rocblas_-1086326295
tn_10240_1399_2560_ld_2560_2560_10240,3.087169,3.118859,3.130180,current,3.118859,1.0000,Gemm_Rocblas_-1086326268,Gemm_Rocblas_-1086326045
tn_10240_1399_320_ld_320_320_10240,0.434640,0.405790,0.421840,current,0.405790,1.0000,Gemm_Rocblas_-1086326295,Gemm_Rocblas_-1086326295
tn_10240_1445_2560_ld_2560_2560_10240,3.118290,3.169881,3.181519,dropped,,1.0000,Default,Gemm_Rocblas_-1086326047
tn_10240_1445_320_ld_320_320_10240,0.438820,0.447310,0.461960,current,0.447310,1.0000,Gemm_Rocblas_-1086326054,Default
tn_10240_1495_2560_ld_2560_2560_10240,3.139860,3.207179,3.218910,dropped,,1.0000,Default,Gemm_Rocblas_-1086326047
tn_10240_1495_320_ld_320_320_10240,0.448020,0.455210,0.460830,dropped,,1.0000,Default,Default
tn_10240_1693_2560_ld_2560_2560_10240,3.596470,3.672690,3.687450,current,3.672690,1.0000,Gemm_Rocblas_-1086326047,Default
tn_10240_1693_320_ld_320_320_10240,0.498670,0.503980,0.515790,current,0.503980,1.0000,Gemm_Rocblas_-1086326056,Default
tn_10240_16_2560_ld_2560_2560_10240,0.254220,0.185470,0.186290,current,0.185470,1.0000,Gemm_Rocblas_-1086326194,Gemm_Rocblas_-1086326282
tn_10240_16_320_ld_320_320_10240,0.094700,0.043130,0.043400,current,0.043130,1.0000,Gemm_Rocblas_-1086326178,Gemm_Rocblas_-1086326170
tn_10240_1888_2560_ld_2560_2560_10240,4.059730,4.140649,4.168659,dropped,,1.0000,Default,Default
tn_10240_1888_320_ld_320_320_10240,0.554250,0.544610,0.569820,current,0.544610,1.0000,Gemm_Rocblas_-1086326295,Default
tn_10240_1968_2560_ld_2560_2560_10240,4.120440,4.195859,4.197359,dropped,,1.0000,Default,Default
tn_10240_1968_320_ld_320_320_10240,0.568150,0.579820,0.586380,dropped,,1.0000,Default,Default
tn_10240_1969_2560_ld_2560_2560_10240,4.114569,4.261890,4.204060,dropped,,1.0000,Gemm_Rocblas_-1086326040,Default
tn_10240_1969_320_ld_320_320_10240,0.573350,0.584939,0.587250,dropped,,1.0000,Default,Default
tn_10240_1_2560_ld_2560_2560_10240,0.257920,0.268100,0.130640,new,0.130640,2.0522,,Gemm_Rocblas_-9
tn_10240_1_320_ld_320_320_10240,0.119800,0.124130,0.044140,new,0.044140,2.8122,,Gemm_Rocblas_-1086326220
tn_10240_2045_2560_ld_2560_2560_10240,4.141080,4.229199,4.223610,dropped,,1.0000,Default,Gemm_Rocblas_-1086326047
tn_10240_2045_320_ld_320_320_10240,0.585630,0.574940,0.600720,current,0.574940,1.0000,Gemm_Rocblas_-1086326056,Default
tn_10240_2046_2560_ld_2560_2560_10240,4.142079,4.224329,4.220569,dropped,,1.0000,Default,Default
tn_10240_2046_320_ld_320_320_10240,0.583970,0.598060,0.595850,dropped,,1.0000,Default,Default
tn_10240_2047_2560_ld_2560_2560_10240,4.143890,4.224310,4.224309,dropped,,1.0000,Default,Default
tn_10240_2047_320_ld_320_320_10240,0.585700,0.582580,0.602450,current,0.582580,1.0000,Gemm_Rocblas_-1086326056,Default
tn_10240_2048_2560_ld_2560_2560_10240,4.112150,4.194680,4.194080,dropped,,1.0000,Default,Default
tn_10240_2048_320_ld_320_320_10240,0.556160,0.570460,0.569700,dropped,,1.0000,Default,Default
tn_10240_2066_2560_ld_2560_2560_10240,4.518940,4.602680,4.640000,dropped,,1.0000,Default,Default
tn_10240_2066_320_ld_320_320_10240,0.617630,0.613890,0.631420,current,0.613890,1.0000,Gemm_Rocblas_-1086326295,Default
tn_10240_2069_2560_ld_2560_2560_10240,4.532380,4.625129,4.639769,dropped,,1.0000,Default,Default
tn_10240_2069_320_ld_320_320_10240,0.611150,0.605900,0.630880,current,0.605900,1.0000,Gemm_Rocblas_-1086326295,Default
tn_10240_225_2560_ld_2560_2560_10240,2.254350,0.582850,0.586619,current,0.582850,1.0000,Gemm_Rocblas_-1086326077,Gemm_Rocblas_-1086326077
tn_10240_225_320_ld_320_320_10240,0.130300,0.109790,0.110100,current,0.109790,1.0000,Gemm_Rocblas_-1086326044,Gemm_Rocblas_-1086326044
tn_10240_240_2560_ld_2560_2560_10240,2.143120,0.619650,0.616939,current,0.619650,1.0000,Gemm_Rocblas_-1086326277,Gemm_Rocblas_-1086326077
tn_10240_240_320_ld_320_320_10240,0.136770,0.120600,0.117160,new,0.117160,1.0294,Gemm_Rocblas_-1086326044,Gemm_Rocblas_-1086326070
tn_10240_24_2560_ld_2560_2560_10240,0.298600,0.194140,0.194390,current,0.194140,1.0000,Gemm_Rocblas_-1086326246,Gemm_Rocblas_-1086326246
tn_10240_24_320_ld_320_320_10240,0.095340,0.045170,0.045000,current,0.045170,1.0000,Gemm_Rocblas_-1086326243,Gemm_Rocblas_-1086326241
tn_10240_2_2560_ld_2560_2560_10240,0.239470,0.240350,0.198790,new,0.198790,1.2091,,Gemm_Rocblas_-1086326223
tn_10240_2_320_ld_320_320_10240,0.106320,0.110350,0.042370,new,0.042370,2.6044,,Gemm_Rocblas_-1086326222
tn_10240_3073_2560_ld_2560_2560_10240,6.576309,6.695059,6.708249,dropped,,1.0000,Default,Default
tn_10240_3073_320_ld_320_320_10240,0.878020,0.896109,0.893110,dropped,,1.0000,Default,Gemm_Rocblas_-1086326056
tn_10240_3074_2560_ld_2560_2560_10240,6.573950,6.695849,6.716299,dropped,,1.0000,Default,Gemm_Rocblas_-1086326047
tn_10240_3074_320_ld_320_320_10240,0.879140,0.897870,0.894300,dropped,,1.0000,Default,Gemm_Rocblas_-1086326056
tn_10240_3075_2560_ld_2560_2560_10240,6.574319,6.696949,6.712450,dropped,,1.0000,Default,Default
tn_10240_3075_320_ld_320_320_10240,0.877990,0.898230,0.892710,dropped,,1.0000,Default,Gemm_Rocblas_-1086326056
tn_10240_3076_2560_ld_2560_2560_10240,6.569290,6.703559,6.713039,dropped,,1.0000,Default,Default
tn_10240_3076_320_ld_320_320_10240,0.879130,0.896820,0.894240,current,0.896820,1.0000,Gemm_Rocblas_-1086326056,Gemm_Rocblas_-1086326056
tn_10240_3077_2560_ld_2560_2560_10240,6.578899,6.700339,6.709529,dropped,,1.0000,Default,Default
tn_10240_3077_320_ld_320_320_10240,0.878790,0.898230,0.896380,dropped,,1.0000,Default,Gemm_Rocblas_-1086326056
tn_10240_3078_2560_ld_2560_2560_10240,6.577569,6.704379,6.716269,dropped,,1.0000,Default,Default
tn_10240_3078_320_ld_320_320_10240,0.878430,0.898360,0.896020,dropped,,1.0000,Default,Gemm_Rocblas_-1086326056
tn_10240_3079_2560_ld_2560_2560_10240,6.585990,6.699799,6.713629,dropped,,1.0000,Default,Gemm_Rocblas_-1086326047
tn_10240_3079_320_ld_320_320_10240,0.879810,0.897980,0.896790,dropped,,1.0000,Default,Gemm_Rocblas_-1086326056
tn_10240_3081_2560_ld_2560_2560_10240,6.580290,6.707509,6.714389,dropped,,1.0000,Default,Default
tn_10240_3081_320_ld_320_320_10240,0.878430,0.898550,0.899610,dropped,,1.0000,Default,Gemm_Rocblas_-1086326056
tn_10240_3084_2560_ld_2560_2560_10240,6.586280,6.698359,6.715620,dropped,,1.0000,Default,Default
tn_10240_3084_320_ld_320_320_10240,0.877890,0.898530,0.898580,dropped,,1.0000,Default,Gemm_Rocblas_-1086326056
tn_10240_3087_2560_ld_2560_2560_10240,6.575899,6.705379,6.718489,dropped,,1.0000,Default,Default
tn_10240_3087_320_ld_320_320_10240,0.876940,0.896930,0.897060,dropped,,1.0000,Default,Gemm_Rocblas_-1086326056
tn_10240_3090_2560_ld_2560_2560_10240,6.569509,6.709250,6.715869,dropped,,1.0000,Default,Default
tn_10240_3090_320_ld_320_320_10240,0.879840,0.898910,0.896850,dropped,,1.0000,Default,Gemm_Rocblas_-1086326056
tn_10240_3093_2560_ld_2560_2560_10240,6.577349,6.707630,6.722330,dropped,,1.0000,Default,Default
tn_10240_3093_320_ld_320_320_10240,0.880360,0.898160,0.896750,dropped,,1.0000,Default,Gemm_Rocblas_-1086326056
tn_10240_32_2560_ld_2560_2560_10240,0.301770,0.202380,0.204030,current,0.202380,1.0000,Gemm_Rocblas_-1086326246,Gemm_Rocblas_-1086326246
tn_10240_32_320_ld_320_320_10240,0.096060,0.044220,0.044320,current,0.044220,1.0000,Gemm_Rocblas_-1086326242,Gemm_Rocblas_-1086326241
tn_10240_3_2560_ld_2560_2560_10240,0.225510,0.229650,0.163120,new,0.163120,1.4079,,Gemm_Rocblas_-1086326221
tn_10240_3_320_ld_320_320_10240,0.098880,0.103590,0.041310,new,0.041310,2.5076,,Gemm_Rocblas_-1086326217
tn_10240_4096_2560_ld_2560_2560_10240,8.224369,8.404319,8.449489,dropped,,1.0000,Default,Gemm_Rocblas_-1086326047
tn_10240_4096_320_ld_320_320_10240,1.083570,1.099090,1.100439,current,1.099090,1.0000,Gemm_Rocblas_-1086326056,Gemm_Rocblas_-1086326040
tn_10240_43_2560_ld_2560_2560_10240,0.472760,0.217430,0.212860,new,0.212860,1.0215,Gemm_Rocblas_-1086326044,Gemm_Rocblas_-1086326097
tn_10240_43_320_ld_320_320_10240,0.098270,0.058930,0.059140,current,0.058930,1.0000,Gemm_Rocblas_-1086326262,Gemm_Rocblas_-1086326262
tn_10240_44_2560_ld_2560_2560_10240,0.466800,0.220230,0.216880,current,0.220230,1.0000,Gemm_Rocblas_-1086326044,Gemm_Rocblas_-1086326097
tn_10240_44_320_ld_320_320_10240,0.101630,0.058810,0.059390,current,0.058810,1.0000,Gemm_Rocblas_-1086326262,Gemm_Rocblas_-1086326262
tn_10240_4_2560_ld_2560_2560_10240,0.229230,0.236820,0.155560,new,0.155560,1.5224,,Gemm_Rocblas_-1086326221
tn_10240_4_320_ld_320_320_10240,0.094820,0.100620,0.041540,new,0.041540,2.4222,,Gemm_Rocblas_-1086326222
tn_10240_56_2560_ld_2560_2560_10240,0.496830,0.227380,0.223649,current,0.227380,1.0000,Gemm_Rocblas_-1086326044,Gemm_Rocblas_-1086326097
tn_10240_56_320_ld_320_320_10240,0.105210,0.058860,0.059110,current,0.058860,1.0000,Gemm_Rocblas_-1086326262,Gemm_Rocblas_-1086326262
tn_10240_5_2560_ld_2560_2560_10240,0.231560,0.239440,0.155330,new,0.155330,1.5415,,Gemm_Rocblas_-1086326221
tn_10240_5_320_ld_320_320_10240,0.095070,0.100410,0.041260,new,0.041260,2.4336,,Gemm_Rocblas_-1086326215
tn_10240_60_2560_ld_2560_2560_10240,0.511440,0.230880,0.228700,current,0.230880,1.0000,Gemm_Rocblas_-1086326044,Gemm_Rocblas_-1086326097
tn_10240_60_320_ld_320_320_10240,0.106760,0.060190,0.060150,current,0.060190,1.0000,Gemm_Rocblas_-1086326262,Gemm_Rocblas_-1086326120
tn_10240_64_2560_ld_2560_2560_10240,0.523180,0.223400,0.223250,current,0.223400,1.0000,Gemm_Rocblas_-1086326044,Gemm_Rocblas_-1086326097
tn_10240_64_320_ld_320_320_10240,0.107000,0.050190,0.050150,current,0.050190,1.0000,Gemm_Rocblas_-1086326033,Gemm_Rocblas_-1086326057
tn_10240_692_2560_ld_2560_2560_10240,5.860760,1.629710,1.631440,current,1.629710,1.0000,Gemm_Rocblas_-1086326063,Gemm_Rocblas_-1086326063
tn_10240_692_320_ld_320_320_10240,0.195260,0.233740,0.234790,dropped,,1.0000,Default,Default
tn_10240_6_2560_ld_2560_2560_10240,0.235730,0.240490,0.154800,new,0.154800,1.5536,,Gemm_Rocblas_-1086326218
tn_10240_6_320_ld_320_320_10240,0.094780,0.100240,0.042280,new,0.042280,2.3709,,Gemm_Rocblas_-1086326163
tn_10240_701_2560_ld_2560_2560_10240,6.275569,1.621530,1.618000,current,1.621530,1.0000,Gemm_Rocblas_-1086326063,Gemm_Rocblas_-1086326063
tn_10240_701_320_ld_320_320_10240,0.195320,0.244410,0.245210,dropped,,1.0000,Default,Default
tn_10240_704_2560_ld_2560_2560_10240,5.961189,1.633510,1.619819,current,1.633510,1.0000,Gemm_Rocblas_-1086326063,Gemm_Rocblas_-1086326063
tn_10240_704_320_ld_320_320_10240,0.193530,0.241280,0.241060,dropped,,1.0000,Default,Default
tn_10240_784_2560_ld_2560_2560_10240,6.599759,1.946279,1.957060,current,1.946279,1.0000,Gemm_Rocblas_-1086326045,Gemm_Rocblas_-1086326268
tn_10240_784_320_ld_320_320_10240,0.217720,0.265470,0.266729,dropped,,1.0000,Default,Default
tn_10240_788_2560_ld_2560_2560_10240,6.499890,1.944209,1.960519,current,1.944209,1.0000,Gemm_Rocblas_-1086326045,Gemm_Rocblas_-1086326045
tn_10240_788_320_ld_320_320_10240,0.217750,0.274700,0.275640,dropped,,1.0000,Default,Default
tn_10240_789_2560_ld_2560_2560_10240,7.168560,1.953960,1.967070,current,1.953960,1.0000,Gemm_Rocblas_-1086326045,Gemm_Rocblas_-1086326045
tn_10240_789_320_ld_320_320_10240,0.220750,0.273770,0.274320,dropped,,1.0000,Default,Default
tn_10240_7_2560_ld_2560_2560_10240,0.241640,0.247500,0.154840,new,0.154840,1.5984,,Gemm_Rocblas_-1086326218
tn_10240_7_320_ld_320_320_10240,0.094840,0.100460,0.041670,new,0.041670,2.4108,,Gemm_Rocblas_-1086326220
tn_10240_804_2560_ld_2560_2560_10240,6.760979,1.949390,1.955609,current,1.949390,1.0000,Gemm_Rocblas_-1086326045,Gemm_Rocblas_-1086326045
tn_10240_804_320_ld_320_320_10240,0.214980,0.271720,0.275150,dropped,,1.0000,Default,Default
tn_10240_8_2560_ld_2560_2560_10240,0.246860,0.253200,0.155390,new,0.155390,1.6294,,Gemm_Rocblas_-1086326218
tn_10240_8_320_ld_320_320_10240,0.094510,0.100490,0.041510,new,0.041510,2.4209,,Gemm_Rocblas_-1086326215
tn_10240_9_2560_ld_2560_2560_10240,0.245930,0.186180,0.185530,current,0.186180,1.0000,Gemm_Rocblas_-1086326159,Gemm_Rocblas_-1086326282
tn_10240_9_320_ld_320_320_10240,0.094940,0.042450,0.042760,current,0.042450,1.0000,Gemm_Rocblas_-1086326180,Gemm_Rocblas_-1086326236
tn_1076_12544_1152_ld_1152_1152_1076,1.309109,1.326920,1.315000,dropped,,1.0000,Default,Gemm_Rocblas_-1086326040
tn_1076_6272_1152_ld_1152_1152_1076,0.701660,0.716130,0.708470,dropped,,1.0000,Default,Gemm_Rocblas_-1086326295
tn_1152_12544_1076_ld_1076_1076_1152,1.253909,1.280459,1.250530,dropped,,1.0000,Default,Gemm_Rocblas_-1086326040
tn_1152_12544_1536_ld_1536_1536_1152,1.764170,1.795669,1.801760,dropped,,1.0000,Default,Gemm_Rocblas_-1086326079
tn_1152_12544_288_ld_288_288_1152,0.356100,0.367570,0.355219,dropped,,1.0000,Default,Default
tn_1152_1568_4608_ld_4608_4608_1152,0.855320,0.825470,0.818190,current,0.825470,1.0000,Gemm_Rocblas_-1086326063,Gemm_Rocblas_-1086326082
tn_1152_3136_4608_ld_4608_4608_1152,1.497390,1.532930,1.548690,current,1.532930,1.0000,Gemm_Rocblas_-1086326063,Gemm_Rocblas_-1086326268
tn_1152_6272_1076_ld_1076_1076_1152,0.631519,0.645530,0.656100,dropped,,1.0000,Default,Gemm_Rocblas_-1086326295
tn_1152_6272_1536_ld_1536_1536_1152,0.927490,0.945200,0.955500,dropped,,1.0000,Default,Gemm_Rocblas_-1086326063
tn_1152_6272_288_ld_288_288_1152,0.185010,0.192380,0.200920,dropped,,1.0000,Default,Default
tn_24_1024_2560_ld_2560_2560_24,0.115130,0.065230,0.065580,current,0.065230,1.0000,Gemm_Rocblas_-1086326202,Gemm_Rocblas_-1086326211
tn_24_1025_2560_ld_2560_2560_24,0.115080,0.065470,0.065100,current,0.065470,1.0000,Gemm_Rocblas_-1086326202,Gemm_Rocblas_-1086326205
tn_24_1027_2560_ld_2560_2560_24,0.114770,0.065590,0.065420,current,0.065590,1.0000,Gemm_Rocblas_-1086326202,Gemm_Rocblas_-1086326211
tn_24_1029_2560_ld_2560_2560_24,0.114980,0.065460,0.065350,current,0.065460,1.0000,Gemm_Rocblas_-1086326202,Gemm_Rocblas_-1086326202
tn_24_1031_2560_ld_2560_2560_24,0.114550,0.065570,0.066140,current,0.065570,1.0000,Gemm_Rocblas_-1086326202,Gemm_Rocblas_-1086326205
tn_24_1036_2560_ld_2560_2560_24,0.115000,0.064870,0.065260,current,0.064870,1.0000,Gemm_Rocblas_-1086326202,Gemm_Rocblas_-1086326202
tn_24_1042_2560_ld_2560_2560_24,0.114920,0.065550,0.065500,current,0.065550,1.0000,Gemm_Rocblas_-1086326202,Gemm_Rocblas_-1086326211
tn_24_1045_2560_ld_2560_2560_24,0.115100,0.065430,0.065990,current,0.065430,1.0000,Gemm_Rocblas_-1086326202,Gemm_Rocblas_-1086326202
tn_24_1125_2560_ld_2560_2560_24,0.115010,0.065240,0.065520,current,0.065240,1.0000,Gemm_Rocblas_-1086326202,Gemm_Rocblas_-1086326139
tn_24_121_2560_ld_2560_2560_24,0.065200,0.043420,0.044810,current,0.043420,1.0000,Gemm_Rocblas_-1086326201,Gemm_Rocblas_-1086326210
tn_24_1264_2560_ld_2560_2560_24,0.116280,0.071490,0.071780,current,0.071490,1.0000,Gemm_Rocblas_-1086326202,Gemm_Rocblas_-1086326202
tn_24_1295_2560_ld_2560_2560_24,0.116770,0.071720,0.072950,current,0.071720,1.0000,Gemm_Rocblas_-1086326202,Gemm_Rocblas_-1086326205
tn_24_12_2560_ld_2560_2560_24,0.064920,0.041940,0.041610,current,0.041940,1.0000,Gemm_Rocblas_-1086326212,Gemm_Rocblas_-1086326214
tn_24_1323_2560_ld_2560_2560_24,0.116520,0.071670,0.071830,current,0.071670,1.0000,Gemm_Rocblas_-1086326202,Gemm_Rocblas_-1086326202
tn_24_1324_2560_ld_2560_2560_24,0.116780,0.071800,0.072740,current,0.071800,1.0000,Gemm_Rocblas_-1086326202,Gemm_Rocblas_-1086326205
tn_24_1325_2560_ld_2560_2560_24,0.116160,0.071870,0.073070,current,0.071870,1.0000,Gemm_Rocblas_-1086326202,Gemm_Rocblas_-1086326211
tn_24_1392_2560_ld_2560_2560_24,0.116910,0.071710,0.071750,current,0.071710,1.0000,Gemm_Rocblas_-1086326202,Gemm_Rocblas_-1086326202
tn_24_1399_2560_ld_2560_2560_24,0.116680,0.071710,0.071920,current,0.071710,1.0000,Gemm_Rocblas_-1086326202,Gemm_Rocblas_-1086326202
tn_24_1445_2560_ld_2560_2560_24,0.116880,0.071150,0.071110,current,0.071150,1.0000,Gemm_Rocblas_-1086326139,Gemm_Rocblas_-1086326139
tn_24_1495_2560_ld_2560_2560_24,0.118000,0.071520,0.071150,current,0.071520,1.0000,Gemm_Rocblas_-1086326139,Gemm_Rocblas_-1086326139
tn_24_1693_2560_ld_2560_2560_24,0.117890,0.071790,0.071990,current,0.071790,1.0000,Gemm_Rocblas_-1086326139,Gemm_Rocblas_-1086326139
tn_24_16_2560_ld_2560_2560_24,0.065630,0.041370,0.041420,current,0.041370,1.0000,Gemm_Rocblas_-1086326201,Gemm_Rocblas_-1086326214
tn_24_1888_2560_ld_2560_2560_24,0.137250,0.075120,0.075790,current,0.075120,1.0000,Gemm_Rocblas_-1086326139,Gemm_Rocblas_-1086326139
tn_24_1968_2560_ld_2560_2560_24,0.136680,0.076010,0.076020,current,0.076010,1.0000,Gemm_Rocblas_-1086326139,Gemm_Rocblas_-1086326139
tn_24_1969_2560_ld_2560_2560_24,0.136930,0.075760,0.075830,current,0.075760,1.0000,Gemm_Rocblas_-1086326139,Gemm_Rocblas_-1086326139
tn_24_1_2560_ld_2560_2560_24,0.065410,0.070150,0.024360,new,0.024360,2.8797,,Gemm_Rocblas_-9
tn_24_2045_2560_ld_2560_2560_24,0.137090,0.076320,0.076030,current,0.076320,1.0000,Gemm_Rocblas_-1086326139,Gemm_Rocblas_-1086326139
tn_24_2046_2560_ld_2560_2560_24,0.137160,0.076330,0.075650,current,0.076330,1.0000,Gemm_Rocblas_-1086326139,Gemm_Rocblas_-1086326139
tn_24_2047_2560_ld_2560_2560_24,0.137080,0.075950,0.075830,current,0.075950,1.0000,Gemm_Rocblas_-1086326139,Gemm_Rocblas_-1086326139
tn_24_2048_2560_ld_2560_2560_24,0.137410,0.076690,0.076350,current,0.076690,1.0000,Gemm_Rocblas_-1086326139,Gemm_Rocblas_-1086326139
tn_24_2066_2560_ld_2560_2560_24,0.137320,0.076150,0.076150,current,0.076150,1.0000,Gemm_Rocblas_-1086326139,Gemm_Rocblas_-1086326139
tn_24_2069_2560_ld_2560_2560_24,0.137160,0.075990,0.076230,current,0.075990,1.0000,Gemm_Rocblas_-1086326139,Gemm_Rocblas_-1086326139
tn_24_225_2560_ld_2560_2560_24,0.064840,0.045420,0.046290,current,0.045420,1.0000,Gemm_Rocblas_-1086326210,Gemm_Rocblas_-1086326200
tn_24_240_2560_ld_2560_2560_24,0.065990,0.045300,0.045950,current,0.045300,1.0000,Gemm_Rocblas_-1086326210,Gemm_Rocblas_-1086326200
tn_24_24_2560_ld_2560_2560_24,0.064840,0.041750,0.041449,current,0.041750,1.0000,Gemm_Rocblas_-1086326201,Gemm_Rocblas_-1086326201
tn_24_2_2560_ld_2560_2560_24,0.064600,0.069140,0.040970,new,0.040970,1.6876,,Gemm_Rocblas_-1086326201
tn_24_3073_2560_ld_2560_2560_24,0.154460,0.088580,0.088410,current,0.088580,1.0000,Gemm_Rocblas_-1086326246,Gemm_Rocblas_-1086326246
tn_24_3074_2560_ld_2560_2560_24,0.154280,0.087790,0.088070,current,0.087790,1.0000,Gemm_Rocblas_-1086326246,Gemm_Rocblas_-1086326246
tn_24_3075_2560_ld_2560_2560_24,0.154480,0.088280,0.087870,current,0.088280,1.0000,Gemm_Rocblas_-1086326246,Gemm_Rocblas_-1086326246
tn_24_3076_2560_ld_2560_2560_24,0.154290,0.088080,0.088250,current,0.088080,1.0000,Gemm_Rocblas_-1086326246,Gemm_Rocblas_-1086326246
tn_24_3077_2560_ld_2560_2560_24,0.154370,0.087810,0.088210,current,0.087810,1.0000,Gemm_Rocblas_-1086326246,Gemm_Rocblas_-1086326246
tn_24_3078_2560_ld_2560_2560_24,0.154490,0.088140,0.088390,current,0.088140,1.0000,Gemm_Rocblas_-1086326246,Gemm_Rocblas_-1086326246
tn_24_3079_2560_ld_2560_2560_24,0.154410,0.088350,0.088470,current,0.088350,1.0000,Gemm_Rocblas_-1086326246,Gemm_Rocblas_-1086326246
tn_24_3081_2560_ld_2560_2560_24,0.154200,0.088650,0.088480,current,0.088650,1.0000,Gemm_Rocblas_-1086326246,Gemm_Rocblas_-1086326246
tn_24_3084_2560_ld_2560_2560_24,0.154360,0.087630,0.088250,current,0.087630,1.0000,Gemm_Rocblas_-1086326246,Gemm_Rocblas_-1086326246
tn_24_3087_2560_ld_2560_2560_24,0.154610,0.088770,0.087970,current,0.088770,1.0000,Gemm_Rocblas_-1086326246,Gemm_Rocblas_-1086326246
tn_24_3090_2560_ld_2560_2560_24,0.154370,0.088190,0.087870,current,0.088190,1.0000,Gemm_Rocblas_-1086326246,Gemm_Rocblas_-1086326246
tn_24_3093_2560_ld_2560_2560_24,0.154520,0.087740,0.087770,current,0.087740,1.0000,Gemm_Rocblas_-1086326246,Gemm_Rocblas_-1086326246
tn_24_32_2560_ld_2560_2560_24,0.065430,0.041620,0.041540,current,0.041620,1.0000,Gemm_Rocblas_-1086326201,Gemm_Rocblas_-1086326214
tn_24_3_2560_ld_2560_2560_24,0.064550,0.069110,0.040940,new,0.040940,1.6881,,Gemm_Rocblas_-1086326206
tn_24_4096_2560_ld_2560_2560_24,0.133960,0.098870,0.099040,current,0.098870,1.0000,Gemm_Rocblas_-1086326246,Gemm_Rocblas_-1086326246
tn_24_43_2560_ld_2560_2560_24,0.064880,0.041900,0.041260,current,0.041900,1.0000,Gemm_Rocblas_-1086326201,Gemm_Rocblas_-1086326201
tn_24_44_2560_ld_2560_2560_24,0.065280,0.041630,0.041300,current,0.041630,1.0000,Gemm_Rocblas_-1086326206,Gemm_Rocblas_-1086326201
tn_24_4_2560_ld_2560_2560_24,0.064550,0.069030,0.040770,new,0.040770,1.6932,,Gemm_Rocblas_-1086326201
tn_24_56_2560_ld_2560_2560_24,0.064670,0.041710,0.041130,current,0.041710,1.0000,Gemm_Rocblas_-1086326212,Gemm_Rocblas_-1086326206
tn_24_5_2560_ld_2560_2560_24,0.064240,0.069130,0.041020,new,0.041020,1.6853,,Gemm_Rocblas_-1086326201
tn_24_60_2560_ld_2560_2560_24,0.065270,0.041700,0.041380,current,0.041700,1.0000,Gemm_Rocblas_-1086326201,Gemm_Rocblas_-1086326201
tn_24_64_2560_ld_2560_2560_24,0.065350,0.041660,0.041450,current,0.041660,1.0000,Gemm_Rocblas_-1086326201,Gemm_Rocblas_-1086326206
tn_24_692_2560_ld_2560_2560_24,0.114510,0.055060,0.054880,current,0.055060,1.0000,Gemm_Rocblas_-1086326202,Gemm_Rocblas_-1086326202
tn_24_6_2560_ld_2560_2560_24,0.064500,0.069600,0.041300,new,0.041300,1.6852,,Gemm_Rocblas_-1086326212
tn_24_701_2560_ld_2560_2560_24,0.114230,0.054750,0.055780,current,0.054750,1.0000,Gemm_Rocblas_-1086326202,Gemm_Rocblas_-1086326210
tn_24_704_2560_ld_2560_2560_24,0.114230,0.054910,0.055570,current,0.054910,1.0000,Gemm_Rocblas_-1086326202,Gemm_Rocblas_-1086326210
tn_24_784_2560_ld_2560_2560_24,0.114430,0.054870,0.055170,current,0.054870,1.0000,Gemm_Rocblas_-1086326202,Gemm_Rocblas_-1086326211
tn_24_788_2560_ld_2560_2560_24,0.114670,0.054950,0.055270,current,0.054950,1.0000,Gemm_Rocblas_-1086326202,Gemm_Rocblas_-1086326205
tn_24_789_2560_ld_2560_2560_24,0.114360,0.054950,0.054740,current,0.054950,1.0000,Gemm_Rocblas_-1086326202,Gemm_Rocblas_-1086326202
tn_24_7_2560_ld_2560_2560_24,0.064350,0.069480,0.040850,new,0.040850,1.7009,,Gemm_Rocblas_-1086326201
tn_24_804_2560_ld_2560_2560_24,0.114760,0.055000,0.054900,current,0.055000,1.0000,Gemm_Rocblas_-1086326202,Gemm_Rocblas_-1086326202
tn_24_8_2560_ld_2560_2560_24,0.064600,0.069070,0.040970,new,0.040970,1.6859,,Gemm_Rocblas_-1086326201
tn_24_9_2560_ld_2560_2560_24,0.064350,0.041870,0.040850,new,0.040850,1.0250,Gemm_Rocblas_-1086326212,Gemm_Rocblas_-1086326201
tn_2560_1024_1536_ld_1536_1536_2560,0.359980,0.374590,0.374540,dropped,,1.0000,Default,Default
tn_2560_1024_160_ld_160_160_2560,0.067520,0.069470,0.069000,current,0.069470,1.0000,Gemm_Rocblas_-1086326054,Gemm_Rocblas_-1086326075
tn_2560_1024_2560_ld_2560_2560_2560,0.646850,0.606570,0.611070,current,0.606570,1.0000,Gemm_Rocblas_-1086326277,Gemm_Rocblas_-1086326077
tn_2560_1025_1536_ld_1536_1536_2560,0.419730,0.428630,0.416479,dropped,,1.0000,Default,Gemm_Rocblas_-1086326098
tn_2560_1025_160_ld_160_160_2560,0.069800,0.071680,0.071710,current,0.071680,1.0000,Gemm_Rocblas_-1086326068,Gemm_Rocblas_-1086326068
tn_2560_1025_2560_ld_2560_2560_2560,0.655850,0.663190,0.677099,dropped,,1.0000,Default,Default
tn_2560_1027_1536_ld_1536_1536_2560,0.424150,0.429870,0.425850,dropped,,1.0000,Default,Gemm_Rocblas_-1086326098
tn_2560_1027_160_ld_160_160_2560,0.070280,0.075000,0.075890,dropped,,1.0000,Default,Default
tn_2560_1027_2560_ld_2560_2560_2560,0.659120,0.666000,0.678020,dropped,,1.0000,Default,Default
tn_2560_1029_1536_ld_1536_1536_2560,0.426340,0.433220,0.425160,dropped,,1.0000,Default,Gemm_Rocblas_-1086326098
tn_2560_1029_160_ld_160_160_2560,0.070620,0.075800,0.072550,dropped,,1.0000,Default,Gemm_Rocblas_-1086326068
tn_2560_1029_2560_ld_2560_2560_2560,0.656640,0.665090,0.676920,dropped,,1.0000,Default,Default
tn_2560_1031_1536_ld_1536_1536_2560,0.423410,0.434190,0.419910,dropped,,1.0000,Default,Gemm_Rocblas_-1086326098
tn_2560_1031_160_ld_160_160_2560,0.070320,0.072530,0.072540,dropped,,1.0000,Gemm_Rocblas_-1086326068,Gemm_Rocblas_-1086326068
tn_2560_1031_2560_ld_2560_2560_2560,0.655190,0.664510,0.678420,dropped,,1.0000,Default,Default
tn_2560_1036_1536_ld_1536_1536_2560,0.422940,0.431240,0.422460,dropped,,1.0000,Default,Gemm_Rocblas_-1086326098
tn_2560_1036_160_ld_160_160_2560,0.070340,0.074960,0.072750,dropped,,1.0000,Default,Gemm_Rocblas_-1086326068
tn_2560_1036_2560_ld_2560_2560_2560,0.656030,0.665100,0.680650,dropped,,1.0000,Default,Default
tn_2560_1042_1536_ld_1536_1536_2560,0.424290,0.434130,0.420919,dropped,,1.0000,Default,Gemm_Rocblas_-1086326098
tn_2560_1042_160_ld_160_160_2560,0.070530,0.075190,0.072530,dropped,,1.0000,Default,Gemm_Rocblas_-1086326068
tn_2560_1042_2560_ld_2560_2560_2560,0.657490,0.667760,0.680670,dropped,,1.0000,Default,Default
tn_2560_1045_1536_ld_1536_1536_2560,0.424390,0.434990,0.427580,dropped,,1.0000,Default,Gemm_Rocblas_-1086326098
tn_2560_1045_160_ld_160_160_2560,0.070800,0.075380,0.072870,dropped,,1.0000,Default,Gemm_Rocblas_-1086326068
tn_2560_1045_2560_ld_2560_2560_2560,0.658170,0.664660,0.678080,dropped,,1.0000,Default,Default
tn_2560_1125_1536_ld_1536_1536_2560,0.428740,0.436969,0.429300,dropped,,1.0000,Default,Gemm_Rocblas_-1086326098
tn_2560_1125_160_ld_160_160_2560,0.075130,0.077040,0.078129,current,0.077040,1.0000,Gemm_Rocblas_-1086326075,Gemm_Rocblas_-1086326075
tn_2560_1125_2560_ld_2560_2560_2560,0.668920,0.676750,0.689109,dropped,,1.0000,Default,Default
tn_2560_121_1536_ld_1536_1536_2560,0.122040,0.106770,0.106670,current,0.106770,1.0000,Gemm_Rocblas_-1086326122,Gemm_Rocblas_-1086326108
tn_2560_121_160_ld_160_160_2560,0.033320,0.036480,0.036940,dropped,,1.0000,Gemm_Rocblas_-1086326243,Gemm_Rocblas_-1086326253
tn_2560_121_2560_ld_2560_2560_2560,0.152950,0.149260,0.148660,current,0.149260,1.0000,Gemm_Rocblas_-1086326133,Gemm_Rocblas_-1086326128
tn_2560_1264_1536_ld_1536_1536_2560,0.442390,0.453240,0.441670,dropped,,1.0000,Default,Gemm_Rocblas_-1086326047
tn_2560_1264_160_ld_160_160_2560,0.084280,0.082950,0.083030,current,0.082950,1.0000,Gemm_Rocblas_-1086326068,Gemm_Rocblas_-1086326068
tn_2560_1264_2560_ld_2560_2560_2560,0.791150,0.702910,0.702820,current,0.702910,1.0000,Gemm_Rocblas_-1086326079,Gemm_Rocblas_-1086326047
tn_2560_1295_1536_ld_1536_1536_2560,0.490270,0.502080,0.502470,dropped,,1.0000,Default,Default
tn_2560_1295_160_ld_160_160_2560,0.085350,0.083240,0.083770,current,0.083240,1.0000,Gemm_Rocblas_-1086326068,Gemm_Rocblas_-1086326068
tn_2560_1295_2560_ld_2560_2560_2560,0.887180,0.818820,0.836830,current,0.818820,1.0000,Gemm_Rocblas_-1086326277,Gemm_Rocblas_-1086326268
tn_2560_12_1536_ld_1536_1536_2560,0.091480,0.056750,0.056580,current,0.056750,1.0000,Gemm_Rocblas_-1086326284,Gemm_Rocblas_-1086326282
tn_2560_12_160_ld_160_160_2560,0.032760,0.038130,0.038930,dropped,,1.0000,Gemm_Rocblas_-1086326227,Gemm_Rocblas_-1086326233
tn_2560_12_2560_ld_2560_2560_2560,0.080990,0.077490,0.077810,current,0.077490,1.0000,Gemm_Rocblas_-1086326194,Gemm_Rocblas_-1086326175
tn_2560_1323_1536_ld_1536_1536_2560,0.482440,0.498580,0.501290,dropped,,1.0000,Default,Default
tn_2560_1323_160_ld_160_160_2560,0.084090,0.086090,0.084190,current,0.086090,1.0000,Gemm_Rocblas_-1086326038,Gemm_Rocblas_-1086326068
tn_2560_1323_2560_ld_2560_2560_2560,0.845490,0.818260,0.840199,current,0.818260,1.0000,Gemm_Rocblas_-1086326277,Gemm_Rocblas_-1086326268
tn_2560_1324_1536_ld_1536_1536_2560,0.479390,0.500960,0.501960,dropped,,1.0000,Default,Default
tn_2560_1324_160_ld_160_160_2560,0.083740,0.085160,0.084670,current,0.085160,1.0000,Gemm_Rocblas_-1086326068,Gemm_Rocblas_-1086326068
tn_2560_1324_2560_ld_2560_2560_2560,0.846850,0.821750,0.826030,current,0.821750,1.0000,Gemm_Rocblas_-1086326277,Gemm_Rocblas_-1086326277
tn_2560_1325_1536_ld_1536_1536_2560,0.482840,0.503110,0.503470,dropped,,1.0000,Default,Default
tn_2560_1325_160_ld_160_160_2560,0.083430,0.084510,0.085050,current,0.084510,1.0000,Gemm_Rocblas_-1086326068,Gemm_Rocblas_-1086326068
tn_2560_1325_2560_ld_2560_2560_2560,0.846500,0.821610,0.849320,current,0.821610,1.0000,Gemm_Rocblas_-1086326277,Gemm_Rocblas_-1086326268
tn_2560_1392_1536_ld_1536_1536_2560,0.483840,0.501350,0.504630,dropped,,1.0000,Default,Default
tn_2560_1392_160_ld_160_160_2560,0.086240,0.092600,0.087830,dropped,,1.0000,Default,Gemm_Rocblas_-1086326068
tn_2560_1392_2560_ld_2560_2560_2560,0.854100,0.827400,0.832140,current,0.827400,1.0000,Gemm_Rocblas_-1086326277,Gemm_Rocblas_-1086326277
tn_2560_1399_1536_ld_1536_1536_2560,0.484580,0.506360,0.510059,dropped,,1.0000,Default,Default
tn_2560_1399_160_ld_160_160_2560,0.086260,0.093720,0.088630,dropped,,1.0000,Default,Gemm_Rocblas_-1086326068
tn_2560_1399_2560_ld_2560_2560_2560,0.857490,0.828000,0.829740,current,0.828000,1.0000,Gemm_Rocblas_-1086326277,Gemm_Rocblas_-1086326277
tn_2560_1445_1536_ld_1536_1536_2560,0.504480,0.515900,0.524730,dropped,,1.0000,Default,Default
tn_2560_1445_160_ld_160_160_2560,0.084690,0.091150,0.092780,dropped,,1.0000,Default,Default
tn_2560_1445_2560_ld_2560_2560_2560,0.866540,0.862350,0.893100,current,0.862350,1.0000,Gemm_Rocblas_-1086326277,Default
tn_2560_1495_1536_ld_1536_1536_2560,0.505240,0.527579,0.517369,dropped,,1.0000,Default,Default
tn_2560_1495_160_ld_160_160_2560,0.086560,0.094840,0.088310,dropped,,1.0000,Default,Gemm_Rocblas_-1086326068
tn_2560_1495_2560_ld_2560_2560_2560,0.871890,0.892410,0.893729,current,0.892410,1.0000,Gemm_Rocblas_-1086326063,Default
tn_2560_1568_1152_ld_1152_1152_2560,0.429320,0.415660,0.410700,current,0.415660,1.0000,Gemm_Rocblas_-1086326056,Gemm_Rocblas_-1086326052
tn_2560_1693_1536_ld_1536_1536_2560,0.575420,0.583820,0.567749,dropped,,1.0000,Default,Gemm_Rocblas_-1086326047
tn_2560_1693_160_ld_160_160_2560,0.088850,0.093250,0.095120,dropped,,1.0000,Default,Default
tn_2560_1693_2560_ld_2560_2560_2560,0.910960,0.924870,0.933210,current,0.924870,1.0000,Gemm_Rocblas_-1086326063,Default
tn_2560_16_1536_ld_1536_1536_2560,0.087410,0.056430,0.058470,current,0.056430,1.0000,Gemm_Rocblas_-1086326157,Gemm_Rocblas_-1086326282
tn_2560_16_160_ld_160_160_2560,0.032960,0.038730,0.039140,dropped,,1.0000,Gemm_Rocblas_-1086326143,Gemm_Rocblas_-1086326161
tn_2560_16_2560_ld_2560_2560_2560,0.081159,0.077490,0.078100,current,0.077490,1.0000,Gemm_Rocblas_-1086326157,Gemm_Rocblas_-1086326194
tn_2560_1888_1536_ld_1536_1536_2560,0.647690,0.659989,0.665320,dropped,,1.0000,Default,Default
tn_2560_1888_160_ld_160_160_2560,0.099350,0.104240,0.104770,dropped,,1.0000,Default,Default
tn_2560_1888_2560_ld_2560_2560_2560,1.094450,1.090400,1.110249,current,1.090400,1.0000,Gemm_Rocblas_-1086326277,Gemm_Rocblas_-1086326268
tn_2560_1968_1536_ld_1536_1536_2560,0.667170,0.687379,0.692770,dropped,,1.0000,Default,Default
tn_2560_1968_160_ld_160_160_2560,0.098040,0.105660,0.105330,dropped,,1.0000,Default,Default
tn_2560_1968_2560_ld_2560_2560_2560,1.098679,1.126280,1.126510,dropped,,1.0000,Default,Default
tn_2560_1969_1536_ld_1536_1536_2560,0.661890,0.673210,0.676010,dropped,,1.0000,Default,Default
tn_2560_1969_160_ld_160_160_2560,0.098130,0.102720,0.103380,dropped,,1.0000,Default,Default
tn_2560_1969_2560_ld_2560_2560_2560,1.101230,1.172340,1.127189,dropped,,1.0000,Gemm_Rocblas_-1086326277,Default
tn_2560_1_1536_ld_1536_1536_2560,0.066360,0.071000,0.037160,new,0.037160,1.9107,,Gemm_Rocblas_-9
tn_2560_1_160_ld_160_160_2560,0.033090,0.038140,0.037020,dropped,,1.0000,,Gemm_Rocblas_-1086326283
tn_2560_1_2560_ld_2560_2560_2560,0.082080,0.086790,0.047360,new,0.047360,1.8326,,Gemm_Rocblas_-9
tn_2560_2045_1536_ld_1536_1536_2560,0.704500,0.714470,0.689860,new,0.689860,1.0357,Default,Gemm_Rocblas_-1086326047
tn_2560_2045_160_ld_160_160_2560,0.101720,0.109180,0.107920,dropped,,1.0000,Default,Default
tn_2560_2045_2560_ld_2560_2560_2560,1.104750,1.131390,1.124340,dropped,,1.0000,Default,Default
tn_2560_2046_1536_ld_1536_1536_2560,0.678590,0.700740,0.691330,dropped,,1.0000,Default,Gemm_Rocblas_-1086326047
tn_2560_2046_160_ld_160_160_2560,0.101520,0.105730,0.107710,dropped,,1.0000,Default,Default
tn_2560_2046_2560_ld_2560_2560_2560,1.109290,1.128849,1.129130,dropped,,1.0000,Default,Default
tn_2560_2047_1536_ld_1536_1536_2560,0.699800,0.712090,0.691030,dropped,,1.0000,Default,Gemm_Rocblas_-1086326047
tn_2560_2047_160_ld_160_160_2560,0.101010,0.107110,0.107210,dropped,,1.0000,Default,Default
tn_2560_2047_2560_ld_2560_2560_2560,1.105110,1.125150,1.126680,dropped,,1.0000,Default,Default
tn_2560_2048_1536_ld_1536_1536_2560,0.690470,0.699060,0.683890,dropped,,1.0000,Default,Gemm_Rocblas_-1086326047
tn_2560_2048_160_ld_160_160_2560,0.094760,0.099610,0.100370,dropped,,1.0000,Default,Default
tn_2560_2048_2560_ld_2560_2560_2560,1.103990,1.125360,1.123629,current,1.125360,1.0000,Gemm_Rocblas_-1086326063,Default
tn_2560_2066_1536_ld_1536_1536_2560,0.720950,0.693740,0.696940,current,0.693740,1.0000,Gemm_Rocblas_-1086326063,Gemm_Rocblas_-1086326047
tn_2560_2066_160_ld_160_160_2560,0.104300,0.109420,0.109610,dropped,,1.0000,Default,Default
tn_2560_2066_2560_ld_2560_2560_2560,1.139160,1.166470,1.168840,dropped,,1.0000,Default,Default
tn_2560_2069_1536_ld_1536_1536_2560,0.729420,0.702470,0.707930,current,0.702470,1.0000,Gemm_Rocblas_-1086326063,Gemm_Rocblas_-1086326047
tn_2560_2069_160_ld_160_160_2560,0.105950,0.111840,0.112100,dropped,,1.0000,Default,Default
tn_2560_2069_2560_ld_2560_2560_2560,1.139280,1.166210,1.174029,dropped,,1.0000,Default,Default
tn_2560_225_1536_ld_1536_1536_2560,0.155720,0.140330,0.141550,current,0.140330,1.0000,Gemm_Rocblas_-1086326044,Gemm_Rocblas_-1086326044
tn_2560_225_160_ld_160_160_2560,0.037580,0.039480,0.039230,dropped,,1.0000,Gemm_Rocblas_-1086326050,Gemm_Rocblas_-1086326262
tn_2560_225_2560_ld_2560_2560_2560,0.229200,0.208210,0.211300,current,0.208210,1.0000,Gemm_Rocblas_-1086326128,Gemm_Rocblas_-1086326044
tn_2560_240_1536_ld_1536_1536_2560,0.158030,0.143310,0.143410,current,0.143310,1.0000,Gemm_Rocblas_-1086326044,Gemm_Rocblas_-1086326044
tn_2560_240_160_ld_160_160_2560,0.038280,0.039090,0.041810,current,0.039090,1.0000,Gemm_Rocblas_-1086326262,Gemm_Rocblas_-1086326050
tn_2560_240_2560_ld_2560_2560_2560,0.230950,0.213970,0.213310,current,0.213970,1.0000,Gemm_Rocblas_-1086326128,Gemm_Rocblas_-1086326044
tn_2560_24_1536_ld_1536_1536_2560,0.089580,0.066830,0.067130,current,0.066830,1.0000,Gemm_Rocblas_-1086326246,Gemm_Rocblas_-1086326246
tn_2560_24_160_ld_160_160_2560,0.032840,0.036960,0.036910,dropped,,1.0000,Gemm_Rocblas_-1086326143,Gemm_Rocblas_-1086326225
tn_2560_24_2560_ld_2560_2560_2560,0.109330,0.089190,0.090040,current,0.089190,1.0000,Gemm_Rocblas_-1086326140,Gemm_Rocblas_-1086326140
tn_2560_2_1536_ld_1536_1536_2560,0.061200,0.067450,0.065370,dropped,,1.0000,,Gemm_Rocblas_-1086326221
tn_2560_2_160_ld_160_160_2560,0.033140,0.039150,0.036830,dropped,,1.0000,,Gemm_Rocblas_-1086326230
tn_2560_2_2560_ld_2560_2560_2560,0.075240,0.080300,0.081890,dropped,,1.0000,,Default
tn_2560_3073_1536_ld_1536_1536_2560,1.048200,1.054950,1.076740,dropped,,1.0000,Default,Gemm_Rocblas_-1086326063
tn_2560_3073_160_ld_160_160_2560,0.134410,0.141790,0.142230,dropped,,1.0000,Default,Default
tn_2560_3073_2560_ld_2560_2560_2560,1.779800,1.781820,1.766860,current,1.781820,1.0000,Gemm_Rocblas_-1086326079,Gemm_Rocblas_-1086326063
tn_2560_3074_1536_ld_1536_1536_2560,1.057360,1.050280,1.070390,dropped,,1.0000,Default,Gemm_Rocblas_-1086326063
tn_2560_3074_160_ld_160_160_2560,0.137130,0.138350,0.139390,dropped,,1.0000,Default,Default
tn_2560_3074_2560_ld_2560_2560_2560,1.769880,1.781790,1.776990,current,1.781790,1.0000,Gemm_Rocblas_-1086326063,Gemm_Rocblas_-1086326063
tn_2560_3075_1536_ld_1536_1536_2560,1.051190,1.065390,1.075060,current,1.065390,1.0000,Gemm_Rocblas_-1086326063,Gemm_Rocblas_-1086326063
tn_2560_3075_160_ld_160_160_2560,0.136610,0.139590,0.139140,dropped,,1.0000,Default,Default
tn_2560_3075_2560_ld_2560_2560_2560,1.778390,1.781660,1.781529,current,1.781660,1.0000,Gemm_Rocblas_-1086326277,Gemm_Rocblas_-1086326079
tn_2560_3076_1536_ld_1536_1536_2560,1.060430,1.081850,1.070500,dropped,,1.0000,Default,Gemm_Rocblas_-1086326063
tn_2560_3076_160_ld_160_160_2560,0.135740,0.143750,0.138630,dropped,,1.0000,Default,Default
tn_2560_3076_2560_ld_2560_2560_2560,1.779160,1.780370,1.776640,current,1.780370,1.0000,Gemm_Rocblas_-1086326277,Gemm_Rocblas_-1086326063
tn_2560_3077_1536_ld_1536_1536_2560,1.053750,1.063510,1.069480,dropped,,1.0000,Default,Gemm_Rocblas_-1086326063
tn_2560_3077_160_ld_160_160_2560,0.136440,0.143630,0.139650,dropped,,1.0000,Default,Default
tn_2560_3077_2560_ld_2560_2560_2560,1.762439,1.776699,1.780059,dropped,,1.0000,Default,Gemm_Rocblas_-1086326063
tn_2560_3078_1536_ld_1536_1536_2560,1.057490,1.076679,1.061339,current,1.076679,1.0000,Gemm_Rocblas_-1086326063,Gemm_Rocblas_-1086326268
tn_2560_3078_160_ld_160_160_2560,0.137730,0.143980,0.139840,dropped,,1.0000,Default,Default
tn_2560_3078_2560_ld_2560_2560_2560,1.760179,1.767040,1.794140,current,1.767040,1.0000,Gemm_Rocblas_-1086326277,Gemm_Rocblas_-1086326063
tn_2560_3079_1536_ld_1536_1536_2560,1.051140,1.071840,1.071690,dropped,,1.0000,Default,Gemm_Rocblas_-1086326063
tn_2560_3079_160_ld_160_160_2560,0.136320,0.143570,0.139800,dropped,,1.0000,Default,Default
tn_2560_3079_2560_ld_2560_2560_2560,1.752890,1.791030,1.768010,current,1.791030,1.0000,Gemm_Rocblas_-1086326277,Gemm_Rocblas_-1086326063
tn_2560_3081_1536_ld_1536_1536_2560,1.051850,1.075940,1.072419,current,1.075940,1.0000,Gemm_Rocblas_-1086326063,Gemm_Rocblas_-1086326063
tn_2560_3081_160_ld_160_160_2560,0.137020,0.143730,0.138970,dropped,,1.0000,Default,Default
tn_2560_3081_2560_ld_2560_2560_2560,1.775369,1.763890,1.775480,current,1.763890,1.0000,Gemm_Rocblas_-1086326063,Gemm_Rocblas_-1086326063
tn_2560_3084_1536_ld_1536_1536_2560,1.059530,1.052239,1.068360,dropped,,1.0000,Default,Gemm_Rocblas_-1086326079
tn_2560_3084_160_ld_160_160_2560,0.136360,0.138580,0.139210,dropped,,1.0000,Default,Default
tn_2560_3084_2560_ld_2560_2560_2560,1.778710,1.804000,1.773450,dropped,,1.0000,Default,Gemm_Rocblas_-1086326063
tn_2560_3087_1536_ld_1536_1536_2560,1.055730,1.082060,1.070000,current,1.082060,1.0000,Gemm_Rocblas_-1086326063,Gemm_Rocblas_-1086326063
tn_2560_3087_160_ld_160_160_2560,0.136280,0.144090,0.138720,dropped,,1.0000,Default,Default
tn_2560_3087_2560_ld_2560_2560_2560,1.759450,1.777959,1.775789,dropped,,1.0000,Default,Gemm_Rocblas_-1086326063
tn_2560_3090_1536_ld_1536_1536_2560,1.055350,1.081230,1.070789,current,1.081230,1.0000,Gemm_Rocblas_-1086326063,Gemm_Rocblas_-1086326079
tn_2560_3090_160_ld_160_160_2560,0.136240,0.143950,0.139540,dropped,,1.0000,Default,Default
tn_2560_3090_2560_ld_2560_2560_2560,1.781550,1.772840,1.772189,current,1.772840,1.0000,Gemm_Rocblas_-1086326277,Gemm_Rocblas_-1086326063
tn_2560_3093_1536_ld_1536_1536_2560,1.052660,1.081209,1.070310,current,1.081209,1.0000,Gemm_Rocblas_-1086326063,Gemm_Rocblas_-1086326063
tn_2560_3093_160_ld_160_160_2560,0.135230,0.143680,0.139220,dropped,,1.0000,Default,Default
tn_2560_3093_2560_ld_2560_2560_2560,1.769680,1.765430,1.780790,current,1.765430,1.0000,Gemm_Rocblas_-1086326063,Gemm_Rocblas_-1086326063
tn_2560_3136_1152_ld_1152_1152_2560,0.777130,0.817770,0.777470,dropped,,1.0000,Gemm_Rocblas_-1086326047,Gemm_Rocblas_-1086326077
tn_2560_32_1536_ld_1536_1536_2560,0.104030,0.066770,0.067180,current,0.066770,1.0000,Gemm_Rocblas_-1086326246,Gemm_Rocblas_-1086326246
tn_2560_32_160_ld_160_160_2560,0.033080,0.037200,0.036610,dropped,,1.0000,Gemm_Rocblas_-1086326241,Gemm_Rocblas_-1086326188
tn_2560_32_2560_ld_2560_2560_2560,0.109440,0.091750,0.092420,current,0.091750,1.0000,Gemm_Rocblas_-1086326134,Gemm_Rocblas_-1086326134
tn_2560_3_1536_ld_1536_1536_2560,0.060780,0.062750,0.055750,new,0.055750,1.1256,,Gemm_Rocblas_-1086326221
tn_2560_3_160_ld_160_160_2560,0.033240,0.040810,0.037360,dropped,,1.0000,,Gemm_Rocblas_-1086326283
tn_2560_3_2560_ld_2560_2560_2560,0.071150,0.076750,0.076760,dropped,,1.0000,,Default
tn_2560_4096_1536_ld_1536_1536_2560,1.238180,1.250469,1.269010,dropped,,1.0000,Default,Gemm_Rocblas_-1086326063
tn_2560_4096_160_ld_160_160_2560,0.164370,0.163400,0.169270,dropped,,1.0000,Default,Default
tn_2560_4096_2560_ld_2560_2560_2560,2.194049,2.125480,2.122710,current,2.125480,1.0000,Gemm_Rocblas_-1086326063,Gemm_Rocblas_-1086326063
tn_2560_43_1536_ld_1536_1536_2560,0.130000,0.078500,0.078040,current,0.078500,1.0000,Gemm_Rocblas_-1086326134,Gemm_Rocblas_-1086326134
tn_2560_43_160_ld_160_160_2560,0.032880,0.036530,0.037310,dropped,,1.0000,Gemm_Rocblas_-1086326241,Gemm_Rocblas_-1086326145
tn_2560_43_2560_ld_2560_2560_2560,0.148399,0.095280,0.095830,current,0.095280,1.0000,Gemm_Rocblas_-1086326134,Gemm_Rocblas_-1086326129
tn_2560_44_1536_ld_1536_1536_2560,0.131000,0.079190,0.078880,current,0.079190,1.0000,Gemm_Rocblas_-1086326140,Gemm_Rocblas_-1086326129
tn_2560_44_160_ld_160_160_2560,0.033030,0.036730,0.037150,dropped,,1.0000,Gemm_Rocblas_-1086326241,Gemm_Rocblas_-1086326246
tn_2560_44_2560_ld_2560_2560_2560,0.148110,0.096310,0.095710,current,0.096310,1.0000,Gemm_Rocblas_-1086326140,Gemm_Rocblas_-1086326129
tn_2560_4_1536_ld_1536_1536_2560,0.058030,0.064190,0.058390,dropped,,1.0000,,Gemm_Rocblas_-1086326218
tn_2560_4_160_ld_160_160_2560,0.033590,0.040930,0.038880,dropped,,1.0000,,Gemm_Rocblas_-1086326161
tn_2560_4_2560_ld_2560_2560_2560,0.071190,0.075990,0.076200,dropped,,1.0000,,Default
tn_2560_56_1536_ld_1536_1536_2560,0.107120,0.082730,0.084350,current,0.082730,1.0000,Gemm_Rocblas_-1086326140,Gemm_Rocblas_-1086326134
tn_2560_56_160_ld_160_160_2560,0.032950,0.036720,0.037350,dropped,,1.0000,Gemm_Rocblas_-1086326241,Gemm_Rocblas_-1086326252
tn_2560_56_2560_ld_2560_2560_2560,0.159670,0.098890,0.100460,current,0.098890,1.0000,Gemm_Rocblas_-1086326129,Gemm_Rocblas_-1086326129
tn_2560_5_1536_ld_1536_1536_2560,0.058150,0.060250,0.055270,new,0.055270,1.0901,,Gemm_Rocblas_-1086326218
tn_2560_5_160_ld_160_160_2560,0.033600,0.040940,0.036860,dropped,,1.0000,,Gemm_Rocblas_-1086326151
tn_2560_5_2560_ld_2560_2560_2560,0.071480,0.076550,0.075310,dropped,,1.0000,,Gemm_Rocblas_-1086326221
tn_2560_60_1536_ld_1536_1536_2560,0.107770,0.083670,0.083570,current,0.083670,1.0000,Gemm_Rocblas_-1086326134,Gemm_Rocblas_-1086326140
tn_2560_60_160_ld_160_160_2560,0.033160,0.036430,0.037270,dropped,,1.0000,Gemm_Rocblas_-1086326241,Gemm_Rocblas_-1086326252
tn_2560_60_2560_ld_2560_2560_2560,0.159670,0.100020,0.100370,current,0.100020,1.0000,Gemm_Rocblas_-1086326129,Gemm_Rocblas_-1086326129
tn_2560_64_1536_ld_1536_1536_2560,0.109300,0.073010,0.073490,current,0.073010,1.0000,Gemm_Rocblas_-1086326140,Gemm_Rocblas_-1086326140
tn_2560_64_160_ld_160_160_2560,0.033640,0.036550,0.037030,dropped,,1.0000,Gemm_Rocblas_-1086326242,Gemm_Rocblas_-1086326253
tn_2560_64_2560_ld_2560_2560_2560,0.159240,0.090070,0.090350,current,0.090070,1.0000,Gemm_Rocblas_-1086326140,Gemm_Rocblas_-1086326129
tn_2560_692_1536_ld_1536_1536_2560,0.239880,0.248340,0.249300,dropped,,1.0000,Default,Default
tn_2560_692_160_ld_160_160_2560,0.054990,0.058590,0.058710,dropped,,1.0000,Gemm_Rocblas_-1086326094,Gemm_Rocblas_-1086326094
tn_2560_692_2560_ld_2560_2560_2560,0.403880,0.402460,0.423600,current,0.402460,1.0000,Gemm_Rocblas_-1086326063,Default
tn_2560_6_1536_ld_1536_1536_2560,0.053160,0.060910,0.054860,dropped,,1.0000,,Gemm_Rocblas_-1086326221
tn_2560_6_160_ld_160_160_2560,0.033880,0.040890,0.039750,dropped,,1.0000,,Gemm_Rocblas_-1086326222
tn_2560_6_2560_ld_2560_2560_2560,0.071320,0.076230,0.075840,dropped,,1.0000,,Gemm_Rocblas_-1086326223
tn_2560_701_1536_ld_1536_1536_2560,0.257530,0.267990,0.269680,dropped,,1.0000,Default,Default
tn_2560_701_160_ld_160_160_2560,0.058070,0.059500,0.060480,current,0.059500,1.0000,Gemm_Rocblas_-1086326094,Gemm_Rocblas_-1086326086
tn_2560_701_2560_ld_2560_2560_2560,0.428550,0.424480,0.446050,current,0.424480,1.0000,Gemm_Rocblas_-1086326079,Default
tn_2560_704_1536_ld_1536_1536_2560,0.266890,0.277920,0.281090,dropped,,1.0000,Default,Default
tn_2560_704_160_ld_160_160_2560,0.056870,0.059960,0.059820,dropped,,1.0000,Gemm_Rocblas_-1086326086,Gemm_Rocblas_-1086326086
tn_2560_704_2560_ld_2560_2560_2560,0.441020,0.438600,0.460370,current,0.438600,1.0000,Gemm_Rocblas_-1086326063,Default
tn_2560_784_1536_ld_1536_1536_2560,0.373710,0.286870,0.291700,current,0.286870,1.0000,Gemm_Rocblas_-1086326277,Gemm_Rocblas_-1086326277
tn_2560_784_160_ld_160_160_2560,0.063630,0.063280,0.064470,current,0.063280,1.0000,Gemm_Rocblas_-1086326051,Gemm_Rocblas_-1086326103
tn_2560_784_2560_ld_2560_2560_2560,0.459920,0.479550,0.482990,dropped,,1.0000,Default,Default
tn_2560_788_1536_ld_1536_1536_2560,0.387010,0.301540,0.309380,current,0.301540,1.0000,Gemm_Rocblas_-1086326277,Gemm_Rocblas_-1086326268
tn_2560_788_160_ld_160_160_2560,0.065230,0.065270,0.066430,current,0.065270,1.0000,Gemm_Rocblas_-1086326276,Gemm_Rocblas_-1086326051
tn_2560_788_2560_ld_2560_2560_2560,0.465990,0.491330,0.493810,dropped,,1.0000,Default,Default
tn_2560_789_1536_ld_1536_1536_2560,0.386770,0.305930,0.317650,current,0.305930,1.0000,Gemm_Rocblas_-1086326277,Gemm_Rocblas_-1086326268
tn_2560_789_160_ld_160_160_2560,0.065850,0.066650,0.067400,current,0.066650,1.0000,Gemm_Rocblas_-1086326276,Gemm_Rocblas_-1086326058
tn_2560_789_2560_ld_2560_2560_2560,0.472550,0.494630,0.498450,dropped,,1.0000,Default,Default
tn_2560_7_1536_ld_1536_1536_2560,0.058400,0.058580,0.054900,new,0.054900,1.0670,,Gemm_Rocblas_-1086326221
tn_2560_7_160_ld_160_160_2560,0.033680,0.040650,0.039200,dropped,,1.0000,,Gemm_Rocblas_-1086326237
tn_2560_7_2560_ld_2560_2560_2560,0.071200,0.076630,0.075110,dropped,,1.0000,,Gemm_Rocblas_-1086326221
tn_2560_804_1536_ld_1536_1536_2560,0.388340,0.305640,0.313920,current,0.305640,1.0000,Gemm_Rocblas_-1086326277,Gemm_Rocblas_-1086326268
tn_2560_804_160_ld_160_160_2560,0.066760,0.067030,0.066050,current,0.067030,1.0000,Gemm_Rocblas_-1086326276,Gemm_Rocblas_-1086326071
tn_2560_804_2560_ld_2560_2560_2560,0.469560,0.493340,0.493770,dropped,,1.0000,Default,Default
tn_2560_8_1536_ld_1536_1536_2560,0.055000,0.058190,0.055790,dropped,,1.0000,,Gemm_Rocblas_-1086326223
tn_2560_8_160_ld_160_160_2560,0.033510,0.041180,0.039120,dropped,,1.0000,,Gemm_Rocblas_-1086326231
tn_2560_8_2560_ld_2560_2560_2560,0.071490,0.076020,0.076370,dropped,,1.0000,,Default
tn_2560_9_1536_ld_1536_1536_2560,0.090550,0.056640,0.055950,current,0.056640,1.0000,Gemm_Rocblas_-1086326284,Gemm_Rocblas_-1086326282
tn_2560_9_160_ld_160_160_2560,0.032970,0.038730,0.037470,dropped,,1.0000,Gemm_Rocblas_-1086326233,Gemm_Rocblas_-1086326186
tn_2560_9_2560_ld_2560_2560_2560,0.095440,0.077460,0.077790,current,0.077460,1.0000,Gemm_Rocblas_-1086326284,Gemm_Rocblas_-1086326175
tn_320_1024_10240_ld_10240_10240_320,1.549160,0.421690,0.424700,current,0.421690,1.0000,Gemm_Rocblas_-1086326082,Gemm_Rocblas_-1086326082
tn_320_1024_2560_ld_2560_2560_320,0.349800,0.137760,0.144119,current,0.137760,1.0000,Gemm_Rocblas_-1086326128,Gemm_Rocblas_-1086326082
tn_320_1025_10240_ld_10240_10240_320,1.614340,0.433800,0.438550,current,0.433800,1.0000,Gemm_Rocblas_-1086326082,Gemm_Rocblas_-1086326082
tn_320_1025_2560_ld_2560_2560_320,0.375040,0.143980,0.148090,current,0.143980,1.0000,Gemm_Rocblas_-1086326128,Gemm_Rocblas_-1086326082
tn_320_1027_10240_ld_10240_10240_320,1.610180,0.447190,0.448290,current,0.447190,1.0000,Gemm_Rocblas_-1086326082,Gemm_Rocblas_-1086326082
tn_320_1027_2560_ld_2560_2560_320,0.359960,0.148400,0.148290,current,0.148400,1.0000,Gemm_Rocblas_-1086326128,Gemm_Rocblas_-1086326128
tn_320_1029_10240_ld_10240_10240_320,1.644300,0.452400,0.453170,current,0.452400,1.0000,Gemm_Rocblas_-1086326082,Gemm_Rocblas_-1086326082
tn_320_1029_2560_ld_2560_2560_320,0.358870,0.148950,0.154070,current,0.148950,1.0000,Gemm_Rocblas_-1086326128,Gemm_Rocblas_-1086326082
tn_320_1031_10240_ld_10240_10240_320,1.592700,0.453950,0.457089,current,0.453950,1.0000,Gemm_Rocblas_-1086326082,Gemm_Rocblas_-1086326082
tn_320_1031_2560_ld_2560_2560_320,0.366560,0.152790,0.149910,current,0.152790,1.0000,Gemm_Rocblas_-1086326128,Gemm_Rocblas_-1086326128
tn_320_1036_10240_ld_10240_10240_320,1.590340,0.455880,0.456700,current,0.455880,1.0000,Gemm_Rocblas_-1086326082,Gemm_Rocblas_-1086326082
tn_320_1036_2560_ld_2560_2560_320,0.358210,0.150880,0.153170,current,0.150880,1.0000,Gemm_Rocblas_-1086326128,Gemm_Rocblas_-1086326128
tn_320_1042_10240_ld_10240_10240_320,1.603750,0.505310,0.458390,new,0.458390,1.1024,Gemm_Rocblas_-1086326128,Gemm_Rocblas_-1086326082
tn_320_1042_2560_ld_2560_2560_320,0.376710,0.153030,0.153270,current,0.153030,1.0000,Gemm_Rocblas_-1086326128,Gemm_Rocblas_-1086326128
tn_320_1045_10240_ld_10240_10240_320,1.656000,0.460980,0.461870,current,0.460980,1.0000,Gemm_Rocblas_-1086326082,Gemm_Rocblas_-1086326082
tn_320_1045_2560_ld_2560_2560_320,0.363760,0.153260,0.154720,current,0.153260,1.0000,Gemm_Rocblas_-1086326083,Gemm_Rocblas_-1086326128
tn_320_1125_10240_ld_10240_10240_320,1.940069,0.459800,0.471680,current,0.459800,1.0000,Gemm_Rocblas_-1086326084,Gemm_Rocblas_-1086326082
tn_320_1125_2560_ld_2560_2560_320,0.415830,0.157179,0.160540,current,0.157179,1.0000,Gemm_Rocblas_-1086326128,Gemm_Rocblas_-1086326082
tn_320_121_10240_ld_10240_10240_320,0.216750,0.141650,0.143490,current,0.141650,1.0000,Gemm_Rocblas_-1086326134,Gemm_Rocblas_-1086326134
tn_320_121_2560_ld_2560_2560_320,0.119140,0.065720,0.065280,current,0.065720,1.0000,Gemm_Rocblas_-1086326134,Gemm_Rocblas_-1086326134
tn_320_1264_10240_ld_10240_10240_320,1.971999,0.541740,0.538740,current,0.541740,1.0000,Gemm_Rocblas_-1086326098,Gemm_Rocblas_-1086326082
tn_320_1264_2560_ld_2560_2560_320,0.480170,0.160230,0.161670,current,0.160230,1.0000,Gemm_Rocblas_-1086326078,Gemm_Rocblas_-1086326046
tn_320_1295_10240_ld_10240_10240_320,2.127110,0.536120,0.546000,current,0.536120,1.0000,Gemm_Rocblas_-1086326082,Gemm_Rocblas_-1086326098
tn_320_1295_2560_ld_2560_2560_320,0.521790,0.159220,0.162409,current,0.159220,1.0000,Gemm_Rocblas_-1086326062,Gemm_Rocblas_-1086326098
tn_320_12_10240_ld_10240_10240_320,0.132420,0.079660,0.080020,current,0.079660,1.0000,Gemm_Rocblas_-1086326214,Gemm_Rocblas_-1086326214
tn_320_12_2560_ld_2560_2560_320,0.056990,0.044410,0.045100,current,0.044410,1.0000,Gemm_Rocblas_-1086326200,Gemm_Rocblas_-1086326214
tn_320_1323_10240_ld_10240_10240_320,2.206029,0.564529,0.552239,new,0.552239,1.0223,Gemm_Rocblas_-1086326082,Gemm_Rocblas_-1086326098
tn_320_1323_2560_ld_2560_2560_320,0.544110,0.163670,0.163290,current,0.163670,1.0000,Gemm_Rocblas_-1086326062,Gemm_Rocblas_-1086326098
tn_320_1324_10240_ld_10240_10240_320,2.197469,0.553550,0.554550,current,0.553550,1.0000,Gemm_Rocblas_-1086326098,Gemm_Rocblas_-1086326098
tn_320_1324_2560_ld_2560_2560_320,0.507819,0.164470,0.164300,current,0.164470,1.0000,Gemm_Rocblas_-1086326062,Gemm_Rocblas_-1086326098
tn_320_1325_10240_ld_10240_10240_320,2.167239,0.563330,0.555040,current,0.563330,1.0000,Gemm_Rocblas_-1086326082,Gemm_Rocblas_-1086326098
tn_320_1325_2560_ld_2560_2560_320,0.543800,0.164240,0.164670,current,0.164240,1.0000,Gemm_Rocblas_-1086326062,Gemm_Rocblas_-1086326098
tn_320_1392_10240_ld_10240_10240_320,2.343110,0.560920,0.567390,current,0.560920,1.0000,Gemm_Rocblas_-1086326078,Gemm_Rocblas_-1086326098
tn_320_1392_2560_ld_2560_2560_320,0.560050,0.166650,0.166920,current,0.166650,1.0000,Gemm_Rocblas_-1086326062,Gemm_Rocblas_-1086326098
tn_320_1399_10240_ld_10240_10240_320,2.218160,0.561940,0.566860,current,0.561940,1.0000,Gemm_Rocblas_-1086326062,Gemm_Rocblas_-1086326098
tn_320_1399_2560_ld_2560_2560_320,0.590180,0.166920,0.166810,current,0.166920,1.0000,Gemm_Rocblas_-1086326098,Gemm_Rocblas_-1086326098
tn_320_1445_10240_ld_10240_10240_320,2.246790,0.582890,0.576270,current,0.582890,1.0000,Gemm_Rocblas_-1086326098,Gemm_Rocblas_-1086326098
tn_320_1445_2560_ld_2560_2560_320,0.550800,0.165380,0.164170,current,0.165380,1.0000,Gemm_Rocblas_-1086326098,Gemm_Rocblas_-1086326098
tn_320_1495_10240_ld_10240_10240_320,2.342909,0.580670,0.579480,current,0.580670,1.0000,Gemm_Rocblas_-1086326062,Gemm_Rocblas_-1086326098
tn_320_1495_2560_ld_2560_2560_320,0.553060,0.169970,0.167650,current,0.169970,1.0000,Gemm_Rocblas_-1086326077,Gemm_Rocblas_-1086326098
tn_320_1693_10240_ld_10240_10240_320,2.691799,0.712450,0.706620,current,0.712450,1.0000,Gemm_Rocblas_-1086326082,Gemm_Rocblas_-1086326108
tn_320_1693_2560_ld_2560_2560_320,0.225250,0.207350,0.213520,current,0.207350,1.0000,Gemm_Rocblas_-1086326122,Gemm_Rocblas_-1086326122
tn_320_16_10240_ld_10240_10240_320,0.134600,0.080260,0.080020,current,0.080260,1.0000,Gemm_Rocblas_-1086326214,Gemm_Rocblas_-1086326214
tn_320_16_2560_ld_2560_2560_320,0.056610,0.044910,0.044850,current,0.044910,1.0000,Gemm_Rocblas_-1086326210,Gemm_Rocblas_-1086326201
tn_320_1888_10240_ld_10240_10240_320,3.179480,0.736360,0.742480,current,0.736360,1.0000,Gemm_Rocblas_-1086326084,Gemm_Rocblas_-1086326084
tn_320_1888_2560_ld_2560_2560_320,0.226530,0.227230,0.230950,current,0.227230,1.0000,Gemm_Rocblas_-1086326082,Gemm_Rocblas_-1086326082
tn_320_1968_10240_ld_10240_10240_320,3.238950,0.845639,0.780480,new,0.780480,1.0835,Gemm_Rocblas_-1086326082,Gemm_Rocblas_-1086326082
tn_320_1968_2560_ld_2560_2560_320,0.225940,0.237610,0.235380,dropped,,1.0000,Gemm_Rocblas_-1086326082,Gemm_Rocblas_-1086326082
tn_320_1969_10240_ld_10240_10240_320,3.245040,0.878870,0.856440,new,0.856440,1.0262,Gemm_Rocblas_-1086326079,Gemm_Rocblas_-1086326082
tn_320_1969_2560_ld_2560_2560_320,0.226010,0.240360,0.240490,dropped,,1.0000,Gemm_Rocblas_-1086326060,Gemm_Rocblas_-1086326082
tn_320_1_10240_ld_10240_10240_320,0.129570,0.135290,0.032400,new,0.032400,4.1756,,Gemm_Rocblas_-9
tn_320_1_2560_ld_2560_2560_320,0.056280,0.060680,0.024640,new,0.024640,2.4627,,Gemm_Rocblas_-9
tn_320_2045_10240_ld_10240_10240_320,3.597929,0.759650,0.862260,current,0.759650,1.0000,Gemm_Rocblas_-1086326082,Gemm_Rocblas_-1086326082
tn_320_2045_2560_ld_2560_2560_320,0.227269,0.234020,0.238409,current,0.234020,1.0000,Gemm_Rocblas_-1086326082,Gemm_Rocblas_-1086326082
tn_320_2046_10240_ld_10240_10240_320,3.661079,0.786749,0.850670,current,0.786749,1.0000,Gemm_Rocblas_-1086326082,Gemm_Rocblas_-1086326082
tn_320_2046_2560_ld_2560_2560_320,0.227080,0.241030,0.241870,dropped,,1.0000,Gemm_Rocblas_-1086326082,Gemm_Rocblas_-1086326082
tn_320_2047_10240_ld_10240_10240_320,3.575040,0.783440,0.802719,current,0.783440,1.0000,Gemm_Rocblas_-1086326082,Gemm_Rocblas_-1086326082
tn_320_2047_2560_ld_2560_2560_320,0.226840,0.242780,0.238450,dropped,,1.0000,Gemm_Rocblas_-1086326082,Gemm_Rocblas_-1086326082
tn_320_2048_10240_ld_10240_10240_320,3.571749,0.861460,0.798350,new,0.798350,1.0791,Gemm_Rocblas_-1086326082,Gemm_Rocblas_-1086326082
tn_320_2048_2560_ld_2560_2560_320,0.225920,0.229950,0.231790,current,0.229950,1.0000,Gemm_Rocblas_-1086326082,Gemm_Rocblas_-1086326082
tn_320_2066_10240_ld_10240_10240_320,3.520500,0.899110,0.903420,current,0.899110,1.0000,Gemm_Rocblas_-1086326128,Gemm_Rocblas_-1086326128
tn_320_2066_2560_ld_2560_2560_320,0.226650,0.240850,0.244340,dropped,,1.0000,Gemm_Rocblas_-1086326273,Gemm_Rocblas_-1086326044
tn_320_2069_10240_ld_10240_10240_320,3.547459,0.903679,0.929139,current,0.903679,1.0000,Gemm_Rocblas_-1086326063,Gemm_Rocblas_-1086326128
tn_320_2069_2560_ld_2560_2560_320,0.226000,0.249170,0.247180,dropped,,1.0000,Gemm_Rocblas_-1086326273,Gemm_Rocblas_-1086326044
tn_320_225_10240_ld_10240_10240_320,0.405610,0.161110,0.161740,current,0.161110,1.0000,Gemm_Rocblas_-1086326140,Gemm_Rocblas_-1086326140
tn_320_225_2560_ld_2560_2560_320,0.131250,0.071150,0.071260,current,0.071150,1.0000,Gemm_Rocblas_-1086326139,Gemm_Rocblas_-1086326139
tn_320_240_10240_ld_10240_10240_320,0.406100,0.160540,0.161670,current,0.160540,1.0000,Gemm_Rocblas_-1086326134,Gemm_Rocblas_-1086326134
tn_320_240_2560_ld_2560_2560_320,0.129310,0.072480,0.071990,current,0.072480,1.0000,Gemm_Rocblas_-1086326139,Gemm_Rocblas_-1086326139
tn_320_24_10240_ld_10240_10240_320,0.139370,0.084180,0.085180,current,0.084180,1.0000,Gemm_Rocblas_-1086326200,Gemm_Rocblas_-1086326200
tn_320_24_2560_ld_2560_2560_320,0.065350,0.045650,0.045420,current,0.045650,1.0000,Gemm_Rocblas_-1086326200,Gemm_Rocblas_-1086326200
tn_320_2_10240_ld_10240_10240_320,0.129920,0.133970,0.080140,new,0.080140,1.6717,,Gemm_Rocblas_-1086326214
tn_320_2_2560_ld_2560_2560_320,0.056480,0.060710,0.044850,new,0.044850,1.3536,,Gemm_Rocblas_-1086326200
tn_320_3073_10240_ld_10240_10240_320,7.714219,1.155510,1.158360,current,1.155510,1.0000,Gemm_Rocblas_-1086326082,Gemm_Rocblas_-1086326082
tn_320_3073_2560_ld_2560_2560_320,0.301890,0.321770,0.336100,dropped,,1.0000,Gemm_Rocblas_-1086326082,Gemm_Rocblas_-1086326082
tn_320_3074_10240_ld_10240_10240_320,7.670119,1.170090,1.176570,current,1.170090,1.0000,Gemm_Rocblas_-1086326082,Gemm_Rocblas_-1086326082
tn_320_3074_2560_ld_2560_2560_320,0.301070,0.348320,0.348540,dropped,,1.0000,Gemm_Rocblas_-1086326082,Gemm_Rocblas_-1086326082
tn_320_3075_10240_ld_10240_10240_320,7.825039,1.166210,1.176950,current,1.166210,1.0000,Gemm_Rocblas_-1086326082,Gemm_Rocblas_-1086326082
tn_320_3075_2560_ld_2560_2560_320,0.300300,0.344940,0.341040,dropped,,1.0000,Gemm_Rocblas_-1086326082,Gemm_Rocblas_-1086326082
tn_320_3076_10240_ld_10240_10240_320,7.820429,1.163760,1.164019,current,1.163760,1.0000,Gemm_Rocblas_-1086326082,Gemm_Rocblas_-1086326082
tn_320_3076_2560_ld_2560_2560_320,0.300860,0.341890,0.346090,dropped,,1.0000,Gemm_Rocblas_-1086326082,Gemm_Rocblas_-1086326082
tn_320_3077_10240_ld_10240_10240_320,7.707119,1.159360,1.172920,current,1.159360,1.0000,Gemm_Rocblas_-1086326082,Gemm_Rocblas_-1086326082
tn_320_3077_2560_ld_2560_2560_320,0.301330,0.343369,0.345330,dropped,,1.0000,Gemm_Rocblas_-1086326082,Gemm_Rocblas_-1086326082
tn_320_3078_10240_ld_10240_10240_320,7.627879,1.160159,1.171129,current,1.160159,1.0000,Gemm_Rocblas_-1086326082,Gemm_Rocblas_-1086326082
tn_320_3078_2560_ld_2560_2560_320,0.301390,0.342400,0.347630,dropped,,1.0000,Gemm_Rocblas_-1086326082,Gemm_Rocblas_-1086326082
tn_320_3079_10240_ld_10240_10240_320,7.931199,1.165580,1.172220,current,1.165580,1.0000,Gemm_Rocblas_-1086326082,Gemm_Rocblas_-1086326082
tn_320_3079_2560_ld_2560_2560_320,0.301330,0.342680,0.346130,dropped,,1.0000,Gemm_Rocblas_-1086326082,Gemm_Rocblas_-1086326082
tn_320_3081_10240_ld_10240_10240_320,7.724099,1.162350,1.171159,current,1.162350,1.0000,Gemm_Rocblas_-1086326082,Gemm_Rocblas_-1086326082
tn_320_3081_2560_ld_2560_2560_320,0.301110,0.342060,0.342090,dropped,,1.0000,Gemm_Rocblas_-1086326082,Gemm_Rocblas_-1086326082
tn_320_3084_10240_ld_10240_10240_320,7.752329,1.163949,1.163840,current,1.163949,1.0000,Gemm_Rocblas_-1086326082,Gemm_Rocblas_-1086326082
tn_320_3084_2560_ld_2560_2560_320,0.300960,0.340010,0.369490,dropped,,1.0000,Gemm_Rocblas_-1086326082,Default
tn_320_3087_10240_ld_10240_10240_320,7.727649,1.168490,1.170840,current,1.168490,1.0000,Gemm_Rocblas_-1086326082,Gemm_Rocblas_-1086326082
tn_320_3087_2560_ld_2560_2560_320,0.300940,0.340820,0.345589,dropped,,1.0000,Gemm_Rocblas_-1086326082,Gemm_Rocblas_-1086326082
tn_320_3090_10240_ld_10240_10240_320,7.801714,1.158330,1.172359,current,1.158330,1.0000,Gemm_Rocblas_-1086326082,Gemm_Rocblas_-1086326082
tn_320_3090_2560_ld_2560_2560_320,0.301040,0.346580,0.346920,dropped,,1.0000,Gemm_Rocblas_-1086326082,Gemm_Rocblas_-1086326082
tn_320_3093_10240_ld_10240_10240_320,7.815989,1.172340,1.166080,current,1.172340,1.0000,Gemm_Rocblas_-1086326082,Gemm_Rocblas_-1086326082
tn_320_3093_2560_ld_2560_2560_320,0.301080,0.343470,0.345510,dropped,,1.0000,Gemm_Rocblas_-1086326082,Gemm_Rocblas_-1086326082
tn_320_32_10240_ld_10240_10240_320,0.145649,0.085540,0.085480,current,0.085540,1.0000,Gemm_Rocblas_-1086326200,Gemm_Rocblas_-1086326204
tn_320_32_2560_ld_2560_2560_320,0.065280,0.045190,0.045360,current,0.045190,1.0000,Gemm_Rocblas_-1086326204,Gemm_Rocblas_-1086326200
tn_320_3_10240_ld_10240_10240_320,0.131520,0.135260,0.080150,new,0.080150,1.6876,,Gemm_Rocblas_-1086326201
tn_320_3_2560_ld_2560_2560_320,0.056280,0.062780,0.044680,new,0.044680,1.4051,,Gemm_Rocblas_-1086326200
tn_320_4096_10240_ld_10240_10240_320,8.445159,1.409460,1.416320,current,1.409460,1.0000,Gemm_Rocblas_-1086326077,Gemm_Rocblas_-1086326077
tn_320_4096_2560_ld_2560_2560_320,0.325910,0.376480,0.409410,dropped,,1.0000,Gemm_Rocblas_-1086326268,Default
tn_320_43_10240_ld_10240_10240_320,0.162710,0.103990,0.104090,current,0.103990,1.0000,Gemm_Rocblas_-1086326200,Gemm_Rocblas_-1086326200
tn_320_43_2560_ld_2560_2560_320,0.105630,0.049780,0.050060,current,0.049780,1.0000,Gemm_Rocblas_-1086326200,Gemm_Rocblas_-1086326210
tn_320_44_10240_ld_10240_10240_320,0.163440,0.104710,0.104660,current,0.104710,1.0000,Gemm_Rocblas_-1086326210,Gemm_Rocblas_-1086326200
tn_320_44_2560_ld_2560_2560_320,0.106120,0.049900,0.050300,current,0.049900,1.0000,Gemm_Rocblas_-1086326200,Gemm_Rocblas_-1086326210
tn_320_4_10240_ld_10240_10240_320,0.130590,0.134050,0.079700,new,0.079700,1.6819,,Gemm_Rocblas_-1086326214
tn_320_4_2560_ld_2560_2560_320,0.056450,0.060390,0.044830,new,0.044830,1.3471,,Gemm_Rocblas_-1086326201
tn_320_56_10240_ld_10240_10240_320,0.164410,0.118750,0.119070,current,0.118750,1.0000,Gemm_Rocblas_-1086326202,Gemm_Rocblas_-1086326202
tn_320_56_2560_ld_2560_2560_320,0.105640,0.054550,0.055370,current,0.054550,1.0000,Gemm_Rocblas_-1086326200,Gemm_Rocblas_-1086326210
tn_320_5_10240_ld_10240_10240_320,0.131000,0.135890,0.080040,new,0.080040,1.6978,,Gemm_Rocblas_-1086326214
tn_320_5_2560_ld_2560_2560_320,0.056560,0.060710,0.044900,new,0.044900,1.3521,,Gemm_Rocblas_-1086326214
tn_320_60_10240_ld_10240_10240_320,0.171810,0.118990,0.119780,current,0.118990,1.0000,Gemm_Rocblas_-1086326202,Gemm_Rocblas_-1086326202
tn_320_60_2560_ld_2560_2560_320,0.101790,0.055070,0.055530,current,0.055070,1.0000,Gemm_Rocblas_-1086326200,Gemm_Rocblas_-1086326210
tn_320_64_10240_ld_10240_10240_320,0.168829,0.117830,0.119290,current,0.117830,1.0000,Gemm_Rocblas_-1086326202,Gemm_Rocblas_-1086326202
tn_320_64_2560_ld_2560_2560_320,0.105910,0.054940,0.055340,current,0.054940,1.0000,Gemm_Rocblas_-1086326204,Gemm_Rocblas_-1086326210
tn_320_692_10240_ld_10240_10240_320,1.116580,0.254320,0.253400,current,0.254320,1.0000,Gemm_Rocblas_-1086326082,Gemm_Rocblas_-1086326082
tn_320_692_2560_ld_2560_2560_320,0.271330,0.102290,0.101340,current,0.102290,1.0000,Gemm_Rocblas_-1086326082,Gemm_Rocblas_-1086326082
tn_320_6_10240_ld_10240_10240_320,0.129860,0.135750,0.080110,new,0.080110,1.6945,,Gemm_Rocblas_-1086326214
tn_320_6_2560_ld_2560_2560_320,0.056350,0.060750,0.044600,new,0.044600,1.3621,,Gemm_Rocblas_-1086326200
tn_320_701_10240_ld_10240_10240_320,1.093630,0.254480,0.255260,current,0.254480,1.0000,Gemm_Rocblas_-1086326082,Gemm_Rocblas_-1086326082
tn_320_701_2560_ld_2560_2560_320,0.277050,0.101410,0.102640,current,0.101410,1.0000,Gemm_Rocblas_-1086326082,Gemm_Rocblas_-1086326082
tn_320_704_10240_ld_10240_10240_320,1.112710,0.255150,0.255590,current,0.255150,1.0000,Gemm_Rocblas_-1086326082,Gemm_Rocblas_-1086326082
tn_320_704_2560_ld_2560_2560_320,0.274480,0.102750,0.101620,current,0.102750,1.0000,Gemm_Rocblas_-1086326082,Gemm_Rocblas_-1086326082
tn_320_784_10240_ld_10240_10240_320,1.222010,0.343700,0.348300,current,0.343700,1.0000,Gemm_Rocblas_-1086326140,Gemm_Rocblas_-1086326140
tn_320_784_2560_ld_2560_2560_320,0.305170,0.118640,0.119730,current,0.118640,1.0000,Gemm_Rocblas_-1086326122,Gemm_Rocblas_-1086326122
tn_320_788_10240_ld_10240_10240_320,1.230260,0.343910,0.351830,current,0.343910,1.0000,Gemm_Rocblas_-1086326140,Gemm_Rocblas_-1086326140
tn_320_788_2560_ld_2560_2560_320,0.308650,0.119640,0.118850,current,0.119640,1.0000,Gemm_Rocblas_-1086326122,Gemm_Rocblas_-1086326122
tn_320_789_10240_ld_10240_10240_320,1.247740,0.351430,0.353170,current,0.351430,1.0000,Gemm_Rocblas_-1086326140,Gemm_Rocblas_-1086326140
tn_320_789_2560_ld_2560_2560_320,0.313310,0.119740,0.120470,current,0.119740,1.0000,Gemm_Rocblas_-1086326122,Gemm_Rocblas_-1086326122
tn_320_7_10240_ld_10240_10240_320,0.134100,0.135070,0.080100,new,0.080100,1.6863,,Gemm_Rocblas_-1086326214
tn_320_7_2560_ld_2560_2560_320,0.056760,0.061240,0.044640,new,0.044640,1.3719,,Gemm_Rocblas_-1086326200
tn_320_804_10240_ld_10240_10240_320,1.341419,0.362980,0.365680,current,0.362980,1.0000,Gemm_Rocblas_-1086326140,Gemm_Rocblas_-1086326140
tn_320_804_2560_ld_2560_2560_320,0.310930,0.123280,0.122930,current,0.123280,1.0000,Gemm_Rocblas_-1086326122,Gemm_Rocblas_-1086326122
tn_320_8_10240_ld_10240_10240_320,0.133120,0.137500,0.079850,new,0.079850,1.7220,,Gemm_Rocblas_-1086326214
tn_320_8_2560_ld_2560_2560_320,0.056530,0.062380,0.044840,new,0.044840,1.3912,,Gemm_Rocblas_-1086326200
tn_320_9_10240_ld_10240_10240_320,0.131250,0.080060,0.080040,current,0.080060,1.0000,Gemm_Rocblas_-1086326214,Gemm_Rocblas_-1086326214
tn_320_9_2560_ld_2560_2560_320,0.056600,0.044830,0.044740,current,0.044830,1.0000,Gemm_Rocblas_-1086326200,Gemm_Rocblas_-1086326200
tn_336_1024_10240_ld_10240_10240_336,1.760640,0.449090,0.460160,current,0.449090,1.0000,Gemm_Rocblas_-1086326082,Gemm_Rocblas_-1086326082
tn_336_1025_10240_ld_10240_10240_336,1.866860,0.497160,0.462120,new,0.462120,1.0758,Gemm_Rocblas_-1086326128,Gemm_Rocblas_-1086326082
tn_336_1027_10240_ld_10240_10240_336,1.826149,0.464980,0.467070,current,0.464980,1.0000,Gemm_Rocblas_-1086326082,Gemm_Rocblas_-1086326082
tn_336_1029_10240_ld_10240_10240_336,1.833889,0.469390,0.469340,current,0.469390,1.0000,Gemm_Rocblas_-1086326082,Gemm_Rocblas_-1086326082
tn_336_1031_10240_ld_10240_10240_336,1.912360,0.468450,0.469330,current,0.468450,1.0000,Gemm_Rocblas_-1086326082,Gemm_Rocblas_-1086326082
tn_336_1036_10240_ld_10240_10240_336,1.909669,0.471020,0.468429,current,0.471020,1.0000,Gemm_Rocblas_-1086326082,Gemm_Rocblas_-1086326082
tn_336_1042_10240_ld_10240_10240_336,1.843380,0.470160,0.475150,current,0.470160,1.0000,Gemm_Rocblas_-1086326082,Gemm_Rocblas_-1086326082
tn_336_1045_10240_ld_10240_10240_336,1.852540,0.456600,0.473340,current,0.456600,1.0000,Gemm_Rocblas_-1086326082,Gemm_Rocblas_-1086326082
tn_336_1125_10240_ld_10240_10240_336,2.025250,0.467930,0.486359,current,0.467930,1.0000,Gemm_Rocblas_-1086326084,Gemm_Rocblas_-1086326082
tn_336_121_10240_ld_10240_10240_336,0.241050,0.142900,0.143220,current,0.142900,1.0000,Gemm_Rocblas_-1086326139,Gemm_Rocblas_-1086326140
tn_336_1264_10240_ld_10240_10240_336,2.268819,0.553140,0.563540,current,0.553140,1.0000,Gemm_Rocblas_-1086326098,Gemm_Rocblas_-1086326098
tn_336_1295_10240_ld_10240_10240_336,2.320240,0.556210,0.558360,current,0.556210,1.0000,Gemm_Rocblas_-1086326098,Gemm_Rocblas_-1086326098
tn_336_12_10240_ld_10240_10240_336,0.121210,0.079830,0.079780,current,0.079830,1.0000,Gemm_Rocblas_-1086326214,Gemm_Rocblas_-1086326214
tn_336_1323_10240_ld_10240_10240_336,2.541270,0.556220,0.561250,current,0.556220,1.0000,Gemm_Rocblas_-1086326062,Gemm_Rocblas_-1086326098
tn_336_1324_10240_ld_10240_10240_336,2.443670,0.557620,0.564410,current,0.557620,1.0000,Gemm_Rocblas_-1086326062,Gemm_Rocblas_-1086326098
tn_336_1325_10240_ld_10240_10240_336,2.438610,0.559420,0.566670,current,0.559420,1.0000,Gemm_Rocblas_-1086326062,Gemm_Rocblas_-1086326098
tn_336_1392_10240_ld_10240_10240_336,2.623950,0.576130,0.577720,current,0.576130,1.0000,Gemm_Rocblas_-1086326098,Gemm_Rocblas_-1086326098
tn_336_1399_10240_ld_10240_10240_336,2.646880,0.575400,0.578650,current,0.575400,1.0000,Gemm_Rocblas_-1086326124,Gemm_Rocblas_-1086326098
tn_336_1445_10240_ld_10240_10240_336,2.679899,0.577650,0.582610,current,0.577650,1.0000,Gemm_Rocblas_-1086326046,Gemm_Rocblas_-1086326098
tn_336_1495_10240_ld_10240_10240_336,2.649190,0.591710,0.587360,current,0.591710,1.0000,Gemm_Rocblas_-1086326078,Gemm_Rocblas_-1086326098
tn_336_1693_10240_ld_10240_10240_336,3.159779,0.733520,0.723180,current,0.733520,1.0000,Gemm_Rocblas_-1086326082,Gemm_Rocblas_-1086326082
tn_336_16_10240_ld_10240_10240_336,0.122560,0.079790,0.080900,current,0.079790,1.0000,Gemm_Rocblas_-1086326214,Gemm_Rocblas_-1086326201
tn_336_1888_10240_ld_10240_10240_336,3.542120,0.751010,0.760450,current,0.751010,1.0000,Gemm_Rocblas_-1086326084,Gemm_Rocblas_-1086326085
tn_336_1968_10240_ld_10240_10240_336,3.692609,0.809009,0.876040,current,0.809009,1.0000,Gemm_Rocblas_-1086326082,Gemm_Rocblas_-1086326082
tn_336_1969_10240_ld_10240_10240_336,3.600990,0.883190,0.885430,current,0.883190,1.0000,Gemm_Rocblas_-1086326063,Gemm_Rocblas_-1086326082
tn_336_1_10240_ld_10240_10240_336,0.109590,0.130890,0.033920,new,0.033920,3.8588,,Gemm_Rocblas_-9
tn_336_2045_10240_ld_10240_10240_336,4.022720,0.866650,0.883469,current,0.866650,1.0000,Gemm_Rocblas_-1086326079,Gemm_Rocblas_-1086326082
tn_336_2046_10240_ld_10240_10240_336,4.019939,0.867760,0.882050,current,0.867760,1.0000,Gemm_Rocblas_-1086326079,Gemm_Rocblas_-1086326082
tn_336_2047_10240_ld_10240_10240_336,4.004530,0.869700,0.802600,new,0.802600,1.0836,Gemm_Rocblas_-1086326079,Gemm_Rocblas_-1086326082
tn_336_2048_10240_ld_10240_10240_336,4.037279,0.878250,0.824380,new,0.824380,1.0653,Gemm_Rocblas_-1086326044,Gemm_Rocblas_-1086326082
tn_336_2066_10240_ld_10240_10240_336,3.948120,0.910330,0.889810,new,0.889810,1.0231,Gemm_Rocblas_-1086326079,Gemm_Rocblas_-1086326123
tn_336_2069_10240_ld_10240_10240_336,3.982960,0.884110,0.905040,current,0.884110,1.0000,Gemm_Rocblas_-1086326123,Gemm_Rocblas_-1086326060
tn_336_225_10240_ld_10240_10240_336,0.488690,0.163100,0.163990,current,0.163100,1.0000,Gemm_Rocblas_-1086326134,Gemm_Rocblas_-1086326140
tn_336_240_10240_ld_10240_10240_336,0.488670,0.165560,0.163320,current,0.165560,1.0000,Gemm_Rocblas_-1086326129,Gemm_Rocblas_-1086326134
tn_336_24_10240_ld_10240_10240_336,0.123150,0.086350,0.086870,current,0.086350,1.0000,Gemm_Rocblas_-1086326200,Gemm_Rocblas_-1086326204
tn_336_2_10240_ld_10240_10240_336,0.108870,0.125660,0.089810,new,0.089810,1.3992,,Gemm_Rocblas_-1086326214
tn_336_3073_10240_ld_10240_10240_336,7.626309,1.181869,1.194679,current,1.181869,1.0000,Gemm_Rocblas_-1086326082,Gemm_Rocblas_-1086326082
tn_336_3074_10240_ld_10240_10240_336,7.457889,1.214660,1.201370,current,1.214660,1.0000,Gemm_Rocblas_-1086326082,Gemm_Rocblas_-1086326082
tn_336_3075_10240_ld_10240_10240_336,7.608229,1.191890,1.194679,current,1.191890,1.0000,Gemm_Rocblas_-1086326082,Gemm_Rocblas_-1086326082
tn_336_3076_10240_ld_10240_10240_336,7.687509,1.201960,1.193640,current,1.201960,1.0000,Gemm_Rocblas_-1086326082,Gemm_Rocblas_-1086326082
tn_336_3077_10240_ld_10240_10240_336,7.441759,1.190169,1.197810,current,1.190169,1.0000,Gemm_Rocblas_-1086326082,Gemm_Rocblas_-1086326082
tn_336_3078_10240_ld_10240_10240_336,7.558019,1.193110,1.194970,current,1.193110,1.0000,Gemm_Rocblas_-1086326082,Gemm_Rocblas_-1086326082
tn_336_3079_10240_ld_10240_10240_336,7.620960,1.188399,1.184310,current,1.188399,1.0000,Gemm_Rocblas_-1086326082,Gemm_Rocblas_-1086326082
tn_336_3081_10240_ld_10240_10240_336,7.521439,1.202610,1.200979,current,1.202610,1.0000,Gemm_Rocblas_-1086326082,Gemm_Rocblas_-1086326082
tn_336_3084_10240_ld_10240_10240_336,7.593089,1.182500,1.186720,current,1.182500,1.0000,Gemm_Rocblas_-1086326082,Gemm_Rocblas_-1086326082
tn_336_3087_10240_ld_10240_10240_336,7.540900,1.182910,1.197469,current,1.182910,1.0000,Gemm_Rocblas_-1086326082,Gemm_Rocblas_-1086326082
tn_336_3090_10240_ld_10240_10240_336,7.651250,1.200740,1.195190,current,1.200740,1.0000,Gemm_Rocblas_-1086326082,Gemm_Rocblas_-1086326082
tn_336_3093_10240_ld_10240_10240_336,7.490250,1.209700,1.195280,current,1.209700,1.0000,Gemm_Rocblas_-1086326082,Gemm_Rocblas_-1086326082
tn_336_32_10240_ld_10240_10240_336,0.131400,0.086600,0.086990,current,0.086600,1.0000,Gemm_Rocblas_-1086326204,Gemm_Rocblas_-1086326204
tn_336_3_10240_ld_10240_10240_336,0.112030,0.120710,0.087210,new,0.087210,1.3841,,Gemm_Rocblas_-1086326214
tn_336_4096_10240_ld_10240_10240_336,8.919999,1.426720,1.436850,current,1.426720,1.0000,Gemm_Rocblas_-1086326077,Gemm_Rocblas_-1086326077
tn_336_43_10240_ld_10240_10240_336,0.131040,0.105550,0.104910,current,0.105550,1.0000,Gemm_Rocblas_-1086326210,Gemm_Rocblas_-1086326210
tn_336_44_10240_ld_10240_10240_336,0.131000,0.104980,0.105360,current,0.104980,1.0000,Gemm_Rocblas_-1086326204,Gemm_Rocblas_-1086326210
tn_336_4_10240_ld_10240_10240_336,0.111850,0.116010,0.084280,new,0.084280,1.3765,,Gemm_Rocblas_-1086326214
tn_336_56_10240_ld_10240_10240_336,0.134620,0.120940,0.120950,current,0.120940,1.0000,Gemm_Rocblas_-1086326202,Gemm_Rocblas_-1086326202
tn_336_5_10240_ld_10240_10240_336,0.111280,0.117140,0.082220,new,0.082220,1.4247,,Gemm_Rocblas_-1086326214
tn_336_60_10240_ld_10240_10240_336,0.136760,0.121180,0.120930,current,0.121180,1.0000,Gemm_Rocblas_-1086326202,Gemm_Rocblas_-1086326202
tn_336_64_10240_ld_10240_10240_336,0.141440,0.120910,0.121180,current,0.120910,1.0000,Gemm_Rocblas_-1086326202,Gemm_Rocblas_-1086326202
tn_336_692_10240_ld_10240_10240_336,1.239880,0.258940,0.257130,current,0.258940,1.0000,Gemm_Rocblas_-1086326082,Gemm_Rocblas_-1086326082
tn_336_6_10240_ld_10240_10240_336,0.112030,0.116970,0.080350,new,0.080350,1.4558,,Gemm_Rocblas_-1086326214
tn_336_701_10240_ld_10240_10240_336,1.238100,0.266239,0.268850,current,0.266239,1.0000,Gemm_Rocblas_-1086326082,Gemm_Rocblas_-1086326082
tn_336_704_10240_ld_10240_10240_336,1.246480,0.272070,0.273790,current,0.272070,1.0000,Gemm_Rocblas_-1086326082,Gemm_Rocblas_-1086326082
tn_336_784_10240_ld_10240_10240_336,1.424620,0.379320,0.384980,current,0.379320,1.0000,Gemm_Rocblas_-1086326140,Gemm_Rocblas_-1086326140
tn_336_788_10240_ld_10240_10240_336,1.387990,0.389069,0.401450,current,0.389069,1.0000,Gemm_Rocblas_-1086326140,Gemm_Rocblas_-1086326140
tn_336_789_10240_ld_10240_10240_336,1.418519,0.397420,0.404790,current,0.397420,1.0000,Gemm_Rocblas_-1086326140,Gemm_Rocblas_-1086326140
tn_336_7_10240_ld_10240_10240_336,0.113710,0.120730,0.080030,new,0.080030,1.5086,,Gemm_Rocblas_-1086326214
tn_336_804_10240_ld_10240_10240_336,1.479560,0.410380,0.404990,current,0.410380,1.0000,Gemm_Rocblas_-1086326128,Gemm_Rocblas_-1086326140
tn_336_8_10240_ld_10240_10240_336,0.112780,0.120480,0.079960,new,0.079960,1.5068,,Gemm_Rocblas_-1086326214
tn_336_9_10240_ld_10240_10240_336,0.120600,0.079410,0.079780,current,0.079410,1.0000,Gemm_Rocblas_-1086326214,Gemm_Rocblas_-1086326214
tn_3584_1024_2560_ld_2560_2560_3584,0.828040,0.847770,0.882160,dropped,,1.0000,Default,Default
tn_3584_1025_2560_ld_2560_2560_3584,0.878910,0.893980,0.895420,dropped,,1.0000,Default,Default
tn_3584_1027_2560_ld_2560_2560_3584,0.901490,0.922890,0.914620,dropped,,1.0000,Default,Default
tn_3584_1029_2560_ld_2560_2560_3584,0.908600,0.919120,0.919590,dropped,,1.0000,Default,Default
tn_3584_1031_2560_ld_2560_2560_3584,0.900810,0.919779,0.917190,dropped,,1.0000,Default,Default
tn_3584_1036_2560_ld_2560_2560_3584,0.900640,0.919710,0.917000,dropped,,1.0000,Default,Default
tn_3584_1042_2560_ld_2560_2560_3584,0.907300,0.918590,0.916550,dropped,,1.0000,Default,Default
tn_3584_1045_2560_ld_2560_2560_3584,0.898390,0.918540,0.917760,dropped,,1.0000,Default,Default
tn_3584_1125_2560_ld_2560_2560_3584,0.906470,0.925640,0.924340,dropped,,1.0000,Default,Default
tn_3584_121_2560_ld_2560_2560_3584,0.155430,0.161030,0.160870,dropped,,1.0000,Default,Default
tn_3584_1264_2560_ld_2560_2560_3584,0.930780,0.948970,0.954680,dropped,,1.0000,Default,Default
tn_3584_1295_2560_ld_2560_2560_3584,1.107879,1.133350,1.135300,dropped,,1.0000,Default,Default
tn_3584_12_2560_ld_2560_2560_3584,0.124100,0.093630,0.093760,current,0.093630,1.0000,Gemm_Rocblas_-1086326284,Gemm_Rocblas_-1086326194
tn_3584_1323_2560_ld_2560_2560_3584,1.102060,1.126810,1.126430,dropped,,1.0000,Default,Default
tn_3584_1324_2560_ld_2560_2560_3584,1.101880,1.125680,1.124459,dropped,,1.0000,Default,Default
tn_3584_1325_2560_ld_2560_2560_3584,1.100220,1.128180,1.134150,dropped,,1.0000,Default,Gemm_Rocblas_-1086326268
tn_3584_1392_2560_ld_2560_2560_3584,1.112740,1.134600,1.154019,dropped,,1.0000,Default,Default
tn_3584_1399_2560_ld_2560_2560_3584,1.113480,1.136769,1.146180,current,1.136769,1.0000,Gemm_Rocblas_-1086326063,Gemm_Rocblas_-1086326268
tn_3584_1445_2560_ld_2560_2560_3584,1.117750,1.142740,1.163190,dropped,,1.0000,Default,Default
tn_3584_1495_2560_ld_2560_2560_3584,1.126710,1.150300,1.155520,dropped,,1.0000,Default,Default
tn_3584_1693_2560_ld_2560_2560_3584,1.405250,1.359140,1.353200,current,1.359140,1.0000,Gemm_Rocblas_-1086326063,Gemm_Rocblas_-1086326063
tn_3584_16_2560_ld_2560_2560_3584,0.124610,0.093940,0.094000,current,0.093940,1.0000,Gemm_Rocblas_-1086326282,Gemm_Rocblas_-1086326157
tn_3584_1888_2560_ld_2560_2560_3584,1.532280,1.515499,1.550690,dropped,,1.0000,Default,Gemm_Rocblas_-1086326063
tn_3584_1968_2560_ld_2560_2560_3584,1.590230,1.612800,1.558580,dropped,,1.0000,Default,Gemm_Rocblas_-1086326063
tn_3584_1969_2560_ld_2560_2560_3584,1.595970,1.611200,1.562189,new,1.562189,1.0314,Default,Gemm_Rocblas_-1086326063
tn_3584_1_2560_ld_2560_2560_3584,0.096190,0.105350,0.061920,new,0.061920,1.7014,,Gemm_Rocblas_-9
tn_3584_2045_2560_ld_2560_2560_3584,1.615430,1.618859,1.575500,new,1.575500,1.0275,Default,Gemm_Rocblas_-1086326063
tn_3584_2046_2560_ld_2560_2560_3584,1.614920,1.611690,1.581049,dropped,,1.0000,Default,Gemm_Rocblas_-1086326063
tn_3584_2047_2560_ld_2560_2560_3584,1.602130,1.618780,1.580810,dropped,,1.0000,Default,Gemm_Rocblas_-1086326063
tn_3584_2048_2560_ld_2560_2560_3584,1.613990,1.621630,1.568630,new,1.568630,1.0338,Default,Gemm_Rocblas_-1086326063
tn_3584_2066_2560_ld_2560_2560_3584,1.692050,1.707830,1.626969,new,1.626969,1.0497,Default,Gemm_Rocblas_-1086326063
tn_3584_2069_2560_ld_2560_2560_3584,1.690380,1.706930,1.635179,new,1.635179,1.0439,Default,Gemm_Rocblas_-1086326063
tn_3584_225_2560_ld_2560_2560_3584,0.258520,0.230530,0.231040,current,0.230530,1.0000,Gemm_Rocblas_-1086326277,Gemm_Rocblas_-1086326277
tn_3584_240_2560_ld_2560_2560_3584,0.266790,0.241320,0.241730,current,0.241320,1.0000,Gemm_Rocblas_-1086326277,Gemm_Rocblas_-1086326277
tn_3584_24_2560_ld_2560_2560_3584,0.125300,0.099160,0.099710,current,0.099160,1.0000,Gemm_Rocblas_-1086326246,Gemm_Rocblas_-1086326246
tn_3584_2_2560_ld_2560_2560_3584,0.092409,0.100430,0.102050,dropped,,1.0000,,Default
tn_3584_3073_2560_ld_2560_2560_3584,2.396240,2.442400,2.452969,dropped,,1.0000,Default,Gemm_Rocblas_-1086326063
tn_3584_3074_2560_ld_2560_2560_3584,2.393849,2.444689,2.452659,dropped,,1.0000,Default,Gemm_Rocblas_-1086326063
tn_3584_3075_2560_ld_2560_2560_3584,2.396219,2.452820,2.468690,dropped,,1.0000,Default,Gemm_Rocblas_-1086326079
tn_3584_3076_2560_ld_2560_2560_3584,2.395330,2.446280,2.460230,dropped,,1.0000,Default,Gemm_Rocblas_-1086326063
tn_3584_3077_2560_ld_2560_2560_3584,2.394400,2.452640,2.465710,dropped,,1.0000,Default,Gemm_Rocblas_-1086326079
tn_3584_3078_2560_ld_2560_2560_3584,2.396769,2.454000,2.462670,dropped,,1.0000,Default,Gemm_Rocblas_-1086326063
tn_3584_3079_2560_ld_2560_2560_3584,2.396290,2.458470,2.462490,dropped,,1.0000,Default,Gemm_Rocblas_-1086326063
tn_3584_3081_2560_ld_2560_2560_3584,2.396230,2.452299,2.469700,dropped,,1.0000,Default,Gemm_Rocblas_-1086326079
tn_3584_3084_2560_ld_2560_2560_3584,2.397790,2.450870,2.464039,dropped,,1.0000,Default,Gemm_Rocblas_-1086326063
tn_3584_3087_2560_ld_2560_2560_3584,2.397530,2.452489,2.472329,dropped,,1.0000,Default,Gemm_Rocblas_-1086326079
tn_3584_3090_2560_ld_2560_2560_3584,2.397950,2.459420,2.471879,dropped,,1.0000,Default,Gemm_Rocblas_-1086326079
tn_3584_3093_2560_ld_2560_2560_3584,2.397850,2.457699,2.464610,dropped,,1.0000,Default,Gemm_Rocblas_-1086326063
tn_3584_32_2560_ld_2560_2560_3584,0.136460,0.099330,0.100050,current,0.099330,1.0000,Gemm_Rocblas_-1086326246,Gemm_Rocblas_-1086326246
tn_3584_3_2560_ld_2560_2560_3584,0.088550,0.096560,0.098690,dropped,,1.0000,,Default
tn_3584_4096_2560_ld_2560_2560_3584,4.805970,3.000880,3.010910,current,3.000880,1.0000,Gemm_Rocblas_-1086326063,Gemm_Rocblas_-1086326063
tn_3584_43_2560_ld_2560_2560_3584,0.223520,0.120820,0.119400,current,0.120820,1.0000,Gemm_Rocblas_-1086326127,Gemm_Rocblas_-1086326129
tn_3584_44_2560_ld_2560_2560_3584,0.228750,0.116790,0.124150,current,0.116790,1.0000,Gemm_Rocblas_-1086326129,Gemm_Rocblas_-1086326127
tn_3584_4_2560_ld_2560_2560_3584,0.086030,0.092940,0.093500,dropped,,1.0000,,Gemm_Rocblas_-1086326223
tn_3584_56_2560_ld_2560_2560_3584,0.191150,0.126610,0.123950,new,0.123950,1.0215,Gemm_Rocblas_-1086326129,Gemm_Rocblas_-1086326044
tn_3584_5_2560_ld_2560_2560_3584,0.083970,0.089420,0.091560,dropped,,1.0000,,Default
tn_3584_60_2560_ld_2560_2560_3584,0.201490,0.125090,0.122900,current,0.125090,1.0000,Gemm_Rocblas_-1086326044,Gemm_Rocblas_-1086326123
tn_3584_64_2560_ld_2560_2560_3584,0.195410,0.111270,0.111860,current,0.111270,1.0000,Gemm_Rocblas_-1086326129,Gemm_Rocblas_-1086326129
tn_3584_692_2560_ld_2560_2560_3584,0.589280,0.563270,0.573960,current,0.563270,1.0000,Gemm_Rocblas_-1086326077,Gemm_Rocblas_-1086326077
tn_3584_6_2560_ld_2560_2560_3584,0.082010,0.088000,0.089110,dropped,,1.0000,,Default
tn_3584_701_2560_ld_2560_2560_3584,0.622540,0.606260,0.618070,current,0.606260,1.0000,Gemm_Rocblas_-1086326077,Gemm_Rocblas_-1086326077
tn_3584_704_2560_ld_2560_2560_3584,0.641250,0.677570,0.625620,new,0.625620,1.0830,Default,Gemm_Rocblas_-1086326077
tn_3584_784_2560_ld_2560_2560_3584,0.821570,0.846670,0.731270,new,0.731270,1.1578,Default,Gemm_Rocblas_-1086326077
tn_3584_788_2560_ld_2560_2560_3584,0.815300,0.835760,0.736610,new,0.736610,1.1346,Default,Gemm_Rocblas_-1086326077
tn_3584_789_2560_ld_2560_2560_3584,0.813200,0.695630,0.734100,current,0.695630,1.0000,Gemm_Rocblas_-1086326061,Gemm_Rocblas_-1086326077
tn_3584_7_2560_ld_2560_2560_3584,0.080490,0.086110,0.085440,dropped,,1.0000,,Gemm_Rocblas_-1086326223
tn_3584_804_2560_ld_2560_2560_3584,0.811570,0.853640,0.731009,new,0.731009,1.1678,Default,Gemm_Rocblas_-1086326077
tn_3584_8_2560_ld_2560_2560_3584,0.080440,0.085510,0.084280,dropped,,1.0000,,Gemm_Rocblas_-1086326223
tn_3584_9_2560_ld_2560_2560_3584,0.123250,0.093480,0.094120,current,0.093480,1.0000,Gemm_Rocblas_-1086326157,Gemm_Rocblas_-1086326282
tn_4096_1024_2560_ld_2560_2560_4096,0.869430,0.892860,0.904370,dropped,,1.0000,Default,Default
tn_4096_1025_2560_ld_2560_2560_4096,1.070550,1.027040,1.041930,current,1.027040,1.0000,Gemm_Rocblas_-1086326277,Gemm_Rocblas_-1086326268
tn_4096_1027_2560_ld_2560_2560_4096,1.063329,1.025900,1.042840,current,1.025900,1.0000,Gemm_Rocblas_-1086326277,Gemm_Rocblas_-1086326268
tn_4096_1029_2560_ld_2560_2560_4096,1.063120,1.028050,1.052120,current,1.028050,1.0000,Gemm_Rocblas_-1086326277,Gemm_Rocblas_-1086326268
tn_4096_1031_2560_ld_2560_2560_4096,1.061600,1.028990,1.066890,current,1.028990,1.0000,Gemm_Rocblas_-1086326277,Gemm_Rocblas_-1086326268
tn_4096_1036_2560_ld_2560_2560_4096,1.064410,1.035250,1.062590,current,1.035250,1.0000,Gemm_Rocblas_-1086326277,Gemm_Rocblas_-1086326268
tn_4096_1042_2560_ld_2560_2560_4096,1.063420,1.034150,1.057710,current,1.034150,1.0000,Gemm_Rocblas_-1086326277,Gemm_Rocblas_-1086326268
tn_4096_1045_2560_ld_2560_2560_4096,1.064749,1.030030,1.037790,current,1.030030,1.0000,Gemm_Rocblas_-1086326277,Gemm_Rocblas_-1086326277
tn_4096_1125_2560_ld_2560_2560_4096,1.071920,1.049160,1.068589,current,1.049160,1.0000,Gemm_Rocblas_-1086326277,Gemm_Rocblas_-1086326268
tn_4096_121_2560_ld_2560_2560_4096,0.156340,0.160660,0.162120,current,0.160660,1.0000,Gemm_Rocblas_-1086326098,Default
tn_4096_1264_2560_ld_2560_2560_4096,1.102150,1.130660,1.139549,dropped,,1.0000,Default,Default
tn_4096_1295_2560_ld_2560_2560_4096,1.280140,1.272270,1.268190,current,1.272270,1.0000,Gemm_Rocblas_-1086326277,Gemm_Rocblas_-1086326277
tn_4096_12_2560_ld_2560_2560_4096,0.133380,0.098720,0.098980,current,0.098720,1.0000,Gemm_Rocblas_-1086326157,Gemm_Rocblas_-1086326284
tn_4096_1323_2560_ld_2560_2560_4096,1.276140,1.257310,1.262349,current,1.257310,1.0000,Gemm_Rocblas_-1086326277,Gemm_Rocblas_-1086326277
tn_4096_1324_2560_ld_2560_2560_4096,1.280240,1.306190,1.289859,current,1.306190,1.0000,Gemm_Rocblas_-1086326277,Gemm_Rocblas_-1086326277
tn_4096_1325_2560_ld_2560_2560_4096,1.275480,1.273020,1.305930,current,1.273020,1.0000,Gemm_Rocblas_-1086326277,Gemm_Rocblas_-1086326268
tn_4096_1392_2560_ld_2560_2560_4096,1.289010,1.312150,1.311510,current,1.312150,1.0000,Gemm_Rocblas_-1086326268,Gemm_Rocblas_-1086326277
tn_4096_1399_2560_ld_2560_2560_4096,1.290890,1.308259,1.322360,current,1.308259,1.0000,Gemm_Rocblas_-1086326277,Gemm_Rocblas_-1086326277
tn_4096_1445_2560_ld_2560_2560_4096,1.300320,1.334060,1.333740,dropped,,1.0000,Default,Default
tn_4096_1495_2560_ld_2560_2560_4096,1.307780,1.331360,1.336860,dropped,,1.0000,Default,Default
tn_4096_1693_2560_ld_2560_2560_4096,1.511670,1.538759,1.704770,dropped,,1.0000,Default,Gemm_Rocblas_-1086326110
tn_4096_16_2560_ld_2560_2560_4096,0.133990,0.098690,0.100070,current,0.098690,1.0000,Gemm_Rocblas_-1086326157,Gemm_Rocblas_-1086326246
tn_4096_1888_2560_ld_2560_2560_4096,1.904319,1.728159,1.756169,current,1.728159,1.0000,Gemm_Rocblas_-1086326268,Gemm_Rocblas_-1086326063
tn_4096_1968_2560_ld_2560_2560_4096,1.994370,1.775180,1.763619,current,1.775180,1.0000,Gemm_Rocblas_-1086326063,Gemm_Rocblas_-1086326063
tn_4096_1969_2560_ld_2560_2560_4096,2.004120,1.826800,1.766919,new,1.766919,1.0339,Gemm_Rocblas_-1086326268,Gemm_Rocblas_-1086326063
tn_4096_1_2560_ld_2560_2560_4096,0.086940,0.104480,0.067800,new,0.067800,1.5410,,Gemm_Rocblas_-9
tn_4096_2045_2560_ld_2560_2560_4096,2.036990,1.787430,1.775659,current,1.787430,1.0000,Gemm_Rocblas_-1086326063,Gemm_Rocblas_-1086326063
tn_4096_2046_2560_ld_2560_2560_4096,2.015529,1.775480,1.780640,current,1.775480,1.0000,Gemm_Rocblas_-1086326063,Gemm_Rocblas_-1086326063
tn_4096_2047_2560_ld_2560_2560_4096,2.025429,1.777989,1.785280,current,1.777989,1.0000,Gemm_Rocblas_-1086326063,Gemm_Rocblas_-1086326063
tn_4096_2048_2560_ld_2560_2560_4096,2.014569,1.766730,1.762960,current,1.766730,1.0000,Gemm_Rocblas_-1086326063,Gemm_Rocblas_-1086326063
tn_4096_2066_2560_ld_2560_2560_4096,2.112280,1.880860,1.908740,current,1.880860,1.0000,Gemm_Rocblas_-1086326063,Gemm_Rocblas_-1086326063
tn_4096_2069_2560_ld_2560_2560_4096,2.097970,1.856569,1.894230,current,1.856569,1.0000,Gemm_Rocblas_-1086326047,Gemm_Rocblas_-1086326063
tn_4096_225_2560_ld_2560_2560_4096,0.303180,0.240710,0.241110,current,0.240710,1.0000,Gemm_Rocblas_-1086326277,Gemm_Rocblas_-1086326277
tn_4096_240_2560_ld_2560_2560_4096,0.259350,0.253060,0.254060,current,0.253060,1.0000,Gemm_Rocblas_-1086326277,Gemm_Rocblas_-1086326277
tn_4096_24_2560_ld_2560_2560_4096,0.134890,0.099700,0.099890,current,0.099700,1.0000,Gemm_Rocblas_-1086326246,Gemm_Rocblas_-1086326246
tn_4096_2_2560_ld_2560_2560_4096,0.084820,0.101229,0.101480,dropped,,1.0000,,Gemm_Rocblas_-1086326223
tn_4096_3073_2560_ld_2560_2560_4096,3.102490,2.753649,2.725700,current,2.753649,1.0000,Gemm_Rocblas_-1086326063,Gemm_Rocblas_-1086326063
tn_4096_3074_2560_ld_2560_2560_4096,3.054610,2.720350,2.753900,current,2.720350,1.0000,Gemm_Rocblas_-1086326063,Gemm_Rocblas_-1086326063
tn_4096_3075_2560_ld_2560_2560_4096,3.175149,2.715760,2.739419,current,2.715760,1.0000,Gemm_Rocblas_-1086326063,Gemm_Rocblas_-1086326063
tn_4096_3076_2560_ld_2560_2560_4096,3.093510,2.749150,2.728689,current,2.749150,1.0000,Gemm_Rocblas_-1086326063,Gemm_Rocblas_-1086326063
tn_4096_3077_2560_ld_2560_2560_4096,3.112680,2.733169,2.747520,current,2.733169,1.0000,Gemm_Rocblas_-1086326063,Gemm_Rocblas_-1086326047
tn_4096_3078_2560_ld_2560_2560_4096,3.068290,2.729180,2.761730,current,2.729180,1.0000,Gemm_Rocblas_-1086326063,Gemm_Rocblas_-1086326063
tn_4096_3079_2560_ld_2560_2560_4096,3.052780,2.729309,2.745279,current,2.729309,1.0000,Gemm_Rocblas_-1086326063,Gemm_Rocblas_-1086326063
tn_4096_3081_2560_ld_2560_2560_4096,3.145990,2.718250,2.737500,current,2.718250,1.0000,Gemm_Rocblas_-1086326063,Gemm_Rocblas_-1086326063
tn_4096_3084_2560_ld_2560_2560_4096,3.080300,2.731530,2.748860,current,2.731530,1.0000,Gemm_Rocblas_-1086326063,Gemm_Rocblas_-1086326047
tn_4096_3087_2560_ld_2560_2560_4096,3.086699,2.735690,2.837269,current,2.735690,1.0000,Gemm_Rocblas_-1086326063,Gemm_Rocblas_-1086326063
tn_4096_3090_2560_ld_2560_2560_4096,3.041770,2.816170,2.744710,new,2.744710,1.0260,Gemm_Rocblas_-1086326063,Gemm_Rocblas_-1086326047
tn_4096_3093_2560_ld_2560_2560_4096,3.068510,2.715660,2.743270,current,2.715660,1.0000,Gemm_Rocblas_-1086326063,Gemm_Rocblas_-1086326063
tn_4096_32_2560_ld_2560_2560_4096,0.146270,0.100600,0.101030,current,0.100600,1.0000,Gemm_Rocblas_-1086326246,Gemm_Rocblas_-1086326246
tn_4096_3_2560_ld_2560_2560_4096,0.082810,0.097820,0.097220,dropped,,1.0000,,Gemm_Rocblas_-1086326221
tn_4096_4096_2560_ld_2560_2560_4096,3.395720,3.440540,3.444460,dropped,,1.0000,Default,Gemm_Rocblas_-1086326047
tn_4096_43_2560_ld_2560_2560_4096,0.254220,0.123560,0.123570,current,0.123560,1.0000,Gemm_Rocblas_-1086326096,Gemm_Rocblas_-1086326096
tn_4096_44_2560_ld_2560_2560_4096,0.253190,0.122550,0.122310,current,0.122550,1.0000,Gemm_Rocblas_-1086326140,Gemm_Rocblas_-1086326096
tn_4096_4_2560_ld_2560_2560_4096,0.081830,0.093570,0.094210,dropped,,1.0000,,Gemm_Rocblas_-1086326221
tn_4096_56_2560_ld_2560_2560_4096,0.208980,0.125640,0.125470,current,0.125640,1.0000,Gemm_Rocblas_-1086326044,Gemm_Rocblas_-1086326097
tn_4096_5_2560_ld_2560_2560_4096,0.081000,0.091140,0.091030,dropped,,1.0000,,Gemm_Rocblas_-1086326221
tn_4096_60_2560_ld_2560_2560_4096,0.211610,0.126100,0.126950,current,0.126100,1.0000,Gemm_Rocblas_-1086326123,Gemm_Rocblas_-1086326109
tn_4096_64_2560_ld_2560_2560_4096,0.210950,0.116640,0.117070,current,0.116640,1.0000,Gemm_Rocblas_-1086326129,Gemm_Rocblas_-1086326140
tn_4096_692_2560_ld_2560_2560_4096,0.626740,0.648979,0.650330,dropped,,1.0000,Gemm_Rocblas_-1086326063,Default
tn_4096_6_2560_ld_2560_2560_4096,0.081000,0.088730,0.088460,dropped,,1.0000,,Gemm_Rocblas_-1086326223
tn_4096_701_2560_ld_2560_2560_4096,0.667020,0.689430,0.691170,dropped,,1.0000,Default,Default
tn_4096_704_2560_ld_2560_2560_4096,0.686090,0.701170,0.702180,dropped,,1.0000,Default,Default
tn_4096_784_2560_ld_2560_2560_4096,0.867720,0.830180,0.849510,current,0.830180,1.0000,Gemm_Rocblas_-1086326277,Gemm_Rocblas_-1086326268
tn_4096_788_2560_ld_2560_2560_4096,0.861310,0.823889,0.852320,current,0.823889,1.0000,Gemm_Rocblas_-1086326277,Gemm_Rocblas_-1086326268
tn_4096_789_2560_ld_2560_2560_4096,0.857630,0.821540,0.844750,current,0.821540,1.0000,Gemm_Rocblas_-1086326277,Gemm_Rocblas_-1086326268
tn_4096_7_2560_ld_2560_2560_4096,0.080850,0.086450,0.086530,dropped,,1.0000,,Gemm_Rocblas_-1086326218
tn_4096_804_2560_ld_2560_2560_4096,0.853830,0.827020,0.846270,current,0.827020,1.0000,Gemm_Rocblas_-1086326277,Gemm_Rocblas_-1086326268
tn_4096_8_2560_ld_2560_2560_4096,0.080760,0.085520,0.084760,dropped,,1.0000,,Gemm_Rocblas_-1086326221
tn_4096_9_2560_ld_2560_2560_4096,0.133000,0.099370,0.099320,current,0.099370,1.0000,Gemm_Rocblas_-1086326194,Gemm_Rocblas_-1086326284
tn_512_1024_2560_ld_2560_2560_512,0.181070,0.148090,0.149410,current,0.148090,1.0000,Gemm_Rocblas_-1086326046,Gemm_Rocblas_-1086326082
tn_512_1025_2560_ld_2560_2560_512,0.177600,0.148950,0.153010,current,0.148950,1.0000,Gemm_Rocblas_-1086326046,Gemm_Rocblas_-1086326098
tn_512_1027_2560_ld_2560_2560_512,0.177160,0.153260,0.154430,current,0.153260,1.0000,Gemm_Rocblas_-1086326046,Gemm_Rocblas_-1086326098
tn_512_1029_2560_ld_2560_2560_512,0.176270,0.157600,0.157320,current,0.157600,1.0000,Gemm_Rocblas_-1086326045,Gemm_Rocblas_-1086326098
tn_512_1031_2560_ld_2560_2560_512,0.171340,0.155090,0.159720,current,0.155090,1.0000,Gemm_Rocblas_-1086326046,Gemm_Rocblas_-1086326098
tn_512_1036_2560_ld_2560_2560_512,0.177590,0.161100,0.158800,current,0.161100,1.0000,Gemm_Rocblas_-1086326045,Gemm_Rocblas_-1086326098
tn_512_1042_2560_ld_2560_2560_512,0.179880,0.160950,0.161520,current,0.160950,1.0000,Gemm_Rocblas_-1086326045,Gemm_Rocblas_-1086326098
tn_512_1045_2560_ld_2560_2560_512,0.175560,0.163580,0.162960,current,0.163580,1.0000,Gemm_Rocblas_-1086326045,Gemm_Rocblas_-1086326098
tn_512_1125_2560_ld_2560_2560_512,0.182510,0.163100,0.163090,current,0.163100,1.0000,Gemm_Rocblas_-1086326045,Gemm_Rocblas_-1086326098
tn_512_121_2560_ld_2560_2560_512,0.121170,0.068510,0.068940,current,0.068510,1.0000,Gemm_Rocblas_-1086326129,Gemm_Rocblas_-1086326129
tn_512_1264_2560_ld_2560_2560_512,0.240020,0.224030,0.214650,new,0.214650,1.0437,Gemm_Rocblas_-1086326044,Gemm_Rocblas_-1086326082
tn_512_1295_2560_ld_2560_2560_512,0.237750,0.224450,0.216450,new,0.216450,1.0370,Gemm_Rocblas_-1086326044,Gemm_Rocblas_-1086326082
tn_512_12_2560_ld_2560_2560_512,0.096290,0.046220,0.045600,current,0.046220,1.0000,Gemm_Rocblas_-1086326200,Gemm_Rocblas_-1086326200
tn_512_1323_2560_ld_2560_2560_512,0.236150,0.227030,0.216660,new,0.216660,1.0479,Gemm_Rocblas_-1086326044,Gemm_Rocblas_-1086326082
tn_512_1324_2560_ld_2560_2560_512,0.237530,0.226870,0.217960,new,0.217960,1.0409,Gemm_Rocblas_-1086326044,Gemm_Rocblas_-1086326082
tn_512_1325_2560_ld_2560_2560_512,0.240040,0.227430,0.222000,new,0.222000,1.0245,Gemm_Rocblas_-1086326044,Gemm_Rocblas_-1086326082
tn_512_1392_2560_ld_2560_2560_512,0.247400,0.229580,0.225360,current,0.229580,1.0000,Gemm_Rocblas_-1086326044,Gemm_Rocblas_-1086326082
tn_512_1399_2560_ld_2560_2560_512,0.248860,0.222100,0.221310,current,0.222100,1.0000,Gemm_Rocblas_-1086326082,Gemm_Rocblas_-1086326082
tn_512_1445_2560_ld_2560_2560_512,0.258830,0.233040,0.224330,new,0.224330,1.0388,Gemm_Rocblas_-1086326044,Gemm_Rocblas_-1086326082
tn_512_1495_2560_ld_2560_2560_512,0.258160,0.235570,0.234309,current,0.235570,1.0000,Gemm_Rocblas_-1086326044,Gemm_Rocblas_-1086326082
tn_512_1693_2560_ld_2560_2560_512,0.244520,0.249360,0.250850,current,0.249360,1.0000,Gemm_Rocblas_-1086326097,Gemm_Rocblas_-1086326097
tn_512_16_2560_ld_2560_2560_512,0.098340,0.045540,0.045330,current,0.045540,1.0000,Gemm_Rocblas_-1086326204,Gemm_Rocblas_-1086326200
tn_512_1888_2560_ld_2560_2560_512,0.253020,0.273070,0.258520,dropped,,1.0000,Default,Gemm_Rocblas_-1086326073
tn_512_1968_2560_ld_2560_2560_512,0.259370,0.274390,0.260220,dropped,,1.0000,Default,Gemm_Rocblas_-1086326047
tn_512_1969_2560_ld_2560_2560_512,0.264520,0.276790,0.264510,dropped,,1.0000,Gemm_Rocblas_-1086326098,Gemm_Rocblas_-1086326073
tn_512_1_2560_ld_2560_2560_512,0.093180,0.111090,0.024359,new,0.024359,4.5605,,Gemm_Rocblas_-9
tn_512_2045_2560_ld_2560_2560_512,0.270430,0.280400,0.261950,new,0.261950,1.0704,Default,Gemm_Rocblas_-1086326047
tn_512_2046_2560_ld_2560_2560_512,0.274570,0.280970,0.262090,new,0.262090,1.0720,Default,Gemm_Rocblas_-1086326047
tn_512_2047_2560_ld_2560_2560_512,0.275380,0.281750,0.268190,new,0.268190,1.0506,Default,Gemm_Rocblas_-1086326073
tn_512_2048_2560_ld_2560_2560_512,0.274290,0.258710,0.256970,current,0.258710,1.0000,Gemm_Rocblas_-1086326063,Gemm_Rocblas_-1086326047
tn_512_2066_2560_ld_2560_2560_512,0.275240,0.280240,0.259280,new,0.259280,1.0808,Default,Gemm_Rocblas_-1086326047
tn_512_2069_2560_ld_2560_2560_512,0.275580,0.281950,0.264810,new,0.264810,1.0647,Default,Gemm_Rocblas_-1086326047
tn_512_225_2560_ld_2560_2560_512,0.166740,0.074380,0.076020,current,0.074380,1.0000,Gemm_Rocblas_-1086326129,Gemm_Rocblas_-1086326134
tn_512_240_2560_ld_2560_2560_512,0.172550,0.075990,0.075530,current,0.075990,1.0000,Gemm_Rocblas_-1086326127,Gemm_Rocblas_-1086326129
tn_512_24_2560_ld_2560_2560_512,0.101560,0.051300,0.051290,current,0.051300,1.0000,Gemm_Rocblas_-1086326210,Gemm_Rocblas_-1086326210
tn_512_2_2560_ld_2560_2560_512,0.092630,0.105210,0.048800,new,0.048800,2.1559,,Gemm_Rocblas_-1086326204
tn_512_3073_2560_ld_2560_2560_512,0.369440,0.377230,0.375550,dropped,,1.0000,Default,Default
tn_512_3074_2560_ld_2560_2560_512,0.374510,0.382930,0.381650,dropped,,1.0000,Default,Gemm_Rocblas_-1086326277
tn_512_3075_2560_ld_2560_2560_512,0.379010,0.383040,0.387030,dropped,,1.0000,Default,Default
tn_512_3076_2560_ld_2560_2560_512,0.377720,0.387030,0.387420,dropped,,1.0000,Default,Default
tn_512_3077_2560_ld_2560_2560_512,0.376350,0.386560,0.388560,dropped,,1.0000,Default,Default
tn_512_3078_2560_ld_2560_2560_512,0.377650,0.384829,0.387380,dropped,,1.0000,Default,Default
tn_512_3079_2560_ld_2560_2560_512,0.377770,0.387560,0.386880,dropped,,1.0000,Default,Default
tn_512_3081_2560_ld_2560_2560_512,0.375020,0.386110,0.387190,dropped,,1.0000,Default,Default
tn_512_3084_2560_ld_2560_2560_512,0.374420,0.383920,0.385190,dropped,,1.0000,Default,Default
tn_512_3087_2560_ld_2560_2560_512,0.376450,0.384679,0.385370,dropped,,1.0000,Default,Gemm_Rocblas_-1086326277
tn_512_3090_2560_ld_2560_2560_512,0.375940,0.382580,0.385760,dropped,,1.0000,Default,Default
tn_512_3093_2560_ld_2560_2560_512,0.375000,0.385110,0.385350,dropped,,1.0000,Default,Gemm_Rocblas_-1086326277
tn_512_32_2560_ld_2560_2560_512,0.106500,0.051130,0.051600,current,0.051130,1.0000,Gemm_Rocblas_-1086326210,Gemm_Rocblas_-1086326202
tn_512_3_2560_ld_2560_2560_512,0.093070,0.103160,0.048670,new,0.048670,2.1196,,Gemm_Rocblas_-1086326200
tn_512_4096_2560_ld_2560_2560_512,0.447860,0.461870,0.463780,dropped,,1.0000,Default,Default
tn_512_43_2560_ld_2560_2560_512,0.106320,0.065090,0.065410,current,0.065090,1.0000,Gemm_Rocblas_-1086326200,Gemm_Rocblas_-1086326204
tn_512_44_2560_ld_2560_2560_512,0.106650,0.065330,0.060180,new,0.060180,1.0856,Gemm_Rocblas_-1086326204,Gemm_Rocblas_-1086326200
tn_512_4_2560_ld_2560_2560_512,0.091810,0.099230,0.047280,new,0.047280,2.0988,,Gemm_Rocblas_-1086326200
tn_512_56_2560_ld_2560_2560_512,0.106180,0.060420,0.065420,current,0.060420,1.0000,Gemm_Rocblas_-1086326205,Gemm_Rocblas_-1086326205
tn_512_5_2560_ld_2560_2560_512,0.091320,0.097920,0.046910,new,0.046910,2.0874,,Gemm_Rocblas_-1086326200
tn_512_60_2560_ld_2560_2560_512,0.109240,0.065750,0.065479,current,0.065750,1.0000,Gemm_Rocblas_-1086326205,Gemm_Rocblas_-1086326211
tn_512_64_2560_ld_2560_2560_512,0.110310,0.065540,0.066060,current,0.065540,1.0000,Gemm_Rocblas_-1086326211,Gemm_Rocblas_-1086326205
tn_512_692_2560_ld_2560_2560_512,0.220519,0.125440,0.126480,current,0.125440,1.0000,Gemm_Rocblas_-1086326134,Gemm_Rocblas_-1086326134
tn_512_6_2560_ld_2560_2560_512,0.092080,0.096370,0.046850,new,0.046850,2.0570,,Gemm_Rocblas_-1086326200
tn_512_701_2560_ld_2560_2560_512,0.220230,0.127310,0.126680,current,0.127310,1.0000,Gemm_Rocblas_-1086326134,Gemm_Rocblas_-1086326134
tn_512_704_2560_ld_2560_2560_512,0.220260,0.128990,0.125190,new,0.125190,1.0304,Gemm_Rocblas_-1086326127,Gemm_Rocblas_-1086326134
tn_512_784_2560_ld_2560_2560_512,0.166070,0.143650,0.138460,new,0.138460,1.0375,Gemm_Rocblas_-1086326046,Gemm_Rocblas_-1086326082
tn_512_788_2560_ld_2560_2560_512,0.165740,0.143870,0.137710,new,0.137710,1.0447,Gemm_Rocblas_-1086326046,Gemm_Rocblas_-1086326082
tn_512_789_2560_ld_2560_2560_512,0.165840,0.143640,0.139370,new,0.139370,1.0306,Gemm_Rocblas_-1086326046,Gemm_Rocblas_-1086326082
tn_512_7_2560_ld_2560_2560_512,0.093230,0.098500,0.046460,new,0.046460,2.1201,,Gemm_Rocblas_-1086326200
tn_512_804_2560_ld_2560_2560_512,0.167640,0.144010,0.141810,current,0.144010,1.0000,Gemm_Rocblas_-1086326046,Gemm_Rocblas_-1086326082
tn_512_8_2560_ld_2560_2560_512,0.092880,0.097260,0.045570,new,0.045570,2.1343,,Gemm_Rocblas_-1086326200
tn_512_9_2560_ld_2560_2560_512,0.095550,0.046290,0.045550,current,0.046290,1.0000,Gemm_Rocblas_-1086326204,Gemm_Rocblas_-1086326200
tn_62080_10_2560_ld_2560_2560_62080,2.778850,1.108560,1.130759,current,1.108560,1.0000,Gemm_Rocblas_-1086326159,Gemm_Rocblas_-1086326282
tn_62080_11_2560_ld_2560_2560_62080,2.789830,1.110550,1.130230,current,1.110550,1.0000,Gemm_Rocblas_-1086326177,Gemm_Rocblas_-1086326159
tn_62080_12_2560_ld_2560_2560_62080,2.787720,1.114310,1.122430,current,1.114310,1.0000,Gemm_Rocblas_-1086326177,Gemm_Rocblas_-1086326159
tn_62080_13_2560_ld_2560_2560_62080,2.791740,1.116720,1.127270,current,1.116720,1.0000,Gemm_Rocblas_-1086326196,Gemm_Rocblas_-1086326196
tn_62080_14_2560_ld_2560_2560_62080,2.794990,1.122470,1.131740,current,1.122470,1.0000,Gemm_Rocblas_-1086326159,Gemm_Rocblas_-1086326196
tn_62080_15_2560_ld_2560_2560_62080,2.794830,1.128529,1.134850,current,1.128529,1.0000,Gemm_Rocblas_-1086326159,Gemm_Rocblas_-1086326196
tn_62080_16_2560_ld_2560_2560_62080,2.800240,1.130320,1.135070,current,1.130320,1.0000,Gemm_Rocblas_-1086326159,Gemm_Rocblas_-1086326159
tn_62080_17_2560_ld_2560_2560_62080,2.801000,1.236270,1.245450,current,1.236270,1.0000,Gemm_Rocblas_-1086326246,Gemm_Rocblas_-1086326246
tn_62080_18_2560_ld_2560_2560_62080,2.803089,1.248540,1.257810,current,1.248540,1.0000,Gemm_Rocblas_-1086326246,Gemm_Rocblas_-1086326246
tn_62080_19_2560_ld_2560_2560_62080,2.807010,1.259160,1.263279,current,1.259160,1.0000,Gemm_Rocblas_-1086326246,Gemm_Rocblas_-1086326246
tn_62080_1_2560_ld_2560_2560_62080,2.722040,2.787130,0.898080,new,0.898080,3.1034,,Gemm_Rocblas_-9
tn_62080_20_2560_ld_2560_2560_62080,2.815590,1.266800,1.272069,current,1.266800,1.0000,Gemm_Rocblas_-1086326246,Gemm_Rocblas_-1086326246
tn_62080_21_2560_ld_2560_2560_62080,2.813040,1.273360,1.286590,current,1.273360,1.0000,Gemm_Rocblas_-1086326246,Gemm_Rocblas_-1086326246
tn_62080_22_2560_ld_2560_2560_62080,2.818249,1.281219,1.299659,current,1.281219,1.0000,Gemm_Rocblas_-1086326246,Gemm_Rocblas_-1086326246
tn_62080_24_2560_ld_2560_2560_62080,2.813960,1.349350,1.307210,new,1.307210,1.0322,Gemm_Rocblas_-1086326064,Gemm_Rocblas_-1086326246
tn_62080_2_2560_ld_2560_2560_62080,2.755700,2.811580,0.992870,new,0.992870,2.8318,,Gemm_Rocblas_-1086326223
tn_62080_32_2560_ld_2560_2560_62080,2.843239,1.349070,1.361290,current,1.349070,1.0000,Gemm_Rocblas_-1086326064,Gemm_Rocblas_-1086326064
tn_62080_3_2560_ld_2560_2560_62080,2.769270,2.830300,0.998670,new,0.998670,2.8341,,Gemm_Rocblas_-1086326223
tn_62080_4_2560_ld_2560_2560_62080,2.770160,2.830580,1.000940,new,1.000940,2.8279,,Gemm_Rocblas_-1086326223
tn_62080_5_2560_ld_2560_2560_62080,2.772590,2.829859,1.019260,new,1.019260,2.7764,,Gemm_Rocblas_-1086326221
tn_62080_6_2560_ld_2560_2560_62080,2.772160,2.832230,1.027070,new,1.027070,2.7576,,Gemm_Rocblas_-1086326221
tn_62080_7_2560_ld_2560_2560_62080,2.771800,2.834540,1.031090,new,1.031090,2.7491,,Gemm_Rocblas_-1086326221
tn_62080_8_2560_ld_2560_2560_62080,2.777210,2.835470,1.032530,new,1.032530,2.7461,,Gemm_Rocblas_-1086326223
tn_62080_9_2560_ld_2560_2560_62080,2.777030,1.110920,1.117820,current,1.110920,1.0000,Gemm_Rocblas_-1086326282,Gemm_Rocblas_-1086326282
tn_640_1024_2560_ld_2560_2560_640,0.234190,0.202840,0.203810,current,0.202840,1.0000,Gemm_Rocblas_-1086326082,Gemm_Rocblas_-1086326082
tn_640_1025_2560_ld_2560_2560_640,0.237010,0.203140,0.208570,current,0.203140,1.0000,Gemm_Rocblas_-1086326085,Gemm_Rocblas_-1086326083
tn_640_1027_2560_ld_2560_2560_640,0.236100,0.205770,0.211020,current,0.205770,1.0000,Gemm_Rocblas_-1086326085,Gemm_Rocblas_-1086326083
tn_640_1029_2560_ld_2560_2560_640,0.238230,0.207820,0.213090,current,0.207820,1.0000,Gemm_Rocblas_-1086326083,Gemm_Rocblas_-1086326083
tn_640_1031_2560_ld_2560_2560_640,0.239330,0.209740,0.215730,current,0.209740,1.0000,Gemm_Rocblas_-1086326085,Gemm_Rocblas_-1086326083
tn_640_1036_2560_ld_2560_2560_640,0.239630,0.211230,0.216160,current,0.211230,1.0000,Gemm_Rocblas_-1086326083,Gemm_Rocblas_-1086326083
tn_640_1042_2560_ld_2560_2560_640,0.240590,0.212880,0.218790,current,0.212880,1.0000,Gemm_Rocblas_-1086326083,Gemm_Rocblas_-1086326083
tn_640_1045_2560_ld_2560_2560_640,0.243130,0.214670,0.219170,current,0.214670,1.0000,Gemm_Rocblas_-1086326085,Gemm_Rocblas_-1086326083
tn_640_1125_2560_ld_2560_2560_640,0.246530,0.222590,0.225700,current,0.222590,1.0000,Gemm_Rocblas_-1086326085,Gemm_Rocblas_-1086326083
tn_640_121_2560_ld_2560_2560_640,0.126270,0.073960,0.074160,current,0.073960,1.0000,Gemm_Rocblas_-1086326140,Gemm_Rocblas_-1086326134
tn_640_12300_2560_ld_2560_2560_640,1.600089,1.630170,1.632000,current,1.630170,1.0000,Gemm_Rocblas_-1086326079,Gemm_Rocblas_-1086326063
tn_640_12312_2560_ld_2560_2560_640,1.607430,1.641750,1.644310,current,1.641750,1.0000,Gemm_Rocblas_-1086326079,Gemm_Rocblas_-1086326063
tn_640_12324_2560_ld_2560_2560_640,1.606080,1.632170,1.642399,dropped,,1.0000,Default,Gemm_Rocblas_-1086326063
tn_640_12336_2560_ld_2560_2560_640,1.605099,1.634120,1.639140,dropped,,1.0000,Default,Gemm_Rocblas_-1086326079
tn_640_12348_2560_ld_2560_2560_640,1.605520,1.632990,1.637880,dropped,,1.0000,Default,Gemm_Rocblas_-1086326079
tn_640_12360_2560_ld_2560_2560_640,1.600990,1.633259,1.643420,dropped,,1.0000,Default,Gemm_Rocblas_-1086326063
tn_640_12372_2560_ld_2560_2560_640,1.606760,1.632970,1.642370,dropped,,1.0000,Default,Gemm_Rocblas_-1086326063
tn_640_1264_2560_ld_2560_2560_640,0.259310,0.246780,0.256610,current,0.246780,1.0000,Gemm_Rocblas_-1086326047,Gemm_Rocblas_-1086326097
tn_640_128_2560_ld_2560_2560_640,0.127800,0.070510,0.071150,current,0.070510,1.0000,Gemm_Rocblas_-1086326129,Gemm_Rocblas_-1086326140
tn_640_1295_2560_ld_2560_2560_640,0.272540,0.244000,0.249090,current,0.244000,1.0000,Gemm_Rocblas_-1086326047,Gemm_Rocblas_-1086326047
tn_640_12_2560_ld_2560_2560_640,0.096880,0.045580,0.045980,current,0.045580,1.0000,Gemm_Rocblas_-1086326204,Gemm_Rocblas_-1086326200
tn_640_1323_2560_ld_2560_2560_640,0.279200,0.245140,0.249580,current,0.245140,1.0000,Gemm_Rocblas_-1086326047,Gemm_Rocblas_-1086326047
tn_640_1324_2560_ld_2560_2560_640,0.283750,0.247480,0.250270,current,0.247480,1.0000,Gemm_Rocblas_-1086326047,Gemm_Rocblas_-1086326047
tn_640_1325_2560_ld_2560_2560_640,0.297230,0.267829,0.249450,new,0.249450,1.0737,Gemm_Rocblas_-1086326273,Gemm_Rocblas_-1086326047
tn_640_1392_2560_ld_2560_2560_640,0.311450,0.250940,0.251080,current,0.250940,1.0000,Gemm_Rocblas_-1086326047,Gemm_Rocblas_-1086326047
tn_640_1399_2560_ld_2560_2560_640,0.311850,0.251010,0.252500,current,0.251010,1.0000,Gemm_Rocblas_-1086326047,Gemm_Rocblas_-1086326047
tn_640_1445_2560_ld_2560_2560_640,0.295020,0.251950,0.252690,current,0.251950,1.0000,Gemm_Rocblas_-1086326047,Gemm_Rocblas_-1086326047
tn_640_1495_2560_ld_2560_2560_640,0.310840,0.262099,0.254450,new,0.254450,1.0301,Gemm_Rocblas_-1086326277,Gemm_Rocblas_-1086326047
tn_640_16384_2560_ld_2560_2560_640,2.226819,2.111020,2.119000,current,2.111020,1.0000,Gemm_Rocblas_-1086326063,Gemm_Rocblas_-1086326079
tn_640_1693_2560_ld_2560_2560_640,0.250190,0.259500,0.269860,dropped,,1.0000,Gemm_Rocblas_-1086326047,Default
tn_640_16_2560_ld_2560_2560_640,0.099060,0.045580,0.045860,current,0.045580,1.0000,Gemm_Rocblas_-1086326204,Gemm_Rocblas_-1086326200
tn_640_1888_2560_ld_2560_2560_640,0.339640,0.340450,0.337340,current,0.340450,1.0000,Gemm_Rocblas_-1086326082,Gemm_Rocblas_-1086326082
tn_640_1968_2560_ld_2560_2560_640,0.344630,0.363190,0.354920,dropped,,1.0000,Default,Gemm_Rocblas_-1086326082
tn_640_1969_2560_ld_2560_2560_640,0.346640,0.359910,0.359870,dropped,,1.0000,Default,Gemm_Rocblas_-1086326082
tn_640_1_2560_ld_2560_2560_640,0.105060,0.111080,0.024520,new,0.024520,4.5302,,Gemm_Rocblas_-9
tn_640_2045_2560_ld_2560_2560_640,0.350090,0.360690,0.366700,dropped,,1.0000,Default,Gemm_Rocblas_-1086326082
tn_640_2046_2560_ld_2560_2560_640,0.349320,0.358320,0.367520,current,0.358320,1.0000,Gemm_Rocblas_-1086326268,Gemm_Rocblas_-1086326082
tn_640_2047_2560_ld_2560_2560_640,0.350520,0.356550,0.370060,current,0.356550,1.0000,Gemm_Rocblas_-1086326277,Default
tn_640_2048_2560_ld_2560_2560_640,0.348590,0.355210,0.344990,dropped,,1.0000,Default,Gemm_Rocblas_-1086326082
tn_640_2066_2560_ld_2560_2560_640,0.353430,0.359780,0.366860,dropped,,1.0000,Default,Gemm_Rocblas_-1086326082
tn_640_2069_2560_ld_2560_2560_640,0.353110,0.359439,0.374369,current,0.359439,1.0000,Gemm_Rocblas_-1086326277,Gemm_Rocblas_-1086326082
tn_640_224_2560_ld_2560_2560_640,0.214680,0.090710,0.094020,current,0.090710,1.0000,Gemm_Rocblas_-1086326134,Gemm_Rocblas_-1086326140
tn_640_225_2560_ld_2560_2560_640,0.191260,0.090730,0.090060,current,0.090730,1.0000,Gemm_Rocblas_-1086326134,Gemm_Rocblas_-1086326134
tn_640_240_2560_ld_2560_2560_640,0.192530,0.091870,0.093170,current,0.091870,1.0000,Gemm_Rocblas_-1086326129,Gemm_Rocblas_-1086326137
tn_640_24_2560_ld_2560_2560_640,0.100460,0.054870,0.054810,current,0.054870,1.0000,Gemm_Rocblas_-1086326204,Gemm_Rocblas_-1086326202
tn_640_2_2560_ld_2560_2560_640,0.101380,0.105930,0.049520,new,0.049520,2.1391,,Gemm_Rocblas_-1086326200
tn_640_3073_2560_ld_2560_2560_640,0.462450,0.448709,0.459370,current,0.448709,1.0000,Gemm_Rocblas_-1086326047,Gemm_Rocblas_-1086326047
tn_640_3074_2560_ld_2560_2560_640,0.473730,0.458680,0.465250,current,0.458680,1.0000,Gemm_Rocblas_-1086326047,Gemm_Rocblas_-1086326047
tn_640_3075_2560_ld_2560_2560_640,0.480680,0.465620,0.468219,current,0.465620,1.0000,Gemm_Rocblas_-1086326047,Gemm_Rocblas_-1086326047
tn_640_3076_2560_ld_2560_2560_640,0.485940,0.468890,0.468120,current,0.468890,1.0000,Gemm_Rocblas_-1086326047,Gemm_Rocblas_-1086326047
tn_640_3077_2560_ld_2560_2560_640,0.483710,0.469330,0.467100,current,0.469330,1.0000,Gemm_Rocblas_-1086326047,Gemm_Rocblas_-1086326047
tn_640_3078_2560_ld_2560_2560_640,0.484970,0.466900,0.467690,current,0.466900,1.0000,Gemm_Rocblas_-1086326047,Gemm_Rocblas_-1086326047
tn_640_3079_2560_ld_2560_2560_640,0.481130,0.467640,0.467690,current,0.467640,1.0000,Gemm_Rocblas_-1086326047,Gemm_Rocblas_-1086326047
tn_640_3081_2560_ld_2560_2560_640,0.479400,0.468230,0.467300,current,0.468230,1.0000,Gemm_Rocblas_-1086326063,Gemm_Rocblas_-1086326047
tn_640_3084_2560_ld_2560_2560_640,0.478470,0.467820,0.467320,current,0.467820,1.0000,Gemm_Rocblas_-1086326047,Gemm_Rocblas_-1086326047
tn_640_3087_2560_ld_2560_2560_640,0.478490,0.465670,0.469910,current,0.465670,1.0000,Gemm_Rocblas_-1086326047,Gemm_Rocblas_-1086326047
tn_640_3090_2560_ld_2560_2560_640,0.477340,0.463510,0.467020,current,0.463510,1.0000,Gemm_Rocblas_-1086326047,Gemm_Rocblas_-1086326047
tn_640_3093_2560_ld_2560_2560_640,0.475160,0.465430,0.467110,current,0.465430,1.0000,Gemm_Rocblas_-1086326047,Gemm_Rocblas_-1086326047
tn_640_32_2560_ld_2560_2560_640,0.107100,0.054620,0.054780,current,0.054620,1.0000,Gemm_Rocblas_-1086326202,Gemm_Rocblas_-1086326200
tn_640_3_2560_ld_2560_2560_640,0.098170,0.102260,0.048820,new,0.048820,2.0946,,Gemm_Rocblas_-1086326200
tn_640_4096_2560_ld_2560_2560_640,0.637890,0.604479,0.604520,current,0.604479,1.0000,Gemm_Rocblas_-1086326277,Gemm_Rocblas_-1086326077
tn_640_4108_2560_ld_2560_2560_640,0.637550,0.670040,0.620530,new,0.620530,1.0798,Default,Gemm_Rocblas_-1086326077
tn_640_4168_2560_ld_2560_2560_640,0.638980,0.657940,0.629280,dropped,,1.0000,Default,Gemm_Rocblas_-1086326077
tn_640_4180_2560_ld_2560_2560_640,0.639059,0.654060,0.627670,dropped,,1.0000,Default,Gemm_Rocblas_-1086326077
tn_640_43_2560_ld_2560_2560_640,0.108830,0.065829,0.066020,current,0.065829,1.0000,Gemm_Rocblas_-1086326129,Gemm_Rocblas_-1086326134
tn_640_44_2560_ld_2560_2560_640,0.108900,0.066180,0.066430,current,0.066180,1.0000,Gemm_Rocblas_-1086326140,Gemm_Rocblas_-1086326134
tn_640_48_2560_ld_2560_2560_640,0.109560,0.065430,0.065890,current,0.065430,1.0000,Gemm_Rocblas_-1086326129,Gemm_Rocblas_-1086326140
tn_640_4_2560_ld_2560_2560_640,0.094360,0.098660,0.048200,new,0.048200,2.0469,,Gemm_Rocblas_-1086326200
tn_640_56_2560_ld_2560_2560_640,0.110550,0.066080,0.066010,current,0.066080,1.0000,Gemm_Rocblas_-1086326140,Gemm_Rocblas_-1086326134
tn_640_5_2560_ld_2560_2560_640,0.092710,0.098080,0.047320,new,0.047320,2.0727,,Gemm_Rocblas_-1086326200
tn_640_60_2560_ld_2560_2560_640,0.110870,0.066720,0.066220,current,0.066720,1.0000,Gemm_Rocblas_-1086326140,Gemm_Rocblas_-1086326134
tn_640_692_2560_ld_2560_2560_640,0.220730,0.145410,0.144420,current,0.145410,1.0000,Gemm_Rocblas_-1086326098,Gemm_Rocblas_-1086326046
tn_640_6_2560_ld_2560_2560_640,0.093080,0.098050,0.047000,new,0.047000,2.0862,,Gemm_Rocblas_-1086326204
tn_640_701_2560_ld_2560_2560_640,0.219680,0.146180,0.146870,current,0.146180,1.0000,Gemm_Rocblas_-1086326098,Gemm_Rocblas_-1086326098
tn_640_704_2560_ld_2560_2560_640,0.219760,0.144270,0.145940,current,0.144270,1.0000,Gemm_Rocblas_-1086326078,Gemm_Rocblas_-1086326098
tn_640_784_2560_ld_2560_2560_640,0.192080,0.150400,0.148340,current,0.150400,1.0000,Gemm_Rocblas_-1086326077,Gemm_Rocblas_-1086326098
tn_640_788_2560_ld_2560_2560_640,0.195720,0.148830,0.150040,current,0.148830,1.0000,Gemm_Rocblas_-1086326098,Gemm_Rocblas_-1086326098
tn_640_789_2560_ld_2560_2560_640,0.194280,0.148840,0.151500,current,0.148840,1.0000,Gemm_Rocblas_-1086326098,Gemm_Rocblas_-1086326098
tn_640_7_2560_ld_2560_2560_640,0.093540,0.098240,0.046270,new,0.046270,2.1232,,Gemm_Rocblas_-1086326200
tn_640_804_2560_ld_2560_2560_640,0.193790,0.150250,0.153750,current,0.150250,1.0000,Gemm_Rocblas_-1086326098,Gemm_Rocblas_-1086326098
tn_640_8192_2560_ld_2560_2560_640,1.076200,1.103040,1.125820,current,1.103040,1.0000,Gemm_Rocblas_-1086326063,Default
tn_640_8264_2560_ld_2560_2560_640,1.124870,1.144559,1.144630,dropped,,1.0000,Default,Default
tn_640_8276_2560_ld_2560_2560_640,1.129170,1.151300,1.151960,dropped,,1.0000,Default,Default
tn_640_8_2560_ld_2560_2560_640,0.093350,0.098910,0.045600,new,0.045600,2.1691,,Gemm_Rocblas_-1086326200
tn_640_96_2560_ld_2560_2560_640,0.131220,0.072260,0.073130,current,0.072260,1.0000,Gemm_Rocblas_-1086326129,Gemm_Rocblas_-1086326134
tn_640_9_2560_ld_2560_2560_640,0.098020,0.046980,0.045970,new,0.045970,1.0220,Gemm_Rocblas_-1086326210,Gemm_Rocblas_-1086326204
tn_864_12544_1152_ld_1152_1152_864,1.010570,1.054500,1.048070,dropped,,1.0000,Default,Gemm_Rocblas_-1086326073
tn_864_6272_1152_ld_1152_1152_864,0.539230,0.552820,0.557040,current,0.552820,1.0000,Gemm_Rocblas_-1086326036,Gemm_Rocblas_-1086326069
