Validator,PT_VERSION,2.12.0
Validator,HIP_VERSION,714
Validator,HIPBLASLT_VERSION,100401-cd957402
Validator,GCN_ARCH_NAME,gfx1030
Validator,ROCBLAS_VERSION,5.5.0.cd957402
GemmTunableOp_Half_NN,nn_1536_1024_5120_ld_1536_5120_1536,Gemm_Rocblas_-1086327943,0.6911521971225739
GemmTunableOp_Half_NN,nn_1536_1037_5120_ld_1536_5120_1536,Gemm_Rocblas_-1086327921,0.7233846962451935
GemmTunableOp_Half_NN,nn_1536_225_5120_ld_1536_5120_1536,Gemm_Rocblas_-1086327985,0.20040229856967923
GemmTunableOp_Half_NN,nn_1_1023_2560_ld_1_2560_1,Gemm_Rocblas_-9,0.020744200237095355
GemmTunableOp_Half_NN,nn_1_1024_2560_ld_1_2560_1,Gemm_Rocblas_-9,0.02021
GemmTunableOp_Half_NN,nn_1_1025_2560_ld_1_2560_1,Gemm_Rocblas_-9,0.020324
GemmTunableOp_Half_NN,nn_1_1026_2560_ld_1_2560_1,Gemm_Rocblas_-9,0.020203999988734723
GemmTunableOp_Half_NN,nn_1_1027_2560_ld_1_2560_1,Gemm_Rocblas_-9,0.0202164
GemmTunableOp_Half_NN,nn_1_1028_2560_ld_1_2560_1,Gemm_Rocblas_-9,0.02002399992197752
GemmTunableOp_Half_NN,nn_1_1029_2560_ld_1_2560_1,Gemm_Rocblas_-9,0.0201412
GemmTunableOp_Half_NN,nn_1_1030_2560_ld_1_2560_1,Gemm_Rocblas_-9,0.02009200006723404
GemmTunableOp_Half_NN,nn_1_1031_2560_ld_1_2560_1,Gemm_Rocblas_-9,0.0203032
GemmTunableOp_Half_NN,nn_1_1033_2560_ld_1_2560_1,Gemm_Rocblas_-9,0.01994400005787611
GemmTunableOp_Half_NN,nn_1_1036_2560_ld_1_2560_1,Gemm_Rocblas_-9,0.020168
GemmTunableOp_Half_NN,nn_1_1039_2560_ld_1_2560_1,Gemm_Rocblas_-9,0.020187999680638318
GemmTunableOp_Half_NN,nn_1_1042_2560_ld_1_2560_1,Gemm_Rocblas_-9,0.0202284
GemmTunableOp_Half_NN,nn_1_1045_2560_ld_1_2560_1,Gemm_Rocblas_-9,0.0203052
GemmTunableOp_Half_NN,nn_1_1125_2560_ld_1_2560_1,Gemm_Rocblas_-9,0.0205544
GemmTunableOp_Half_NN,nn_1_121_2560_ld_1_2560_1,Gemm_Rocblas_-9,0.0136982
GemmTunableOp_Half_NN,nn_1_1264_2560_ld_1_2560_1,Gemm_Rocblas_-9,0.0224492
GemmTunableOp_Half_NN,nn_1_127_2560_ld_1_2560_1,Gemm_Rocblas_-9,0.01322419997304678
GemmTunableOp_Half_NN,nn_1_128_2560_ld_1_2560_1,Gemm_Rocblas_-9,0.01341619985178113
GemmTunableOp_Half_NN,nn_1_1295_2560_ld_1_2560_1,Gemm_Rocblas_-9,0.0225512
GemmTunableOp_Half_NN,nn_1_12_2560_ld_1_2560_1,Gemm_Rocblas_-9,0.0130648
GemmTunableOp_Half_NN,nn_1_130_2560_ld_1_2560_1,Gemm_Rocblas_-9,0.013376200012862683
GemmTunableOp_Half_NN,nn_1_1323_2560_ld_1_2560_1,Gemm_Rocblas_-9,0.0226008
GemmTunableOp_Half_NN,nn_1_1324_2560_ld_1_2560_1,Gemm_Rocblas_-9,0.0225984
GemmTunableOp_Half_NN,nn_1_1325_2560_ld_1_2560_1,Gemm_Rocblas_-9,0.0227532
GemmTunableOp_Half_NN,nn_1_134_2560_ld_1_2560_1,Gemm_Rocblas_-9,0.013248199969530104
GemmTunableOp_Half_NN,nn_1_1392_2560_ld_1_2560_1,Gemm_Rocblas_-9,0.0228352
GemmTunableOp_Half_NN,nn_1_1399_2560_ld_1_2560_1,Gemm_Rocblas_-9,0.0305972
GemmTunableOp_Half_NN,nn_1_1445_2560_ld_1_2560_1,Gemm_Rocblas_-9,0.0304676
GemmTunableOp_Half_NN,nn_1_1495_2560_ld_1_2560_1,Gemm_Rocblas_-9,0.0310157
GemmTunableOp_Half_NN,nn_1_1693_2560_ld_1_2560_1,Gemm_Rocblas_-9,0.0313976
GemmTunableOp_Half_NN,nn_1_16_2560_ld_1_2560_1,Gemm_Rocblas_-9,0.0135286
GemmTunableOp_Half_NN,nn_1_1786_2560_ld_1_2560_1,Gemm_Rocblas_-9,0.033176499977707864
GemmTunableOp_Half_NN,nn_1_1888_2560_ld_1_2560_1,Gemm_Rocblas_-9,0.0319632
GemmTunableOp_Half_NN,nn_1_1968_2560_ld_1_2560_1,Gemm_Rocblas_-9,0.027835999429225922
GemmTunableOp_Half_NN,nn_1_1969_2560_ld_1_2560_1,Gemm_Rocblas_-9,0.03413999937474728
GemmTunableOp_Half_NN,nn_1_1_2560_ld_1_2560_1,Gemm_Rocblas_-9,0.020151999965310096
GemmTunableOp_Half_NN,nn_1_2045_2560_ld_1_2560_1,Gemm_Rocblas_-9,0.0335652
GemmTunableOp_Half_NN,nn_1_2046_2560_ld_1_2560_1,Gemm_Rocblas_-9,0.0334892
GemmTunableOp_Half_NN,nn_1_2047_2560_ld_1_2560_1,Gemm_Rocblas_-9,0.0335028
GemmTunableOp_Half_NN,nn_1_2048_2560_ld_1_2560_1,Gemm_Rocblas_-9,0.0352132
GemmTunableOp_Half_NN,nn_1_2066_2560_ld_1_2560_1,Gemm_Rocblas_-9,0.0338156
GemmTunableOp_Half_NN,nn_1_2069_2560_ld_1_2560_1,Gemm_Rocblas_-9,0.033746
GemmTunableOp_Half_NN,nn_1_225_2560_ld_1_2560_1,Gemm_Rocblas_-9,0.013627999834716319
GemmTunableOp_Half_NN,nn_1_240_2560_ld_1_2560_1,Gemm_Rocblas_-9,0.013179999962449073
GemmTunableOp_Half_NN,nn_1_24_2560_ld_1_2560_1,Gemm_Rocblas_-9,0.0130428
GemmTunableOp_Half_NN,nn_1_257_2560_ld_1_2560_1,Gemm_Rocblas_-9,0.013484199810773135
GemmTunableOp_Half_NN,nn_1_259_2560_ld_1_2560_1,Gemm_Rocblas_-9,0.013488199934363364
GemmTunableOp_Half_NN,nn_1_261_2560_ld_1_2560_1,Gemm_Rocblas_-9,0.01358029991388321
GemmTunableOp_Half_NN,nn_1_262_2560_ld_1_2560_1,Gemm_Rocblas_-9,0.013412299845367669
GemmTunableOp_Half_NN,nn_1_2_2560_ld_1_2560_1,Gemm_Rocblas_-9,0.01666399985551834
GemmTunableOp_Half_NN,nn_1_3073_2560_ld_1_2560_1,Gemm_Rocblas_-9,0.041614
GemmTunableOp_Half_NN,nn_1_3074_2560_ld_1_2560_1,Gemm_Rocblas_-9,0.0415396
GemmTunableOp_Half_NN,nn_1_3075_2560_ld_1_2560_1,Gemm_Rocblas_-9,0.0415272
GemmTunableOp_Half_NN,nn_1_3076_2560_ld_1_2560_1,Gemm_Rocblas_-9,0.041588
GemmTunableOp_Half_NN,nn_1_3077_2560_ld_1_2560_1,Gemm_Rocblas_-9,0.0416036
GemmTunableOp_Half_NN,nn_1_3078_2560_ld_1_2560_1,Gemm_Rocblas_-9,0.0415152
GemmTunableOp_Half_NN,nn_1_3079_2560_ld_1_2560_1,Gemm_Rocblas_-9,0.0415124
GemmTunableOp_Half_NN,nn_1_3081_2560_ld_1_2560_1,Gemm_Rocblas_-9,0.0416104
GemmTunableOp_Half_NN,nn_1_3084_2560_ld_1_2560_1,Gemm_Rocblas_-9,0.041532
GemmTunableOp_Half_NN,nn_1_3087_2560_ld_1_2560_1,Gemm_Rocblas_-9,0.0416228
GemmTunableOp_Half_NN,nn_1_3090_2560_ld_1_2560_1,Gemm_Rocblas_-9,0.0416284
GemmTunableOp_Half_NN,nn_1_3093_2560_ld_1_2560_1,Gemm_Rocblas_-9,0.0416204
GemmTunableOp_Half_NN,nn_1_32_2560_ld_1_2560_1,Gemm_Rocblas_-9,0.0135538
GemmTunableOp_Half_NN,nn_1_3_2560_ld_1_2560_1,Gemm_Rocblas_-9,0.01343999970704317
GemmTunableOp_Half_NN,nn_1_4096_2560_ld_1_2560_1,Gemm_Rocblas_-9,0.050408
GemmTunableOp_Half_NN,nn_1_43_2560_ld_1_2560_1,Gemm_Rocblas_-9,0.0136794
GemmTunableOp_Half_NN,nn_1_44_2560_ld_1_2560_1,Gemm_Rocblas_-9,0.013527
GemmTunableOp_Half_NN,nn_1_4_2560_ld_1_2560_1,Gemm_Rocblas_-9,0.013240000046789647
GemmTunableOp_Half_NN,nn_1_56_2560_ld_1_2560_1,Gemm_Rocblas_-9,0.013152
GemmTunableOp_Half_NN,nn_1_5_2560_ld_1_2560_1,Gemm_Rocblas_-9,0.013251999858766794
GemmTunableOp_Half_NN,nn_1_60_2560_ld_1_2560_1,Gemm_Rocblas_-9,0.0132584
GemmTunableOp_Half_NN,nn_1_64_2560_ld_1_2560_1,Gemm_Rocblas_-9,0.014145
GemmTunableOp_Half_NN,nn_1_65_2560_ld_1_2560_1,Gemm_Rocblas_-9,0.013352199923247099
GemmTunableOp_Half_NN,nn_1_66_2560_ld_1_2560_1,Gemm_Rocblas_-9,0.013176199980080128
GemmTunableOp_Half_NN,nn_1_67_2560_ld_1_2560_1,Gemm_Rocblas_-9,0.013468199968338012
GemmTunableOp_Half_NN,nn_1_68_2560_ld_1_2560_1,Gemm_Rocblas_-9,0.013144199829548597
GemmTunableOp_Half_NN,nn_1_692_2560_ld_1_2560_1,Gemm_Rocblas_-9,0.0183274
GemmTunableOp_Half_NN,nn_1_69_2560_ld_1_2560_1,Gemm_Rocblas_-9,0.013320199958980084
GemmTunableOp_Half_NN,nn_1_6_2560_ld_1_2560_1,Gemm_Rocblas_-9,0.013263999950140713
GemmTunableOp_Half_NN,nn_1_701_2560_ld_1_2560_1,Gemm_Rocblas_-9,0.01803999971598387
GemmTunableOp_Half_NN,nn_1_704_2560_ld_1_2560_1,Gemm_Rocblas_-9,0.0177704
GemmTunableOp_Half_NN,nn_1_70_2560_ld_1_2560_1,Gemm_Rocblas_-9,0.013360199797898532
GemmTunableOp_Half_NN,nn_1_71_2560_ld_1_2560_1,Gemm_Rocblas_-9,0.01322829993441701
GemmTunableOp_Half_NN,nn_1_784_2560_ld_1_2560_1,Gemm_Rocblas_-9,0.0178408
GemmTunableOp_Half_NN,nn_1_788_2560_ld_1_2560_1,Gemm_Rocblas_-9,0.017872
GemmTunableOp_Half_NN,nn_1_789_2560_ld_1_2560_1,Gemm_Rocblas_-9,0.0178228
GemmTunableOp_Half_NN,nn_1_7_2560_ld_1_2560_1,Gemm_Rocblas_-9,0.013143999967724085
GemmTunableOp_Half_NN,nn_1_804_2560_ld_1_2560_1,Gemm_Rocblas_-9,0.0177844
GemmTunableOp_Half_NN,nn_1_8_2560_ld_1_2560_1,Gemm_Rocblas_-9,0.013104000035673382
GemmTunableOp_Half_NN,nn_1_9_2560_ld_1_2560_1,Gemm_Rocblas_-9,0.013012
GemmTunableOp_Half_NN,nn_256_1024_5120_ld_256_5120_256,Gemm_Rocblas_-1086327941,0.1253814995288849
GemmTunableOp_Half_NN,nn_256_1037_5120_ld_256_5120_256,Gemm_Rocblas_-1086327943,0.14042970091104506
GemmTunableOp_Half_NN,nn_256_2048_5120_ld_256_5120_256,Gemm_Rocblas_-1086327941,0.25220270156860347
GemmTunableOp_Half_NN,nn_256_225_5120_ld_256_5120_256,Gemm_Rocblas_-1086327940,0.06104879938066006
GemmTunableOp_Half_NN,nn_3072_225_5120_ld_3072_5120_3072,Gemm_Rocblas_-1086327943,0.3741887003183365
GemmTunableOp_Half_NN,nn_4352_1024_5120_ld_4352_5120_4352,Gemm_Rocblas_-1086327927,1.8023547649383544
GemmTunableOp_Half_NN,nn_4352_1037_5120_ld_4352_5120_4352,Gemm_Rocblas_-1086327921,2.0803997993469237
GemmTunableOp_Half_NN,nn_4352_225_5120_ld_4352_5120_4352,Gemm_Rocblas_-1086328115,0.5004313915967941
GemmTunableOp_Half_NN,nn_5120_225_4352_ld_5120_4352_5120,Gemm_Rocblas_-1086327943,0.5140805065631866
GemmTunableOp_Half_NN,nn_512_1024_5120_ld_512_5120_512,Gemm_Rocblas_-1086327916,0.2492382988333702
GemmTunableOp_Half_NN,nn_512_1037_5120_ld_512_5120_512,Gemm_Rocblas_-1086327943,0.24175069928169252
GemmTunableOp_Half_NN,nn_512_225_5120_ld_512_5120_512,Gemm_Rocblas_-1086327945,0.08025299981236457
GemmTunableOp_Half_TN,tn_10240_1023_2560_ld_2560_2560_10240,Gemm_Rocblas_-1086326040,2.309150457382202
GemmTunableOp_Half_TN,tn_10240_1024_2560_ld_2560_2560_10240,Gemm_Rocblas_-1086326047,2.05409
GemmTunableOp_Half_TN,tn_10240_1025_2560_ld_2560_2560_10240,Gemm_Rocblas_-1086326045,2.43968
GemmTunableOp_Half_TN,tn_10240_1026_2560_ld_2560_2560_10240,Gemm_Rocblas_-1086326045,2.809897150312151
GemmTunableOp_Half_TN,tn_10240_1027_2560_ld_2560_2560_10240,Gemm_Rocblas_-1086326045,2.13467
GemmTunableOp_Half_TN,tn_10240_1028_2560_ld_2560_2560_10240,Gemm_Rocblas_-1086326045,2.642817974090576
GemmTunableOp_Half_TN,tn_10240_1029_2560_ld_2560_2560_10240,Gemm_Rocblas_-1086326045,2.42651
GemmTunableOp_Half_TN,tn_10240_1030_2560_ld_2560_2560_10240,Gemm_Rocblas_-1086326045,2.644600205951267
GemmTunableOp_Half_TN,tn_10240_1031_2560_ld_2560_2560_10240,Gemm_Rocblas_-1086326045,2.34743
GemmTunableOp_Half_TN,tn_10240_1033_2560_ld_2560_2560_10240,Gemm_Rocblas_-1086326045,2.6522357728746204
GemmTunableOp_Half_TN,tn_10240_1036_2560_ld_2560_2560_10240,Gemm_Rocblas_-1086326045,2.6507068739997015
GemmTunableOp_Half_TN,tn_10240_1039_2560_ld_2560_2560_10240,Gemm_Rocblas_-1086326045,2.6581557856665716
GemmTunableOp_Half_TN,tn_10240_1042_2560_ld_2560_2560_10240,Gemm_Rocblas_-1086326045,2.6546580526563854
GemmTunableOp_Half_TN,tn_10240_1045_2560_ld_2560_2560_10240,Gemm_Rocblas_-1086326045,2.33782
GemmTunableOp_Half_TN,tn_10240_1088_320_ld_320_320_10240,Gemm_Rocblas_-1086326295,0.32248590290546414
GemmTunableOp_Half_TN,tn_10240_1125_2560_ld_2560_2560_10240,Gemm_Rocblas_-1086326045,2.718933211432563
GemmTunableOp_Half_TN,tn_10240_1152_320_ld_320_320_10240,Gemm_Rocblas_-1086326295,0.31697759330272673
GemmTunableOp_Half_TN,tn_10240_121_2560_ld_2560_2560_10240,Gemm_Rocblas_-1086326077,0.336982
GemmTunableOp_Half_TN,tn_10240_121_320_ld_320_320_10240,Gemm_Rocblas_-1086326116,0.06053999960422516
GemmTunableOp_Half_TN,tn_10240_1264_320_ld_320_320_10240,Gemm_Rocblas_-1086326295,0.318728
GemmTunableOp_Half_TN,tn_10240_127_2560_ld_2560_2560_10240,Gemm_Rocblas_-1086326077,0.36805500090122223
GemmTunableOp_Half_TN,tn_10240_128_2560_ld_2560_2560_10240,Gemm_Rocblas_-1086326077,0.34986639618873594
GemmTunableOp_Half_TN,tn_10240_128_320_ld_320_320_10240,Gemm_Rocblas_-1086326068,0.049300899356603624
GemmTunableOp_Half_TN,tn_10240_1295_320_ld_320_320_10240,Gemm_Rocblas_-1086326295,0.339083
GemmTunableOp_Half_TN,tn_10240_12_2560_ld_2560_2560_10240,Gemm_Rocblas_-1086326157,0.166367
GemmTunableOp_Half_TN,tn_10240_12_320_ld_320_320_10240,Gemm_Rocblas_-1086326152,0.02865
GemmTunableOp_Half_TN,tn_10240_130_2560_ld_2560_2560_10240,Gemm_Rocblas_-1086326077,0.5656104028224945
GemmTunableOp_Half_TN,tn_10240_1323_320_ld_320_320_10240,Gemm_Rocblas_-1086326295,0.347047
GemmTunableOp_Half_TN,tn_10240_1324_320_ld_320_320_10240,Gemm_Rocblas_-1086326295,0.346475
GemmTunableOp_Half_TN,tn_10240_1325_320_ld_320_320_10240,Gemm_Rocblas_-1086326295,0.346479
GemmTunableOp_Half_TN,tn_10240_1344_320_ld_320_320_10240,Gemm_Rocblas_-1086326295,0.38895110189914706
GemmTunableOp_Half_TN,tn_10240_134_2560_ld_2560_2560_10240,Gemm_Rocblas_-1086326077,0.5666985929012299
GemmTunableOp_Half_TN,tn_10240_1392_320_ld_320_320_10240,Gemm_Rocblas_-1086326295,0.340701
GemmTunableOp_Half_TN,tn_10240_1399_2560_ld_2560_2560_10240,Gemm_Rocblas_-1086326268,2.95732
GemmTunableOp_Half_TN,tn_10240_1399_320_ld_320_320_10240,Gemm_Rocblas_-1086326295,0.410568
GemmTunableOp_Half_TN,tn_10240_1408_320_ld_320_320_10240,Gemm_Rocblas_-1086326295,0.3888391971588135
GemmTunableOp_Half_TN,tn_10240_1445_320_ld_320_320_10240,Gemm_Rocblas_-1086326054,0.424551
GemmTunableOp_Half_TN,tn_10240_1600_320_ld_320_320_10240,Default,0.4502602994441986
GemmTunableOp_Half_TN,tn_10240_1664_320_ld_320_320_10240,Default,0.4594764947891235
GemmTunableOp_Half_TN,tn_10240_1693_2560_ld_2560_2560_10240,Gemm_Rocblas_-1086326047,3.62911
GemmTunableOp_Half_TN,tn_10240_16_2560_ld_2560_2560_10240,Gemm_Rocblas_-1086326194,0.174539
GemmTunableOp_Half_TN,tn_10240_16_320_ld_320_320_10240,Gemm_Rocblas_-1086326178,0.0297492
GemmTunableOp_Half_TN,tn_10240_1888_320_ld_320_320_10240,Gemm_Rocblas_-1086326295,0.452807
GemmTunableOp_Half_TN,tn_10240_1920_320_ld_320_320_10240,Default,0.5282297968864441
GemmTunableOp_Half_TN,tn_10240_192_320_ld_320_320_10240,Gemm_Rocblas_-1086326044,0.06931720077991485
GemmTunableOp_Half_TN,tn_10240_1_2560_ld_2560_2560_10240,Gemm_Rocblas_-9,0.10404399931430819
GemmTunableOp_Half_TN,tn_10240_1_320_ld_320_320_10240,Gemm_Rocblas_-1086326220,0.021119899675250055
GemmTunableOp_Half_TN,tn_10240_2045_320_ld_320_320_10240,Gemm_Rocblas_-1086326056,0.559711
GemmTunableOp_Half_TN,tn_10240_2047_320_ld_320_320_10240,Gemm_Rocblas_-1086326056,0.528162
GemmTunableOp_Half_TN,tn_10240_2066_320_ld_320_320_10240,Gemm_Rocblas_-1086326295,0.609705
GemmTunableOp_Half_TN,tn_10240_2069_320_ld_320_320_10240,Gemm_Rocblas_-1086326295,0.60891
GemmTunableOp_Half_TN,tn_10240_225_2560_ld_2560_2560_10240,Gemm_Rocblas_-1086326077,0.60549
GemmTunableOp_Half_TN,tn_10240_225_320_ld_320_320_10240,Gemm_Rocblas_-1086326044,0.0873392
GemmTunableOp_Half_TN,tn_10240_240_2560_ld_2560_2560_10240,Gemm_Rocblas_-1086326277,0.592089
GemmTunableOp_Half_TN,tn_10240_240_320_ld_320_320_10240,Gemm_Rocblas_-1086326070,0.09442399889230726
GemmTunableOp_Half_TN,tn_10240_24_2560_ld_2560_2560_10240,Gemm_Rocblas_-1086326246,0.173288
GemmTunableOp_Half_TN,tn_10240_24_320_ld_320_320_10240,Gemm_Rocblas_-1086326243,0.0302
GemmTunableOp_Half_TN,tn_10240_256_320_ld_320_320_10240,Gemm_Rocblas_-1086326068,0.08054159954190254
GemmTunableOp_Half_TN,tn_10240_257_2560_ld_2560_2560_10240,Gemm_Rocblas_-1086326268,0.8360952913761139
GemmTunableOp_Half_TN,tn_10240_259_2560_ld_2560_2560_10240,Gemm_Rocblas_-1086326268,0.8398393034934998
GemmTunableOp_Half_TN,tn_10240_261_2560_ld_2560_2560_10240,Gemm_Rocblas_-1086326077,0.8429953038692475
GemmTunableOp_Half_TN,tn_10240_262_2560_ld_2560_2560_10240,Gemm_Rocblas_-1086326077,0.8530634939670563
GemmTunableOp_Half_TN,tn_10240_2_2560_ld_2560_2560_10240,Gemm_Rocblas_-1086326223,0.13672000169754026
GemmTunableOp_Half_TN,tn_10240_2_320_ld_320_320_10240,Gemm_Rocblas_-1086326222,0.022602000087499623
GemmTunableOp_Half_TN,tn_10240_3076_320_ld_320_320_10240,Gemm_Rocblas_-1086326056,0.840768
GemmTunableOp_Half_TN,tn_10240_320_320_ld_320_320_10240,Gemm_Rocblas_-1086326295,0.11448599919676782
GemmTunableOp_Half_TN,tn_10240_32_2560_ld_2560_2560_10240,Gemm_Rocblas_-1086326246,0.192082
GemmTunableOp_Half_TN,tn_10240_32_320_ld_320_320_10240,Gemm_Rocblas_-1086326242,0.0302236
GemmTunableOp_Half_TN,tn_10240_384_320_ld_320_320_10240,Gemm_Rocblas_-1086326295,0.11334209889173508
GemmTunableOp_Half_TN,tn_10240_3_2560_ld_2560_2560_10240,Gemm_Rocblas_-1086326221,0.13680399805307386
GemmTunableOp_Half_TN,tn_10240_3_320_ld_320_320_10240,Gemm_Rocblas_-1086326217,0.0217119999229908
GemmTunableOp_Half_TN,tn_10240_4096_320_ld_320_320_10240,Gemm_Rocblas_-1086326056,0.926163
GemmTunableOp_Half_TN,tn_10240_43_2560_ld_2560_2560_10240,Gemm_Rocblas_-1086326097,0.212151899933815
GemmTunableOp_Half_TN,tn_10240_43_320_ld_320_320_10240,Gemm_Rocblas_-1086326262,0.0398921
GemmTunableOp_Half_TN,tn_10240_448_320_ld_320_320_10240,Gemm_Rocblas_-1086326295,0.15289469957351684
GemmTunableOp_Half_TN,tn_10240_44_2560_ld_2560_2560_10240,Gemm_Rocblas_-1086326044,0.203517
GemmTunableOp_Half_TN,tn_10240_44_320_ld_320_320_10240,Gemm_Rocblas_-1086326262,0.0396337
GemmTunableOp_Half_TN,tn_10240_4_2560_ld_2560_2560_10240,Gemm_Rocblas_-1086326221,0.13663599938154222
GemmTunableOp_Half_TN,tn_10240_4_320_ld_320_320_10240,Gemm_Rocblas_-1086326222,0.023395999893546102
GemmTunableOp_Half_TN,tn_10240_56_2560_ld_2560_2560_10240,Gemm_Rocblas_-1086326044,0.214812
GemmTunableOp_Half_TN,tn_10240_56_320_ld_320_320_10240,Gemm_Rocblas_-1086326262,0.0399724
GemmTunableOp_Half_TN,tn_10240_576_320_ld_320_320_10240,Gemm_Rocblas_-1086326295,0.18795560002326966
GemmTunableOp_Half_TN,tn_10240_5_2560_ld_2560_2560_10240,Gemm_Rocblas_-1086326221,0.13767600059509277
GemmTunableOp_Half_TN,tn_10240_5_320_ld_320_320_10240,Gemm_Rocblas_-1086326215,0.024091999791562554
GemmTunableOp_Half_TN,tn_10240_60_2560_ld_2560_2560_10240,Gemm_Rocblas_-1086326044,0.204082
GemmTunableOp_Half_TN,tn_10240_60_320_ld_320_320_10240,Gemm_Rocblas_-1086326262,0.0407712
GemmTunableOp_Half_TN,tn_10240_64_2560_ld_2560_2560_10240,Gemm_Rocblas_-1086326044,0.197026
GemmTunableOp_Half_TN,tn_10240_64_320_ld_320_320_10240,Gemm_Rocblas_-1086326033,0.034694
GemmTunableOp_Half_TN,tn_10240_65_2560_ld_2560_2560_10240,Gemm_Rocblas_-1086326268,0.343006494641304
GemmTunableOp_Half_TN,tn_10240_66_2560_ld_2560_2560_10240,Gemm_Rocblas_-1086326277,0.345478492975235
GemmTunableOp_Half_TN,tn_10240_67_2560_ld_2560_2560_10240,Gemm_Rocblas_-1086326268,0.34529419839382175
GemmTunableOp_Half_TN,tn_10240_68_2560_ld_2560_2560_10240,Gemm_Rocblas_-1086326268,0.34537020325660706
GemmTunableOp_Half_TN,tn_10240_692_2560_ld_2560_2560_10240,Gemm_Rocblas_-1086326063,1.56126
GemmTunableOp_Half_TN,tn_10240_69_2560_ld_2560_2560_10240,Gemm_Rocblas_-1086326268,0.3469144016504288
GemmTunableOp_Half_TN,tn_10240_6_2560_ld_2560_2560_10240,Gemm_Rocblas_-1086326218,0.13767989873886108
GemmTunableOp_Half_TN,tn_10240_6_320_ld_320_320_10240,Gemm_Rocblas_-1086326163,0.025407999940216544
GemmTunableOp_Half_TN,tn_10240_701_2560_ld_2560_2560_10240,Gemm_Rocblas_-1086326063,1.53871
GemmTunableOp_Half_TN,tn_10240_704_2560_ld_2560_2560_10240,Gemm_Rocblas_-1086326063,1.59952
GemmTunableOp_Half_TN,tn_10240_70_2560_ld_2560_2560_10240,Gemm_Rocblas_-1086326268,0.34646230041980747
GemmTunableOp_Half_TN,tn_10240_71_2560_ld_2560_2560_10240,Gemm_Rocblas_-1086326277,0.3480542987585068
GemmTunableOp_Half_TN,tn_10240_784_2560_ld_2560_2560_10240,Gemm_Rocblas_-1086326045,1.8842
GemmTunableOp_Half_TN,tn_10240_788_2560_ld_2560_2560_10240,Gemm_Rocblas_-1086326045,1.90832
GemmTunableOp_Half_TN,tn_10240_789_2560_ld_2560_2560_10240,Gemm_Rocblas_-1086326045,1.90352
GemmTunableOp_Half_TN,tn_10240_7_2560_ld_2560_2560_10240,Gemm_Rocblas_-1086326218,0.13837600350379944
GemmTunableOp_Half_TN,tn_10240_7_320_ld_320_320_10240,Gemm_Rocblas_-1086326220,0.025352000072598458
GemmTunableOp_Half_TN,tn_10240_804_2560_ld_2560_2560_10240,Gemm_Rocblas_-1086326045,1.85368
GemmTunableOp_Half_TN,tn_10240_8_2560_ld_2560_2560_10240,Gemm_Rocblas_-1086326218,0.13933199793100357
GemmTunableOp_Half_TN,tn_10240_8_320_ld_320_320_10240,Gemm_Rocblas_-1086326215,0.024268000014126302
GemmTunableOp_Half_TN,tn_10240_9_2560_ld_2560_2560_10240,Gemm_Rocblas_-1086326159,0.165085
GemmTunableOp_Half_TN,tn_10240_9_320_ld_320_320_10240,Gemm_Rocblas_-1086326180,0.0298796
GemmTunableOp_Half_TN,tn_1152_1568_4608_ld_4608_4608_1152,Gemm_Rocblas_-1086326063,0.781231
GemmTunableOp_Half_TN,tn_1152_3136_4608_ld_4608_4608_1152,Gemm_Rocblas_-1086326063,1.51283
GemmTunableOp_Half_TN,tn_1152_6272_1536_ld_1536_1536_1152,Gemm_Rocblas_-1086326077,0.8946399986743927
GemmTunableOp_Half_TN,tn_24_1023_2560_ld_2560_2560_24,Gemm_Rocblas_-1086326202,0.041416499763727195
GemmTunableOp_Half_TN,tn_24_1024_2560_ld_2560_2560_24,Gemm_Rocblas_-1086326202,0.043476
GemmTunableOp_Half_TN,tn_24_1024_5120_ld_5120_5120_24,Gemm_Rocblas_-1086326202,0.07061289921402931
GemmTunableOp_Half_TN,tn_24_1025_2560_ld_2560_2560_24,Gemm_Rocblas_-1086326202,0.0438156
GemmTunableOp_Half_TN,tn_24_1026_2560_ld_2560_2560_24,Gemm_Rocblas_-1086326202,0.04184399954974652
GemmTunableOp_Half_TN,tn_24_1027_2560_ld_2560_2560_24,Gemm_Rocblas_-1086326202,0.043612
GemmTunableOp_Half_TN,tn_24_1028_2560_ld_2560_2560_24,Gemm_Rocblas_-1086326211,0.04168800078332424
GemmTunableOp_Half_TN,tn_24_1029_2560_ld_2560_2560_24,Gemm_Rocblas_-1086326202,0.0438388
GemmTunableOp_Half_TN,tn_24_1030_2560_ld_2560_2560_24,Gemm_Rocblas_-1086326202,0.041871999576687816
GemmTunableOp_Half_TN,tn_24_1031_2560_ld_2560_2560_24,Gemm_Rocblas_-1086326202,0.0438768
GemmTunableOp_Half_TN,tn_24_1033_2560_ld_2560_2560_24,Gemm_Rocblas_-1086326202,0.042176099866628645
GemmTunableOp_Half_TN,tn_24_1036_2560_ld_2560_2560_24,Gemm_Rocblas_-1086326202,0.0438844
GemmTunableOp_Half_TN,tn_24_1037_5120_ld_5120_5120_24,Gemm_Rocblas_-1086326139,0.0700008012354374
GemmTunableOp_Half_TN,tn_24_1039_2560_ld_2560_2560_24,Gemm_Rocblas_-1086326211,0.04172810018062592
GemmTunableOp_Half_TN,tn_24_1042_2560_ld_2560_2560_24,Gemm_Rocblas_-1086326202,0.043792
GemmTunableOp_Half_TN,tn_24_1045_2560_ld_2560_2560_24,Gemm_Rocblas_-1086326202,0.0436892
GemmTunableOp_Half_TN,tn_24_1125_2560_ld_2560_2560_24,Gemm_Rocblas_-1086326202,0.043956
GemmTunableOp_Half_TN,tn_24_121_2560_ld_2560_2560_24,Gemm_Rocblas_-1086326201,0.0251051
GemmTunableOp_Half_TN,tn_24_1264_2560_ld_2560_2560_24,Gemm_Rocblas_-1086326202,0.0506864
GemmTunableOp_Half_TN,tn_24_127_2560_ld_2560_2560_24,Gemm_Rocblas_-1086326201,0.024184300005435942
GemmTunableOp_Half_TN,tn_24_128_2560_ld_2560_2560_24,Gemm_Rocblas_-1086326206,0.024432299844920635
GemmTunableOp_Half_TN,tn_24_1295_2560_ld_2560_2560_24,Gemm_Rocblas_-1086326202,0.0510148
GemmTunableOp_Half_TN,tn_24_12_2560_ld_2560_2560_24,Gemm_Rocblas_-1086326212,0.0224692
GemmTunableOp_Half_TN,tn_24_130_2560_ld_2560_2560_24,Gemm_Rocblas_-1086326201,0.024516399949789047
GemmTunableOp_Half_TN,tn_24_1323_2560_ld_2560_2560_24,Gemm_Rocblas_-1086326202,0.051236
GemmTunableOp_Half_TN,tn_24_1324_2560_ld_2560_2560_24,Gemm_Rocblas_-1086326202,0.0512508
GemmTunableOp_Half_TN,tn_24_1325_2560_ld_2560_2560_24,Gemm_Rocblas_-1086326202,0.0514188
GemmTunableOp_Half_TN,tn_24_134_2560_ld_2560_2560_24,Gemm_Rocblas_-1086326201,0.025116300024092198
GemmTunableOp_Half_TN,tn_24_1392_2560_ld_2560_2560_24,Gemm_Rocblas_-1086326202,0.051124
GemmTunableOp_Half_TN,tn_24_1399_2560_ld_2560_2560_24,Gemm_Rocblas_-1086326202,0.0530596
GemmTunableOp_Half_TN,tn_24_1445_2560_ld_2560_2560_24,Gemm_Rocblas_-1086326139,0.0523404
GemmTunableOp_Half_TN,tn_24_1495_2560_ld_2560_2560_24,Gemm_Rocblas_-1086326139,0.0541025
GemmTunableOp_Half_TN,tn_24_1693_2560_ld_2560_2560_24,Gemm_Rocblas_-1086326139,0.0544963
GemmTunableOp_Half_TN,tn_24_16_2560_ld_2560_2560_24,Gemm_Rocblas_-1086326201,0.0234607
GemmTunableOp_Half_TN,tn_24_16_5120_ld_5120_5120_24,Gemm_Rocblas_-1086326201,0.031104500032961363
GemmTunableOp_Half_TN,tn_24_1786_2560_ld_2560_2560_24,Gemm_Rocblas_-1086326139,0.05373290032148361
GemmTunableOp_Half_TN,tn_24_1888_2560_ld_2560_2560_24,Gemm_Rocblas_-1086326139,0.0557756
GemmTunableOp_Half_TN,tn_24_1968_2560_ld_2560_2560_24,Gemm_Rocblas_-1086326139,0.0563424
GemmTunableOp_Half_TN,tn_24_1969_2560_ld_2560_2560_24,Gemm_Rocblas_-1086326139,0.0619115
GemmTunableOp_Half_TN,tn_24_1_2560_ld_2560_2560_24,Gemm_Rocblas_-9,0.013204000052064655
GemmTunableOp_Half_TN,tn_24_1_5120_ld_5120_5120_24,Gemm_Rocblas_-9,0.015468200016766787
GemmTunableOp_Half_TN,tn_24_2045_2560_ld_2560_2560_24,Gemm_Rocblas_-1086326139,0.0567065
GemmTunableOp_Half_TN,tn_24_2046_2560_ld_2560_2560_24,Gemm_Rocblas_-1086326139,0.0566708
GemmTunableOp_Half_TN,tn_24_2047_2560_ld_2560_2560_24,Gemm_Rocblas_-1086326139,0.0565908
GemmTunableOp_Half_TN,tn_24_2048_2560_ld_2560_2560_24,Gemm_Rocblas_-1086326139,0.0588471
GemmTunableOp_Half_TN,tn_24_2048_5120_ld_5120_5120_24,Gemm_Rocblas_-1086326139,0.09290900006890297
GemmTunableOp_Half_TN,tn_24_2066_2560_ld_2560_2560_24,Gemm_Rocblas_-1086326139,0.0568568
GemmTunableOp_Half_TN,tn_24_2069_2560_ld_2560_2560_24,Gemm_Rocblas_-1086326139,0.0577688
GemmTunableOp_Half_TN,tn_24_225_2560_ld_2560_2560_24,Gemm_Rocblas_-1086326210,0.025138
GemmTunableOp_Half_TN,tn_24_225_5120_ld_5120_5120_24,Gemm_Rocblas_-1086326210,0.03763649947941303
GemmTunableOp_Half_TN,tn_24_240_2560_ld_2560_2560_24,Gemm_Rocblas_-1086326210,0.0241356
GemmTunableOp_Half_TN,tn_24_24_2560_ld_2560_2560_24,Gemm_Rocblas_-1086326201,0.0223808
GemmTunableOp_Half_TN,tn_24_257_2560_ld_2560_2560_24,Gemm_Rocblas_-1086326204,0.025624400191009044
GemmTunableOp_Half_TN,tn_24_259_2560_ld_2560_2560_24,Gemm_Rocblas_-1086326204,0.02521250005811453
GemmTunableOp_Half_TN,tn_24_261_2560_ld_2560_2560_24,Gemm_Rocblas_-1086326212,0.02851230017840862
GemmTunableOp_Half_TN,tn_24_262_2560_ld_2560_2560_24,Gemm_Rocblas_-1086326210,0.027513499930500986
GemmTunableOp_Half_TN,tn_24_2_2560_ld_2560_2560_24,Gemm_Rocblas_-1086326201,0.02547009959816933
GemmTunableOp_Half_TN,tn_24_2_5120_ld_5120_5120_24,Gemm_Rocblas_-1086326201,0.030544400028884408
GemmTunableOp_Half_TN,tn_24_3073_2560_ld_2560_2560_24,Gemm_Rocblas_-1086326246,0.070844
GemmTunableOp_Half_TN,tn_24_3074_2560_ld_2560_2560_24,Gemm_Rocblas_-1086326246,0.0704116
GemmTunableOp_Half_TN,tn_24_3075_2560_ld_2560_2560_24,Gemm_Rocblas_-1086326246,0.0706264
GemmTunableOp_Half_TN,tn_24_3076_2560_ld_2560_2560_24,Gemm_Rocblas_-1086326246,0.0704784
GemmTunableOp_Half_TN,tn_24_3077_2560_ld_2560_2560_24,Gemm_Rocblas_-1086326246,0.0706892
GemmTunableOp_Half_TN,tn_24_3078_2560_ld_2560_2560_24,Gemm_Rocblas_-1086326246,0.0712828
GemmTunableOp_Half_TN,tn_24_3079_2560_ld_2560_2560_24,Gemm_Rocblas_-1086326246,0.0714116
GemmTunableOp_Half_TN,tn_24_3081_2560_ld_2560_2560_24,Gemm_Rocblas_-1086326246,0.0703724
GemmTunableOp_Half_TN,tn_24_3084_2560_ld_2560_2560_24,Gemm_Rocblas_-1086326246,0.0705064
GemmTunableOp_Half_TN,tn_24_3087_2560_ld_2560_2560_24,Gemm_Rocblas_-1086326246,0.0709072
GemmTunableOp_Half_TN,tn_24_3090_2560_ld_2560_2560_24,Gemm_Rocblas_-1086326246,0.0709912
GemmTunableOp_Half_TN,tn_24_3093_2560_ld_2560_2560_24,Gemm_Rocblas_-1086326246,0.0710172
GemmTunableOp_Half_TN,tn_24_32_2560_ld_2560_2560_24,Gemm_Rocblas_-1086326201,0.0234163
GemmTunableOp_Half_TN,tn_24_3_2560_ld_2560_2560_24,Gemm_Rocblas_-1086326206,0.024525999836623666
GemmTunableOp_Half_TN,tn_24_3_5120_ld_5120_5120_24,Gemm_Rocblas_-1086326201,0.03069649990648031
GemmTunableOp_Half_TN,tn_24_4096_2560_ld_2560_2560_24,Gemm_Rocblas_-1086326246,0.0814872
GemmTunableOp_Half_TN,tn_24_43_2560_ld_2560_2560_24,Gemm_Rocblas_-1086326201,0.0233715
GemmTunableOp_Half_TN,tn_24_44_2560_ld_2560_2560_24,Gemm_Rocblas_-1086326206,0.0235915
GemmTunableOp_Half_TN,tn_24_4_2560_ld_2560_2560_24,Gemm_Rocblas_-1086326201,0.025120999850332736
GemmTunableOp_Half_TN,tn_24_4_5120_ld_5120_5120_24,Gemm_Rocblas_-1086326214,0.031112300045788285
GemmTunableOp_Half_TN,tn_24_56_2560_ld_2560_2560_24,Gemm_Rocblas_-1086326212,0.0224968
GemmTunableOp_Half_TN,tn_24_57_5120_ld_5120_5120_24,Gemm_Rocblas_-1086326201,0.030852299556136133
GemmTunableOp_Half_TN,tn_24_5_2560_ld_2560_2560_24,Gemm_Rocblas_-1086326201,0.024416000209748743
GemmTunableOp_Half_TN,tn_24_5_5120_ld_5120_5120_24,Gemm_Rocblas_-1086326201,0.03074849992990494
GemmTunableOp_Half_TN,tn_24_60_2560_ld_2560_2560_24,Gemm_Rocblas_-1086326201,0.022618
GemmTunableOp_Half_TN,tn_24_64_2560_ld_2560_2560_24,Gemm_Rocblas_-1086326201,0.0234759
GemmTunableOp_Half_TN,tn_24_65_2560_ld_2560_2560_24,Gemm_Rocblas_-1086326206,0.026249400153756142
GemmTunableOp_Half_TN,tn_24_66_2560_ld_2560_2560_24,Gemm_Rocblas_-1086326200,0.025020400062203407
GemmTunableOp_Half_TN,tn_24_67_2560_ld_2560_2560_24,Gemm_Rocblas_-1086326212,0.0254483999684453
GemmTunableOp_Half_TN,tn_24_68_2560_ld_2560_2560_24,Gemm_Rocblas_-1086326212,0.026278399676084516
GemmTunableOp_Half_TN,tn_24_692_2560_ld_2560_2560_24,Gemm_Rocblas_-1086326202,0.0395589
GemmTunableOp_Half_TN,tn_24_69_2560_ld_2560_2560_24,Gemm_Rocblas_-1086326206,0.02649339996278286
GemmTunableOp_Half_TN,tn_24_6_2560_ld_2560_2560_24,Gemm_Rocblas_-1086326212,0.024433999694883825
GemmTunableOp_Half_TN,tn_24_6_5120_ld_5120_5120_24,Gemm_Rocblas_-1086326201,0.030628500133752824
GemmTunableOp_Half_TN,tn_24_701_2560_ld_2560_2560_24,Gemm_Rocblas_-1086326202,0.0395165
GemmTunableOp_Half_TN,tn_24_704_2560_ld_2560_2560_24,Gemm_Rocblas_-1086326202,0.0385176
GemmTunableOp_Half_TN,tn_24_70_2560_ld_2560_2560_24,Gemm_Rocblas_-1086326214,0.024920499697327615
GemmTunableOp_Half_TN,tn_24_71_2560_ld_2560_2560_24,Gemm_Rocblas_-1086326201,0.024052500165998934
GemmTunableOp_Half_TN,tn_24_784_2560_ld_2560_2560_24,Gemm_Rocblas_-1086326202,0.038628
GemmTunableOp_Half_TN,tn_24_788_2560_ld_2560_2560_24,Gemm_Rocblas_-1086326202,0.0386812
GemmTunableOp_Half_TN,tn_24_789_2560_ld_2560_2560_24,Gemm_Rocblas_-1086326202,0.0386804
GemmTunableOp_Half_TN,tn_24_7_2560_ld_2560_2560_24,Gemm_Rocblas_-1086326201,0.023928999714553357
GemmTunableOp_Half_TN,tn_24_7_5120_ld_5120_5120_24,Gemm_Rocblas_-1086326214,0.03133619967848062
GemmTunableOp_Half_TN,tn_24_804_2560_ld_2560_2560_24,Gemm_Rocblas_-1086326202,0.0388436
GemmTunableOp_Half_TN,tn_24_8_2560_ld_2560_2560_24,Gemm_Rocblas_-1086326201,0.024475000053644183
GemmTunableOp_Half_TN,tn_24_8_5120_ld_5120_5120_24,Gemm_Rocblas_-1086326212,0.03080830033868551
GemmTunableOp_Half_TN,tn_24_9_2560_ld_2560_2560_24,Gemm_Rocblas_-1086326201,0.024624999985098837
GemmTunableOp_Half_TN,tn_2560_1023_2560_ld_2560_2560_2560,Gemm_Rocblas_-1086326077,0.6182871997356414
GemmTunableOp_Half_TN,tn_2560_1024_2560_ld_2560_2560_2560,Gemm_Rocblas_-1086326277,0.554948
GemmTunableOp_Half_TN,tn_2560_121_1536_ld_1536_1536_2560,Gemm_Rocblas_-1086326122,0.0924368
GemmTunableOp_Half_TN,tn_2560_121_2560_ld_2560_2560_2560,Gemm_Rocblas_-1086326133,0.140327
GemmTunableOp_Half_TN,tn_2560_1264_2560_ld_2560_2560_2560,Gemm_Rocblas_-1086326079,0.716284
GemmTunableOp_Half_TN,tn_2560_127_1536_ld_1536_1536_2560,Gemm_Rocblas_-1086326060,0.08951359987258911
GemmTunableOp_Half_TN,tn_2560_128_1536_ld_1536_1536_2560,Gemm_Rocblas_-1086326128,0.07875339910387993
GemmTunableOp_Half_TN,tn_2560_128_2560_ld_2560_2560_2560,Gemm_Rocblas_-1086326128,0.11507409811019896
GemmTunableOp_Half_TN,tn_2560_1295_160_ld_160_160_2560,Gemm_Rocblas_-1086326068,0.0624556
GemmTunableOp_Half_TN,tn_2560_1295_2560_ld_2560_2560_2560,Gemm_Rocblas_-1086326277,0.842687
GemmTunableOp_Half_TN,tn_2560_12_1536_ld_1536_1536_2560,Gemm_Rocblas_-1086326194,0.04148410037159919
GemmTunableOp_Half_TN,tn_2560_12_2560_ld_2560_2560_2560,Gemm_Rocblas_-1086326194,0.0593548
GemmTunableOp_Half_TN,tn_2560_130_1536_ld_1536_1536_2560,Gemm_Rocblas_-1086326060,0.0886254996061325
GemmTunableOp_Half_TN,tn_2560_130_2560_ld_2560_2560_2560,Gemm_Rocblas_-1086326060,0.14896669983863833
GemmTunableOp_Half_TN,tn_2560_1323_160_ld_160_160_2560,Gemm_Rocblas_-1086326038,0.0578804
GemmTunableOp_Half_TN,tn_2560_1323_2560_ld_2560_2560_2560,Gemm_Rocblas_-1086326277,0.8456
GemmTunableOp_Half_TN,tn_2560_1324_160_ld_160_160_2560,Gemm_Rocblas_-1086326068,0.0623332
GemmTunableOp_Half_TN,tn_2560_1324_2560_ld_2560_2560_2560,Gemm_Rocblas_-1086326277,0.843554
GemmTunableOp_Half_TN,tn_2560_1325_160_ld_160_160_2560,Gemm_Rocblas_-1086326068,0.0626616
GemmTunableOp_Half_TN,tn_2560_1325_2560_ld_2560_2560_2560,Gemm_Rocblas_-1086326277,0.845924
GemmTunableOp_Half_TN,tn_2560_134_1536_ld_1536_1536_2560,Gemm_Rocblas_-1086326060,0.0891456998884678
GemmTunableOp_Half_TN,tn_2560_134_2560_ld_2560_2560_2560,Gemm_Rocblas_-1086326044,0.14979059696197508
GemmTunableOp_Half_TN,tn_2560_1392_2560_ld_2560_2560_2560,Gemm_Rocblas_-1086326277,0.839519
GemmTunableOp_Half_TN,tn_2560_1399_2560_ld_2560_2560_2560,Gemm_Rocblas_-1086326277,0.896697
GemmTunableOp_Half_TN,tn_2560_1445_2560_ld_2560_2560_2560,Gemm_Rocblas_-1086326277,0.83681
GemmTunableOp_Half_TN,tn_2560_1568_1152_ld_1152_1152_2560,Gemm_Rocblas_-1086326056,0.398594
GemmTunableOp_Half_TN,tn_2560_1693_2560_ld_2560_2560_2560,Gemm_Rocblas_-1086326063,0.986781
GemmTunableOp_Half_TN,tn_2560_16_1536_ld_1536_1536_2560,Gemm_Rocblas_-1086326157,0.0425034
GemmTunableOp_Half_TN,tn_2560_16_2560_ld_2560_2560_2560,Gemm_Rocblas_-1086326157,0.0618436
GemmTunableOp_Half_TN,tn_2560_1888_2560_ld_2560_2560_2560,Gemm_Rocblas_-1086326277,1.07874
GemmTunableOp_Half_TN,tn_2560_1_1536_ld_1536_1536_2560,Gemm_Rocblas_-9,0.03106799982488155
GemmTunableOp_Half_TN,tn_2560_1_2560_ld_2560_2560_2560,Gemm_Rocblas_-9,0.03691999986767769
GemmTunableOp_Half_TN,tn_2560_2048_2560_ld_2560_2560_2560,Gemm_Rocblas_-1086326063,1.10171
GemmTunableOp_Half_TN,tn_2560_2066_1536_ld_1536_1536_2560,Gemm_Rocblas_-1086326063,0.693515
GemmTunableOp_Half_TN,tn_2560_2069_1536_ld_1536_1536_2560,Gemm_Rocblas_-1086326063,0.702155
GemmTunableOp_Half_TN,tn_2560_225_1536_ld_1536_1536_2560,Gemm_Rocblas_-1086326044,0.130374
GemmTunableOp_Half_TN,tn_2560_225_2560_ld_2560_2560_2560,Gemm_Rocblas_-1086326128,0.2196
GemmTunableOp_Half_TN,tn_2560_240_1536_ld_1536_1536_2560,Gemm_Rocblas_-1086326044,0.125746
GemmTunableOp_Half_TN,tn_2560_240_160_ld_160_160_2560,Gemm_Rocblas_-1086326262,0.0280372
GemmTunableOp_Half_TN,tn_2560_240_2560_ld_2560_2560_2560,Gemm_Rocblas_-1086326128,0.220441
GemmTunableOp_Half_TN,tn_2560_24_1536_ld_1536_1536_2560,Gemm_Rocblas_-1086326246,0.0477996
GemmTunableOp_Half_TN,tn_2560_24_2560_ld_2560_2560_2560,Gemm_Rocblas_-1086326140,0.0682752
GemmTunableOp_Half_TN,tn_2560_257_1536_ld_1536_1536_2560,Gemm_Rocblas_-1086326123,0.13894239962100982
GemmTunableOp_Half_TN,tn_2560_259_1536_ld_1536_1536_2560,Gemm_Rocblas_-1086326123,0.13877029865980148
GemmTunableOp_Half_TN,tn_2560_261_1536_ld_1536_1536_2560,Gemm_Rocblas_-1086326044,0.13856640160083772
GemmTunableOp_Half_TN,tn_2560_262_1536_ld_1536_1536_2560,Gemm_Rocblas_-1086326044,0.13843069970607758
GemmTunableOp_Half_TN,tn_2560_3073_2560_ld_2560_2560_2560,Gemm_Rocblas_-1086326079,1.81378
GemmTunableOp_Half_TN,tn_2560_3074_2560_ld_2560_2560_2560,Gemm_Rocblas_-1086326063,1.79107
GemmTunableOp_Half_TN,tn_2560_3075_1536_ld_1536_1536_2560,Gemm_Rocblas_-1086326063,1.03252
GemmTunableOp_Half_TN,tn_2560_3075_2560_ld_2560_2560_2560,Gemm_Rocblas_-1086326277,1.72939
GemmTunableOp_Half_TN,tn_2560_3076_2560_ld_2560_2560_2560,Gemm_Rocblas_-1086326277,1.72486
GemmTunableOp_Half_TN,tn_2560_3078_1536_ld_1536_1536_2560,Gemm_Rocblas_-1086326063,0.998196
GemmTunableOp_Half_TN,tn_2560_3078_2560_ld_2560_2560_2560,Gemm_Rocblas_-1086326277,1.69348
GemmTunableOp_Half_TN,tn_2560_3079_2560_ld_2560_2560_2560,Gemm_Rocblas_-1086326277,1.64891
GemmTunableOp_Half_TN,tn_2560_3081_2560_ld_2560_2560_2560,Gemm_Rocblas_-1086326063,1.78066
GemmTunableOp_Half_TN,tn_2560_3087_1536_ld_1536_1536_2560,Gemm_Rocblas_-1086326063,1.05627
GemmTunableOp_Half_TN,tn_2560_3090_1536_ld_1536_1536_2560,Gemm_Rocblas_-1086326063,1.06231
GemmTunableOp_Half_TN,tn_2560_3090_2560_ld_2560_2560_2560,Gemm_Rocblas_-1086326277,1.76734
GemmTunableOp_Half_TN,tn_2560_3093_1536_ld_1536_1536_2560,Gemm_Rocblas_-1086326063,1.08123
GemmTunableOp_Half_TN,tn_2560_3093_2560_ld_2560_2560_2560,Gemm_Rocblas_-1086326063,1.7682
GemmTunableOp_Half_TN,tn_2560_32_1536_ld_1536_1536_2560,Gemm_Rocblas_-1086326246,0.050649
GemmTunableOp_Half_TN,tn_2560_32_2560_ld_2560_2560_2560,Gemm_Rocblas_-1086326134,0.0748833
GemmTunableOp_Half_TN,tn_2560_4096_2560_ld_2560_2560_2560,Gemm_Rocblas_-1086326063,1.70785
GemmTunableOp_Half_TN,tn_2560_43_1536_ld_1536_1536_2560,Gemm_Rocblas_-1086326134,0.0612284
GemmTunableOp_Half_TN,tn_2560_43_2560_ld_2560_2560_2560,Gemm_Rocblas_-1086326134,0.077941
GemmTunableOp_Half_TN,tn_2560_44_1536_ld_1536_1536_2560,Gemm_Rocblas_-1086326140,0.0617716
GemmTunableOp_Half_TN,tn_2560_44_2560_ld_2560_2560_2560,Gemm_Rocblas_-1086326140,0.0788078
GemmTunableOp_Half_TN,tn_2560_4_1536_ld_1536_1536_2560,Gemm_Rocblas_-1086326223,0.04003999941051007
GemmTunableOp_Half_TN,tn_2560_56_1536_ld_1536_1536_2560,Gemm_Rocblas_-1086326140,0.0624264
GemmTunableOp_Half_TN,tn_2560_56_2560_ld_2560_2560_2560,Gemm_Rocblas_-1086326129,0.0790684
GemmTunableOp_Half_TN,tn_2560_5_1536_ld_1536_1536_2560,Gemm_Rocblas_-1086326218,0.03852000050246715
GemmTunableOp_Half_TN,tn_2560_60_1536_ld_1536_1536_2560,Gemm_Rocblas_-1086326134,0.0634912
GemmTunableOp_Half_TN,tn_2560_60_2560_ld_2560_2560_2560,Gemm_Rocblas_-1086326129,0.080584
GemmTunableOp_Half_TN,tn_2560_64_1536_ld_1536_1536_2560,Gemm_Rocblas_-1086326140,0.0527402
GemmTunableOp_Half_TN,tn_2560_64_2560_ld_2560_2560_2560,Gemm_Rocblas_-1086326140,0.0721813
GemmTunableOp_Half_TN,tn_2560_65_1536_ld_1536_1536_2560,Gemm_Rocblas_-1086326129,0.0732530988752842
GemmTunableOp_Half_TN,tn_2560_65_2560_ld_2560_2560_2560,Gemm_Rocblas_-1086326128,0.11552199944853783
GemmTunableOp_Half_TN,tn_2560_66_1536_ld_1536_1536_2560,Gemm_Rocblas_-1086326129,0.0744890995323658
GemmTunableOp_Half_TN,tn_2560_66_2560_ld_2560_2560_2560,Gemm_Rocblas_-1086326128,0.11636200025677682
GemmTunableOp_Half_TN,tn_2560_67_1536_ld_1536_1536_2560,Gemm_Rocblas_-1086326129,0.07444130033254623
GemmTunableOp_Half_TN,tn_2560_67_2560_ld_2560_2560_2560,Gemm_Rocblas_-1086326128,0.11667009964585305
GemmTunableOp_Half_TN,tn_2560_68_1536_ld_1536_1536_2560,Gemm_Rocblas_-1086326129,0.07638529911637307
GemmTunableOp_Half_TN,tn_2560_68_2560_ld_2560_2560_2560,Gemm_Rocblas_-1086326128,0.11716220006346702
GemmTunableOp_Half_TN,tn_2560_692_2560_ld_2560_2560_2560,Gemm_Rocblas_-1086326063,0.460849
GemmTunableOp_Half_TN,tn_2560_69_1536_ld_1536_1536_2560,Gemm_Rocblas_-1086326129,0.07491750046610833
GemmTunableOp_Half_TN,tn_2560_69_2560_ld_2560_2560_2560,Gemm_Rocblas_-1086326128,0.11704600006341935
GemmTunableOp_Half_TN,tn_2560_6_1536_ld_1536_1536_2560,Gemm_Rocblas_-1086326221,0.04002010002732277
GemmTunableOp_Half_TN,tn_2560_701_2560_ld_2560_2560_2560,Gemm_Rocblas_-1086326079,0.459616
GemmTunableOp_Half_TN,tn_2560_704_2560_ld_2560_2560_2560,Gemm_Rocblas_-1086326063,0.453492
GemmTunableOp_Half_TN,tn_2560_70_1536_ld_1536_1536_2560,Gemm_Rocblas_-1086326129,0.0761574000120163
GemmTunableOp_Half_TN,tn_2560_70_2560_ld_2560_2560_2560,Gemm_Rocblas_-1086326128,0.11957399919629097
GemmTunableOp_Half_TN,tn_2560_71_1536_ld_1536_1536_2560,Gemm_Rocblas_-1086326129,0.07650549933314324
GemmTunableOp_Half_TN,tn_2560_71_2560_ld_2560_2560_2560,Gemm_Rocblas_-1086326128,0.11760599985718728
GemmTunableOp_Half_TN,tn_2560_784_1536_ld_1536_1536_2560,Gemm_Rocblas_-1086326277,0.292381
GemmTunableOp_Half_TN,tn_2560_784_160_ld_160_160_2560,Gemm_Rocblas_-1086326051,0.0416156
GemmTunableOp_Half_TN,tn_2560_788_1536_ld_1536_1536_2560,Gemm_Rocblas_-1086326277,0.299363
GemmTunableOp_Half_TN,tn_2560_788_160_ld_160_160_2560,Gemm_Rocblas_-1086326276,0.0434008
GemmTunableOp_Half_TN,tn_2560_789_1536_ld_1536_1536_2560,Gemm_Rocblas_-1086326277,0.292467
GemmTunableOp_Half_TN,tn_2560_789_160_ld_160_160_2560,Gemm_Rocblas_-1086326276,0.0438344
GemmTunableOp_Half_TN,tn_2560_804_1536_ld_1536_1536_2560,Gemm_Rocblas_-1086326277,0.29867
GemmTunableOp_Half_TN,tn_2560_9_1536_ld_1536_1536_2560,Gemm_Rocblas_-1086326284,0.0410064
GemmTunableOp_Half_TN,tn_2560_9_2560_ld_2560_2560_2560,Gemm_Rocblas_-1086326284,0.0590812
GemmTunableOp_Half_TN,tn_320_1023_2560_ld_2560_2560_320,Gemm_Rocblas_-1086326128,0.12273800000548363
GemmTunableOp_Half_TN,tn_320_1024_10240_ld_10240_10240_320,Gemm_Rocblas_-1086326082,0.402021
GemmTunableOp_Half_TN,tn_320_1024_2560_ld_2560_2560_320,Gemm_Rocblas_-1086326128,0.12309
GemmTunableOp_Half_TN,tn_320_1025_10240_ld_10240_10240_320,Gemm_Rocblas_-1086326082,0.435467
GemmTunableOp_Half_TN,tn_320_1025_2560_ld_2560_2560_320,Gemm_Rocblas_-1086326128,0.125786
GemmTunableOp_Half_TN,tn_320_1026_10240_ld_10240_10240_320,Gemm_Rocblas_-1086326082,0.4244359940290451
GemmTunableOp_Half_TN,tn_320_1026_2560_ld_2560_2560_320,Gemm_Rocblas_-1086326128,0.11302399933338164
GemmTunableOp_Half_TN,tn_320_1027_10240_ld_10240_10240_320,Gemm_Rocblas_-1086326082,0.446597
GemmTunableOp_Half_TN,tn_320_1027_2560_ld_2560_2560_320,Gemm_Rocblas_-1086326128,0.122838
GemmTunableOp_Half_TN,tn_320_1028_10240_ld_10240_10240_320,Gemm_Rocblas_-1086326082,0.4306964010000229
GemmTunableOp_Half_TN,tn_320_1028_2560_ld_2560_2560_320,Gemm_Rocblas_-1086326128,0.12483209893107415
GemmTunableOp_Half_TN,tn_320_1029_10240_ld_10240_10240_320,Gemm_Rocblas_-1086326082,0.45484
GemmTunableOp_Half_TN,tn_320_1029_2560_ld_2560_2560_320,Gemm_Rocblas_-1086326128,0.131804
GemmTunableOp_Half_TN,tn_320_1030_10240_ld_10240_10240_320,Gemm_Rocblas_-1086326082,0.4291810989379883
GemmTunableOp_Half_TN,tn_320_1030_2560_ld_2560_2560_320,Gemm_Rocblas_-1086326128,0.12563209906220435
GemmTunableOp_Half_TN,tn_320_1031_10240_ld_10240_10240_320,Gemm_Rocblas_-1086326082,0.438767
GemmTunableOp_Half_TN,tn_320_1031_2560_ld_2560_2560_320,Gemm_Rocblas_-1086326128,0.128897
GemmTunableOp_Half_TN,tn_320_1033_10240_ld_10240_10240_320,Gemm_Rocblas_-1086326082,0.43360849618911745
GemmTunableOp_Half_TN,tn_320_1033_2560_ld_2560_2560_320,Gemm_Rocblas_-1086326128,0.1260042004287243
GemmTunableOp_Half_TN,tn_320_1036_10240_ld_10240_10240_320,Gemm_Rocblas_-1086326082,0.455753
GemmTunableOp_Half_TN,tn_320_1036_2560_ld_2560_2560_320,Gemm_Rocblas_-1086326128,0.131973
GemmTunableOp_Half_TN,tn_320_1039_10240_ld_10240_10240_320,Gemm_Rocblas_-1086326082,0.43192449808120725
GemmTunableOp_Half_TN,tn_320_1039_2560_ld_2560_2560_320,Gemm_Rocblas_-1086326128,0.12678009942173957
GemmTunableOp_Half_TN,tn_320_1042_10240_ld_10240_10240_320,Gemm_Rocblas_-1086326082,0.4340440988540649
GemmTunableOp_Half_TN,tn_320_1042_2560_ld_2560_2560_320,Gemm_Rocblas_-1086326128,0.127411
GemmTunableOp_Half_TN,tn_320_1045_10240_ld_10240_10240_320,Gemm_Rocblas_-1086326082,0.439119
GemmTunableOp_Half_TN,tn_320_1045_2560_ld_2560_2560_320,Gemm_Rocblas_-1086326083,0.131679
GemmTunableOp_Half_TN,tn_320_1088_10240_ld_10240_10240_320,Gemm_Rocblas_-1086326082,0.4423153042793274
GemmTunableOp_Half_TN,tn_320_1125_10240_ld_10240_10240_320,Gemm_Rocblas_-1086326084,0.463559
GemmTunableOp_Half_TN,tn_320_1125_2560_ld_2560_2560_320,Gemm_Rocblas_-1086326128,0.133558
GemmTunableOp_Half_TN,tn_320_121_10240_ld_10240_10240_320,Gemm_Rocblas_-1086326134,0.129718
GemmTunableOp_Half_TN,tn_320_121_2560_ld_2560_2560_320,Gemm_Rocblas_-1086326134,0.0459682
GemmTunableOp_Half_TN,tn_320_1264_10240_ld_10240_10240_320,Gemm_Rocblas_-1086326098,0.521503
GemmTunableOp_Half_TN,tn_320_1264_2560_ld_2560_2560_320,Gemm_Rocblas_-1086326078,0.142271
GemmTunableOp_Half_TN,tn_320_127_2560_ld_2560_2560_320,Gemm_Rocblas_-1086326134,0.042112599685788156
GemmTunableOp_Half_TN,tn_320_128_10240_ld_10240_10240_320,Gemm_Rocblas_-1086326140,0.11953389793634416
GemmTunableOp_Half_TN,tn_320_128_2560_ld_2560_2560_320,Gemm_Rocblas_-1086326134,0.040892799943685526
GemmTunableOp_Half_TN,tn_320_1295_10240_ld_10240_10240_320,Gemm_Rocblas_-1086326082,0.48746
GemmTunableOp_Half_TN,tn_320_1295_2560_ld_2560_2560_320,Gemm_Rocblas_-1086326062,0.145424
GemmTunableOp_Half_TN,tn_320_12_10240_ld_10240_10240_320,Gemm_Rocblas_-1086326214,0.0591872
GemmTunableOp_Half_TN,tn_320_12_2560_ld_2560_2560_320,Gemm_Rocblas_-1086326200,0.0237404
GemmTunableOp_Half_TN,tn_320_130_2560_ld_2560_2560_320,Gemm_Rocblas_-1086326137,0.0397886000573635
GemmTunableOp_Half_TN,tn_320_1323_10240_ld_10240_10240_320,Gemm_Rocblas_-1086326098,0.5280321955680848
GemmTunableOp_Half_TN,tn_320_1323_2560_ld_2560_2560_320,Gemm_Rocblas_-1086326062,0.145642
GemmTunableOp_Half_TN,tn_320_1324_10240_ld_10240_10240_320,Gemm_Rocblas_-1086326098,0.530794
GemmTunableOp_Half_TN,tn_320_1324_2560_ld_2560_2560_320,Gemm_Rocblas_-1086326062,0.144937
GemmTunableOp_Half_TN,tn_320_1325_10240_ld_10240_10240_320,Gemm_Rocblas_-1086326082,0.489372
GemmTunableOp_Half_TN,tn_320_1325_2560_ld_2560_2560_320,Gemm_Rocblas_-1086326062,0.144766
GemmTunableOp_Half_TN,tn_320_134_2560_ld_2560_2560_320,Gemm_Rocblas_-1086326134,0.040788800269365315
GemmTunableOp_Half_TN,tn_320_1392_10240_ld_10240_10240_320,Gemm_Rocblas_-1086326078,0.526777
GemmTunableOp_Half_TN,tn_320_1392_2560_ld_2560_2560_320,Gemm_Rocblas_-1086326062,0.141222
GemmTunableOp_Half_TN,tn_320_1399_10240_ld_10240_10240_320,Gemm_Rocblas_-1086326062,0.54648
GemmTunableOp_Half_TN,tn_320_1399_2560_ld_2560_2560_320,Gemm_Rocblas_-1086326098,0.151781
GemmTunableOp_Half_TN,tn_320_1445_10240_ld_10240_10240_320,Gemm_Rocblas_-1086326098,0.548996
GemmTunableOp_Half_TN,tn_320_1445_2560_ld_2560_2560_320,Gemm_Rocblas_-1086326098,0.149144
GemmTunableOp_Half_TN,tn_320_1495_10240_ld_10240_10240_320,Gemm_Rocblas_-1086326062,0.557718
GemmTunableOp_Half_TN,tn_320_1495_2560_ld_2560_2560_320,Gemm_Rocblas_-1086326077,0.157253
GemmTunableOp_Half_TN,tn_320_1693_10240_ld_10240_10240_320,Gemm_Rocblas_-1086326082,0.724076
GemmTunableOp_Half_TN,tn_320_1693_2560_ld_2560_2560_320,Gemm_Rocblas_-1086326122,0.187535
GemmTunableOp_Half_TN,tn_320_16_10240_ld_10240_10240_320,Gemm_Rocblas_-1086326214,0.0618968
GemmTunableOp_Half_TN,tn_320_16_2560_ld_2560_2560_320,Gemm_Rocblas_-1086326210,0.0245927
GemmTunableOp_Half_TN,tn_320_1792_10240_ld_10240_10240_320,Gemm_Rocblas_-1086326108,0.7015715956687927
GemmTunableOp_Half_TN,tn_320_1888_10240_ld_10240_10240_320,Gemm_Rocblas_-1086326084,0.753403
GemmTunableOp_Half_TN,tn_320_192_10240_ld_10240_10240_320,Gemm_Rocblas_-1086326134,0.12173799946904182
GemmTunableOp_Half_TN,tn_320_1968_10240_ld_10240_10240_320,Gemm_Rocblas_-1086326082,0.8251642048358917
GemmTunableOp_Half_TN,tn_320_1969_10240_ld_10240_10240_320,Gemm_Rocblas_-1086326082,0.7781642019748688
GemmTunableOp_Half_TN,tn_320_1_10240_ld_10240_10240_320,Gemm_Rocblas_-9,0.030315999686717984
GemmTunableOp_Half_TN,tn_320_1_2560_ld_2560_2560_320,Gemm_Rocblas_-9,0.016048000194132328
GemmTunableOp_Half_TN,tn_320_2045_10240_ld_10240_10240_320,Gemm_Rocblas_-1086326082,0.8045888006687164
GemmTunableOp_Half_TN,tn_320_2046_10240_ld_10240_10240_320,Gemm_Rocblas_-1086326082,0.835879
GemmTunableOp_Half_TN,tn_320_2047_10240_ld_10240_10240_320,Gemm_Rocblas_-1086326082,0.831791
GemmTunableOp_Half_TN,tn_320_2048_10240_ld_10240_10240_320,Gemm_Rocblas_-1086326082,0.8153922975063325
GemmTunableOp_Half_TN,tn_320_2048_2560_ld_2560_2560_320,Gemm_Rocblas_-1086326082,0.19664719849824905
GemmTunableOp_Half_TN,tn_320_2066_10240_ld_10240_10240_320,Gemm_Rocblas_-1086326128,0.836258
GemmTunableOp_Half_TN,tn_320_2069_10240_ld_10240_10240_320,Gemm_Rocblas_-1086326063,0.863618
GemmTunableOp_Half_TN,tn_320_225_10240_ld_10240_10240_320,Gemm_Rocblas_-1086326140,0.149812
GemmTunableOp_Half_TN,tn_320_225_2560_ld_2560_2560_320,Gemm_Rocblas_-1086326139,0.0538704
GemmTunableOp_Half_TN,tn_320_240_10240_ld_10240_10240_320,Gemm_Rocblas_-1086326134,0.143428
GemmTunableOp_Half_TN,tn_320_240_2560_ld_2560_2560_320,Gemm_Rocblas_-1086326139,0.0532232
GemmTunableOp_Half_TN,tn_320_24_10240_ld_10240_10240_320,Gemm_Rocblas_-1086326200,0.06331
GemmTunableOp_Half_TN,tn_320_24_2560_ld_2560_2560_320,Gemm_Rocblas_-1086326200,0.0246812
GemmTunableOp_Half_TN,tn_320_257_2560_ld_2560_2560_320,Gemm_Rocblas_-1086326133,0.05178469978272915
GemmTunableOp_Half_TN,tn_320_259_2560_ld_2560_2560_320,Gemm_Rocblas_-1086326139,0.051280099898576736
GemmTunableOp_Half_TN,tn_320_261_2560_ld_2560_2560_320,Gemm_Rocblas_-1086326139,0.05113289952278137
GemmTunableOp_Half_TN,tn_320_262_2560_ld_2560_2560_320,Gemm_Rocblas_-1086326136,0.05157299973070621
GemmTunableOp_Half_TN,tn_320_2_10240_ld_10240_10240_320,Gemm_Rocblas_-1086326214,0.058628099784255025
GemmTunableOp_Half_TN,tn_320_2_2560_ld_2560_2560_320,Gemm_Rocblas_-1086326200,0.027910000085830687
GemmTunableOp_Half_TN,tn_320_3073_10240_ld_10240_10240_320,Gemm_Rocblas_-1086326082,1.1289
GemmTunableOp_Half_TN,tn_320_3074_10240_ld_10240_10240_320,Gemm_Rocblas_-1086326082,1.15697
GemmTunableOp_Half_TN,tn_320_3075_10240_ld_10240_10240_320,Gemm_Rocblas_-1086326082,1.19526
GemmTunableOp_Half_TN,tn_320_3076_10240_ld_10240_10240_320,Gemm_Rocblas_-1086326082,1.17144
GemmTunableOp_Half_TN,tn_320_3077_10240_ld_10240_10240_320,Gemm_Rocblas_-1086326082,1.18565
GemmTunableOp_Half_TN,tn_320_3078_10240_ld_10240_10240_320,Gemm_Rocblas_-1086326082,1.19231
GemmTunableOp_Half_TN,tn_320_3079_10240_ld_10240_10240_320,Gemm_Rocblas_-1086326082,1.18616
GemmTunableOp_Half_TN,tn_320_3081_10240_ld_10240_10240_320,Gemm_Rocblas_-1086326082,1.19527
GemmTunableOp_Half_TN,tn_320_3084_10240_ld_10240_10240_320,Gemm_Rocblas_-1086326082,1.21495
GemmTunableOp_Half_TN,tn_320_3087_10240_ld_10240_10240_320,Gemm_Rocblas_-1086326082,1.20207
GemmTunableOp_Half_TN,tn_320_3090_10240_ld_10240_10240_320,Gemm_Rocblas_-1086326082,1.19474
GemmTunableOp_Half_TN,tn_320_3093_10240_ld_10240_10240_320,Gemm_Rocblas_-1086326082,1.19495
GemmTunableOp_Half_TN,tn_320_320_10240_ld_10240_10240_320,Gemm_Rocblas_-1086326129,0.1440101981163025
GemmTunableOp_Half_TN,tn_320_32_10240_ld_10240_10240_320,Gemm_Rocblas_-1086326200,0.0671097
GemmTunableOp_Half_TN,tn_320_32_2560_ld_2560_2560_320,Gemm_Rocblas_-1086326204,0.0254779
GemmTunableOp_Half_TN,tn_320_3_10240_ld_10240_10240_320,Gemm_Rocblas_-1086326201,0.058552100136876103
GemmTunableOp_Half_TN,tn_320_3_2560_ld_2560_2560_320,Gemm_Rocblas_-1086326200,0.025008000060915945
GemmTunableOp_Half_TN,tn_320_4096_10240_ld_10240_10240_320,Gemm_Rocblas_-1086326077,1.20561
GemmTunableOp_Half_TN,tn_320_43_10240_ld_10240_10240_320,Gemm_Rocblas_-1086326200,0.0874
GemmTunableOp_Half_TN,tn_320_43_2560_ld_2560_2560_320,Gemm_Rocblas_-1086326200,0.0342737
GemmTunableOp_Half_TN,tn_320_44_10240_ld_10240_10240_320,Gemm_Rocblas_-1086326210,0.0877411
GemmTunableOp_Half_TN,tn_320_44_2560_ld_2560_2560_320,Gemm_Rocblas_-1086326200,0.0344593
GemmTunableOp_Half_TN,tn_320_4_10240_ld_10240_10240_320,Gemm_Rocblas_-1086326214,0.058155999332666394
GemmTunableOp_Half_TN,tn_320_4_2560_ld_2560_2560_320,Gemm_Rocblas_-1086326201,0.027658999897539612
GemmTunableOp_Half_TN,tn_320_56_10240_ld_10240_10240_320,Gemm_Rocblas_-1086326202,0.0994972
GemmTunableOp_Half_TN,tn_320_56_2560_ld_2560_2560_320,Gemm_Rocblas_-1086326200,0.0378184
GemmTunableOp_Half_TN,tn_320_5_10240_ld_10240_10240_320,Gemm_Rocblas_-1086326214,0.057951999828219414
GemmTunableOp_Half_TN,tn_320_5_2560_ld_2560_2560_320,Gemm_Rocblas_-1086326214,0.025937000289559368
GemmTunableOp_Half_TN,tn_320_60_10240_ld_10240_10240_320,Gemm_Rocblas_-1086326202,0.0997828
GemmTunableOp_Half_TN,tn_320_60_2560_ld_2560_2560_320,Gemm_Rocblas_-1086326200,0.0379532
GemmTunableOp_Half_TN,tn_320_64_10240_ld_10240_10240_320,Gemm_Rocblas_-1086326202,0.103375
GemmTunableOp_Half_TN,tn_320_64_2560_ld_2560_2560_320,Gemm_Rocblas_-1086326204,0.0389709
GemmTunableOp_Half_TN,tn_320_65_2560_ld_2560_2560_320,Gemm_Rocblas_-1086326132,0.03984469994902611
GemmTunableOp_Half_TN,tn_320_66_2560_ld_2560_2560_320,Gemm_Rocblas_-1086326134,0.04058059975504875
GemmTunableOp_Half_TN,tn_320_67_2560_ld_2560_2560_320,Gemm_Rocblas_-1086326134,0.04045659974217415
GemmTunableOp_Half_TN,tn_320_68_2560_ld_2560_2560_320,Gemm_Rocblas_-1086326200,0.04009670056402683
GemmTunableOp_Half_TN,tn_320_692_10240_ld_10240_10240_320,Gemm_Rocblas_-1086326082,0.265256
GemmTunableOp_Half_TN,tn_320_692_2560_ld_2560_2560_320,Gemm_Rocblas_-1086326082,0.0870831
GemmTunableOp_Half_TN,tn_320_69_2560_ld_2560_2560_320,Gemm_Rocblas_-1086326134,0.04047660045325756
GemmTunableOp_Half_TN,tn_320_6_10240_ld_10240_10240_320,Gemm_Rocblas_-1086326214,0.0588639996945858
GemmTunableOp_Half_TN,tn_320_6_2560_ld_2560_2560_320,Gemm_Rocblas_-1086326200,0.025464000180363655
GemmTunableOp_Half_TN,tn_320_701_10240_ld_10240_10240_320,Gemm_Rocblas_-1086326082,0.273472
GemmTunableOp_Half_TN,tn_320_701_2560_ld_2560_2560_320,Gemm_Rocblas_-1086326082,0.0871861
GemmTunableOp_Half_TN,tn_320_704_10240_ld_10240_10240_320,Gemm_Rocblas_-1086326082,0.258739
GemmTunableOp_Half_TN,tn_320_704_2560_ld_2560_2560_320,Gemm_Rocblas_-1086326082,0.087186
GemmTunableOp_Half_TN,tn_320_70_2560_ld_2560_2560_320,Gemm_Rocblas_-1086326129,0.040228599682450294
GemmTunableOp_Half_TN,tn_320_71_2560_ld_2560_2560_320,Gemm_Rocblas_-1086326132,0.04031669981777668
GemmTunableOp_Half_TN,tn_320_784_10240_ld_10240_10240_320,Gemm_Rocblas_-1086326140,0.374791
GemmTunableOp_Half_TN,tn_320_784_2560_ld_2560_2560_320,Gemm_Rocblas_-1086326122,0.105975
GemmTunableOp_Half_TN,tn_320_788_10240_ld_10240_10240_320,Gemm_Rocblas_-1086326140,0.380391
GemmTunableOp_Half_TN,tn_320_788_2560_ld_2560_2560_320,Gemm_Rocblas_-1086326122,0.107712
GemmTunableOp_Half_TN,tn_320_789_10240_ld_10240_10240_320,Gemm_Rocblas_-1086326140,0.376324
GemmTunableOp_Half_TN,tn_320_789_2560_ld_2560_2560_320,Gemm_Rocblas_-1086326122,0.107294
GemmTunableOp_Half_TN,tn_320_7_10240_ld_10240_10240_320,Gemm_Rocblas_-1086326214,0.05864799991250038
GemmTunableOp_Half_TN,tn_320_7_2560_ld_2560_2560_320,Gemm_Rocblas_-1086326200,0.027149999886751174
GemmTunableOp_Half_TN,tn_320_804_10240_ld_10240_10240_320,Gemm_Rocblas_-1086326140,0.375911
GemmTunableOp_Half_TN,tn_320_804_2560_ld_2560_2560_320,Gemm_Rocblas_-1086326122,0.108125
GemmTunableOp_Half_TN,tn_320_8_10240_ld_10240_10240_320,Gemm_Rocblas_-1086326214,0.058704000338912
GemmTunableOp_Half_TN,tn_320_8_2560_ld_2560_2560_320,Gemm_Rocblas_-1086326200,0.02541600000113249
GemmTunableOp_Half_TN,tn_320_9_10240_ld_10240_10240_320,Gemm_Rocblas_-1086326214,0.0585996
GemmTunableOp_Half_TN,tn_320_9_2560_ld_2560_2560_320,Gemm_Rocblas_-1086326200,0.0236712
GemmTunableOp_Half_TN,tn_336_1024_10240_ld_10240_10240_336,Gemm_Rocblas_-1086326082,0.397346
GemmTunableOp_Half_TN,tn_336_1025_10240_ld_10240_10240_336,Gemm_Rocblas_-1086326082,0.43909610211849215
GemmTunableOp_Half_TN,tn_336_1026_10240_ld_10240_10240_336,Gemm_Rocblas_-1086326082,0.48005210161209105
GemmTunableOp_Half_TN,tn_336_1027_10240_ld_10240_10240_336,Gemm_Rocblas_-1086326082,0.38294
GemmTunableOp_Half_TN,tn_336_1028_10240_ld_10240_10240_336,Gemm_Rocblas_-1086326082,0.472088098526001
GemmTunableOp_Half_TN,tn_336_1029_10240_ld_10240_10240_336,Gemm_Rocblas_-1086326082,0.428047
GemmTunableOp_Half_TN,tn_336_1030_10240_ld_10240_10240_336,Gemm_Rocblas_-1086326082,0.43201209902763366
GemmTunableOp_Half_TN,tn_336_1031_10240_ld_10240_10240_336,Gemm_Rocblas_-1086326082,0.434947
GemmTunableOp_Half_TN,tn_336_1033_10240_ld_10240_10240_336,Gemm_Rocblas_-1086326082,0.4407522976398468
GemmTunableOp_Half_TN,tn_336_1036_10240_ld_10240_10240_336,Gemm_Rocblas_-1086326082,0.425622
GemmTunableOp_Half_TN,tn_336_1039_10240_ld_10240_10240_336,Gemm_Rocblas_-1086326082,0.44388429820537567
GemmTunableOp_Half_TN,tn_336_1042_10240_ld_10240_10240_336,Gemm_Rocblas_-1086326082,0.455212
GemmTunableOp_Half_TN,tn_336_1045_10240_ld_10240_10240_336,Gemm_Rocblas_-1086326082,0.457636
GemmTunableOp_Half_TN,tn_336_1088_10240_ld_10240_10240_336,Gemm_Rocblas_-1086326082,0.4461955040693283
GemmTunableOp_Half_TN,tn_336_1125_10240_ld_10240_10240_336,Gemm_Rocblas_-1086326084,0.466664
GemmTunableOp_Half_TN,tn_336_1152_10240_ld_10240_10240_336,Gemm_Rocblas_-1086326082,0.4573117017745972
GemmTunableOp_Half_TN,tn_336_1216_10240_ld_10240_10240_336,Gemm_Rocblas_-1086326082,0.500976499915123
GemmTunableOp_Half_TN,tn_336_121_10240_ld_10240_10240_336,Gemm_Rocblas_-1086326139,0.128359
GemmTunableOp_Half_TN,tn_336_1264_10240_ld_10240_10240_336,Gemm_Rocblas_-1086326082,0.5146564066410064
GemmTunableOp_Half_TN,tn_336_1280_10240_ld_10240_10240_336,Gemm_Rocblas_-1086326082,0.5136887907981872
GemmTunableOp_Half_TN,tn_336_128_10240_ld_10240_10240_336,Gemm_Rocblas_-1086326139,0.12025790065526962
GemmTunableOp_Half_TN,tn_336_1295_10240_ld_10240_10240_336,Gemm_Rocblas_-1086326098,0.508412
GemmTunableOp_Half_TN,tn_336_12_10240_ld_10240_10240_336,Gemm_Rocblas_-1086326214,0.0588408
GemmTunableOp_Half_TN,tn_336_1323_10240_ld_10240_10240_336,Gemm_Rocblas_-1086326062,0.528958
GemmTunableOp_Half_TN,tn_336_1324_10240_ld_10240_10240_336,Gemm_Rocblas_-1086326062,0.528178
GemmTunableOp_Half_TN,tn_336_1325_10240_ld_10240_10240_336,Gemm_Rocblas_-1086326062,0.529184
GemmTunableOp_Half_TN,tn_336_1344_10240_ld_10240_10240_336,Gemm_Rocblas_-1086326082,0.5504293024539948
GemmTunableOp_Half_TN,tn_336_1392_10240_ld_10240_10240_336,Gemm_Rocblas_-1086326098,0.512137
GemmTunableOp_Half_TN,tn_336_1399_10240_ld_10240_10240_336,Gemm_Rocblas_-1086326124,0.582266
GemmTunableOp_Half_TN,tn_336_1408_10240_ld_10240_10240_336,Gemm_Rocblas_-1086326268,0.5646135926246643
GemmTunableOp_Half_TN,tn_336_1445_10240_ld_10240_10240_336,Gemm_Rocblas_-1086326046,0.563247
GemmTunableOp_Half_TN,tn_336_1472_10240_ld_10240_10240_336,Gemm_Rocblas_-1086326268,0.5747698962688446
GemmTunableOp_Half_TN,tn_336_1495_10240_ld_10240_10240_336,Gemm_Rocblas_-1086326078,0.606159
GemmTunableOp_Half_TN,tn_336_1536_10240_ld_10240_10240_336,Gemm_Rocblas_-1086326077,0.590570193529129
GemmTunableOp_Half_TN,tn_336_1600_10240_ld_10240_10240_336,Gemm_Rocblas_-1086326082,0.7143085002899171
GemmTunableOp_Half_TN,tn_336_1664_10240_ld_10240_10240_336,Gemm_Rocblas_-1086326082,0.7167645931243897
GemmTunableOp_Half_TN,tn_336_1693_10240_ld_10240_10240_336,Gemm_Rocblas_-1086326082,0.756918
GemmTunableOp_Half_TN,tn_336_16_10240_ld_10240_10240_336,Gemm_Rocblas_-1086326214,0.0611848
GemmTunableOp_Half_TN,tn_336_1728_10240_ld_10240_10240_336,Gemm_Rocblas_-1086326082,0.7057442903518677
GemmTunableOp_Half_TN,tn_336_1792_10240_ld_10240_10240_336,Gemm_Rocblas_-1086326082,0.7051203012466432
GemmTunableOp_Half_TN,tn_336_1856_10240_ld_10240_10240_336,Gemm_Rocblas_-1086326085,0.7556891918182372
GemmTunableOp_Half_TN,tn_336_1888_10240_ld_10240_10240_336,Gemm_Rocblas_-1086326084,0.741109
GemmTunableOp_Half_TN,tn_336_1920_10240_ld_10240_10240_336,Gemm_Rocblas_-1086326085,0.7608853995800018
GemmTunableOp_Half_TN,tn_336_192_10240_ld_10240_10240_336,Gemm_Rocblas_-1086326140,0.12069810107350348
GemmTunableOp_Half_TN,tn_336_1968_10240_ld_10240_10240_336,Gemm_Rocblas_-1086326082,0.804749
GemmTunableOp_Half_TN,tn_336_1969_10240_ld_10240_10240_336,Gemm_Rocblas_-1086326082,0.7492725014686584
GemmTunableOp_Half_TN,tn_336_1984_10240_ld_10240_10240_336,Gemm_Rocblas_-1086326082,0.8463146984577179
GemmTunableOp_Half_TN,tn_336_1_10240_ld_10240_10240_336,Gemm_Rocblas_-9,0.028603999875485894
GemmTunableOp_Half_TN,tn_336_2045_10240_ld_10240_10240_336,Gemm_Rocblas_-1086326079,0.844708
GemmTunableOp_Half_TN,tn_336_2046_10240_ld_10240_10240_336,Gemm_Rocblas_-1086326079,0.811354
GemmTunableOp_Half_TN,tn_336_2047_10240_ld_10240_10240_336,Gemm_Rocblas_-1086326082,0.844708490371704
GemmTunableOp_Half_TN,tn_336_2048_10240_ld_10240_10240_336,Gemm_Rocblas_-1086326082,0.8549842000007629
GemmTunableOp_Half_TN,tn_336_2066_10240_ld_10240_10240_336,Gemm_Rocblas_-1086326123,0.8464240968227387
GemmTunableOp_Half_TN,tn_336_2069_10240_ld_10240_10240_336,Gemm_Rocblas_-1086326123,0.838725
GemmTunableOp_Half_TN,tn_336_225_10240_ld_10240_10240_336,Gemm_Rocblas_-1086326134,0.151287
GemmTunableOp_Half_TN,tn_336_240_10240_ld_10240_10240_336,Gemm_Rocblas_-1086326129,0.14713
GemmTunableOp_Half_TN,tn_336_24_10240_ld_10240_10240_336,Gemm_Rocblas_-1086326200,0.0643936
GemmTunableOp_Half_TN,tn_336_256_10240_ld_10240_10240_336,Gemm_Rocblas_-1086326134,0.141710501909256
GemmTunableOp_Half_TN,tn_336_2_10240_ld_10240_10240_336,Gemm_Rocblas_-1086326214,0.05887999981641769
GemmTunableOp_Half_TN,tn_336_3073_10240_ld_10240_10240_336,Gemm_Rocblas_-1086326082,1.23704
GemmTunableOp_Half_TN,tn_336_3074_10240_ld_10240_10240_336,Gemm_Rocblas_-1086326082,1.16452
GemmTunableOp_Half_TN,tn_336_3075_10240_ld_10240_10240_336,Gemm_Rocblas_-1086326082,1.18509
GemmTunableOp_Half_TN,tn_336_3076_10240_ld_10240_10240_336,Gemm_Rocblas_-1086326082,1.14201
GemmTunableOp_Half_TN,tn_336_3077_10240_ld_10240_10240_336,Gemm_Rocblas_-1086326082,1.13862
GemmTunableOp_Half_TN,tn_336_3078_10240_ld_10240_10240_336,Gemm_Rocblas_-1086326082,1.14039
GemmTunableOp_Half_TN,tn_336_3079_10240_ld_10240_10240_336,Gemm_Rocblas_-1086326082,1.14606
GemmTunableOp_Half_TN,tn_336_3081_10240_ld_10240_10240_336,Gemm_Rocblas_-1086326082,1.18837
GemmTunableOp_Half_TN,tn_336_3084_10240_ld_10240_10240_336,Gemm_Rocblas_-1086326082,1.17781
GemmTunableOp_Half_TN,tn_336_3087_10240_ld_10240_10240_336,Gemm_Rocblas_-1086326082,1.22006
GemmTunableOp_Half_TN,tn_336_3090_10240_ld_10240_10240_336,Gemm_Rocblas_-1086326082,1.24827
GemmTunableOp_Half_TN,tn_336_3093_10240_ld_10240_10240_336,Gemm_Rocblas_-1086326082,1.25533
GemmTunableOp_Half_TN,tn_336_320_10240_ld_10240_10240_336,Gemm_Rocblas_-1086326129,0.1470304012298584
GemmTunableOp_Half_TN,tn_336_32_10240_ld_10240_10240_336,Gemm_Rocblas_-1086326204,0.0676965
GemmTunableOp_Half_TN,tn_336_384_10240_ld_10240_10240_336,Gemm_Rocblas_-1086326129,0.15375860035419464
GemmTunableOp_Half_TN,tn_336_3_10240_ld_10240_10240_336,Gemm_Rocblas_-1086326214,0.05865599997341633
GemmTunableOp_Half_TN,tn_336_4096_10240_ld_10240_10240_336,Gemm_Rocblas_-1086326077,1.38895
GemmTunableOp_Half_TN,tn_336_43_10240_ld_10240_10240_336,Gemm_Rocblas_-1086326210,0.0883636
GemmTunableOp_Half_TN,tn_336_448_10240_ld_10240_10240_336,Gemm_Rocblas_-1086326134,0.21977959871292116
GemmTunableOp_Half_TN,tn_336_44_10240_ld_10240_10240_336,Gemm_Rocblas_-1086326204,0.0884283
GemmTunableOp_Half_TN,tn_336_4_10240_ld_10240_10240_336,Gemm_Rocblas_-1086326214,0.05886799991130828
GemmTunableOp_Half_TN,tn_336_512_10240_ld_10240_10240_336,Gemm_Rocblas_-1086326082,0.2219077989459038
GemmTunableOp_Half_TN,tn_336_56_10240_ld_10240_10240_336,Gemm_Rocblas_-1086326202,0.099436
GemmTunableOp_Half_TN,tn_336_576_10240_ld_10240_10240_336,Gemm_Rocblas_-1086326082,0.2332079976797104
GemmTunableOp_Half_TN,tn_336_5_10240_ld_10240_10240_336,Gemm_Rocblas_-1086326214,0.05849199928343296
GemmTunableOp_Half_TN,tn_336_60_10240_ld_10240_10240_336,Gemm_Rocblas_-1086326202,0.1004
GemmTunableOp_Half_TN,tn_336_640_10240_ld_10240_10240_336,Gemm_Rocblas_-1086326082,0.24077989906072617
GemmTunableOp_Half_TN,tn_336_64_10240_ld_10240_10240_336,Gemm_Rocblas_-1086326202,0.103812
GemmTunableOp_Half_TN,tn_336_692_10240_ld_10240_10240_336,Gemm_Rocblas_-1086326082,0.260892
GemmTunableOp_Half_TN,tn_336_6_10240_ld_10240_10240_336,Gemm_Rocblas_-1086326214,0.05869999974966049
GemmTunableOp_Half_TN,tn_336_701_10240_ld_10240_10240_336,Gemm_Rocblas_-1086326082,0.267275
GemmTunableOp_Half_TN,tn_336_704_10240_ld_10240_10240_336,Gemm_Rocblas_-1086326082,0.263609
GemmTunableOp_Half_TN,tn_336_768_10240_ld_10240_10240_336,Gemm_Rocblas_-1086326082,0.2598603993654251
GemmTunableOp_Half_TN,tn_336_784_10240_ld_10240_10240_336,Gemm_Rocblas_-1086326140,0.370599
GemmTunableOp_Half_TN,tn_336_788_10240_ld_10240_10240_336,Gemm_Rocblas_-1086326140,0.382887
GemmTunableOp_Half_TN,tn_336_789_10240_ld_10240_10240_336,Gemm_Rocblas_-1086326140,0.380136
GemmTunableOp_Half_TN,tn_336_7_10240_ld_10240_10240_336,Gemm_Rocblas_-1086326214,0.05897999927401542
GemmTunableOp_Half_TN,tn_336_804_10240_ld_10240_10240_336,Gemm_Rocblas_-1086326128,0.399367
GemmTunableOp_Half_TN,tn_336_832_10240_ld_10240_10240_336,Gemm_Rocblas_-1086326140,0.392270702123642
GemmTunableOp_Half_TN,tn_336_896_10240_ld_10240_10240_336,Gemm_Rocblas_-1086326082,0.4055225998163223
GemmTunableOp_Half_TN,tn_336_8_10240_ld_10240_10240_336,Gemm_Rocblas_-1086326214,0.058883999660611155
GemmTunableOp_Half_TN,tn_336_960_10240_ld_10240_10240_336,Gemm_Rocblas_-1086326082,0.4115310043096542
GemmTunableOp_Half_TN,tn_336_9_10240_ld_10240_10240_336,Gemm_Rocblas_-1086326214,0.0586888
GemmTunableOp_Half_TN,tn_3584_1028_2560_ld_2560_2560_3584,Gemm_Rocblas_-1086326077,1.1340680122375488
GemmTunableOp_Half_TN,tn_3584_1031_2560_ld_2560_2560_3584,Gemm_Rocblas_-1086326045,1.0682120978832246
GemmTunableOp_Half_TN,tn_3584_12_2560_ld_2560_2560_3584,Gemm_Rocblas_-1086326284,0.0743304
GemmTunableOp_Half_TN,tn_3584_130_2560_ld_2560_2560_3584,Gemm_Rocblas_-1086326273,0.2114271983504295
GemmTunableOp_Half_TN,tn_3584_134_2560_ld_2560_2560_3584,Gemm_Rocblas_-1086326273,0.21130400002002717
GemmTunableOp_Half_TN,tn_3584_1399_2560_ld_2560_2560_3584,Gemm_Rocblas_-1086326063,1.20049
GemmTunableOp_Half_TN,tn_3584_1693_2560_ld_2560_2560_3584,Gemm_Rocblas_-1086326063,1.42404
GemmTunableOp_Half_TN,tn_3584_16_2560_ld_2560_2560_3584,Gemm_Rocblas_-1086326282,0.0777878
GemmTunableOp_Half_TN,tn_3584_1786_2560_ld_2560_2560_3584,Gemm_Rocblas_-1086326063,1.3977293968200686
GemmTunableOp_Half_TN,tn_3584_1969_2560_ld_2560_2560_3584,Gemm_Rocblas_-1086326063,1.5845160126686095
GemmTunableOp_Half_TN,tn_3584_1_2560_ld_2560_2560_3584,Gemm_Rocblas_-9,0.04635199978947639
GemmTunableOp_Half_TN,tn_3584_2045_2560_ld_2560_2560_3584,Gemm_Rocblas_-1086326063,1.6012200117111206
GemmTunableOp_Half_TN,tn_3584_2048_2560_ld_2560_2560_3584,Gemm_Rocblas_-1086326063,1.5921519875526429
GemmTunableOp_Half_TN,tn_3584_2066_2560_ld_2560_2560_3584,Gemm_Rocblas_-1086326063,1.6689399123191835
GemmTunableOp_Half_TN,tn_3584_2069_2560_ld_2560_2560_3584,Gemm_Rocblas_-1086326063,1.6727198958396912
GemmTunableOp_Half_TN,tn_3584_225_2560_ld_2560_2560_3584,Gemm_Rocblas_-1086326277,0.261289
GemmTunableOp_Half_TN,tn_3584_240_2560_ld_2560_2560_3584,Gemm_Rocblas_-1086326277,0.247124
GemmTunableOp_Half_TN,tn_3584_24_2560_ld_2560_2560_3584,Gemm_Rocblas_-1086326246,0.0804224
GemmTunableOp_Half_TN,tn_3584_257_2560_ld_2560_2560_3584,Gemm_Rocblas_-1086326273,0.3277259021997452
GemmTunableOp_Half_TN,tn_3584_259_2560_ld_2560_2560_3584,Gemm_Rocblas_-1086326123,0.32832970023155217
GemmTunableOp_Half_TN,tn_3584_262_2560_ld_2560_2560_3584,Gemm_Rocblas_-1086326273,0.3315542072057724
GemmTunableOp_Half_TN,tn_3584_32_2560_ld_2560_2560_3584,Gemm_Rocblas_-1086326246,0.0848079
GemmTunableOp_Half_TN,tn_3584_4096_2560_ld_2560_2560_3584,Gemm_Rocblas_-1086326063,2.42429
GemmTunableOp_Half_TN,tn_3584_43_2560_ld_2560_2560_3584,Gemm_Rocblas_-1086326127,0.103016
GemmTunableOp_Half_TN,tn_3584_44_2560_ld_2560_2560_3584,Gemm_Rocblas_-1086326129,0.104056
GemmTunableOp_Half_TN,tn_3584_56_2560_ld_2560_2560_3584,Gemm_Rocblas_-1086326044,0.10939199924468994
GemmTunableOp_Half_TN,tn_3584_60_2560_ld_2560_2560_3584,Gemm_Rocblas_-1086326044,0.109024
GemmTunableOp_Half_TN,tn_3584_64_2560_ld_2560_2560_3584,Gemm_Rocblas_-1086326129,0.0916924
GemmTunableOp_Half_TN,tn_3584_65_2560_ld_2560_2560_3584,Gemm_Rocblas_-1086326046,0.14344249963760375
GemmTunableOp_Half_TN,tn_3584_66_2560_ld_2560_2560_3584,Gemm_Rocblas_-1086326128,0.13228250145912168
GemmTunableOp_Half_TN,tn_3584_67_2560_ld_2560_2560_3584,Gemm_Rocblas_-1086326078,0.14245859831571578
GemmTunableOp_Half_TN,tn_3584_68_2560_ld_2560_2560_3584,Gemm_Rocblas_-1086326078,0.14299060106277464
GemmTunableOp_Half_TN,tn_3584_692_2560_ld_2560_2560_3584,Gemm_Rocblas_-1086326077,0.650478
GemmTunableOp_Half_TN,tn_3584_69_2560_ld_2560_2560_3584,Gemm_Rocblas_-1086326078,0.14492269903421404
GemmTunableOp_Half_TN,tn_3584_701_2560_ld_2560_2560_3584,Gemm_Rocblas_-1086326077,0.663555
GemmTunableOp_Half_TN,tn_3584_704_2560_ld_2560_2560_3584,Gemm_Rocblas_-1086326077,0.6298520028591157
GemmTunableOp_Half_TN,tn_3584_70_2560_ld_2560_2560_3584,Gemm_Rocblas_-1086326078,0.1455147013068199
GemmTunableOp_Half_TN,tn_3584_71_2560_ld_2560_2560_3584,Gemm_Rocblas_-1086326078,0.1448386013507843
GemmTunableOp_Half_TN,tn_3584_784_2560_ld_2560_2560_3584,Gemm_Rocblas_-1086326077,0.7065560042858123
GemmTunableOp_Half_TN,tn_3584_788_2560_ld_2560_2560_3584,Gemm_Rocblas_-1086326077,0.7067519962787628
GemmTunableOp_Half_TN,tn_3584_789_2560_ld_2560_2560_3584,Gemm_Rocblas_-1086326061,0.648028
GemmTunableOp_Half_TN,tn_3584_804_2560_ld_2560_2560_3584,Gemm_Rocblas_-1086326077,0.7094879984855652
GemmTunableOp_Half_TN,tn_3584_9_2560_ld_2560_2560_3584,Gemm_Rocblas_-1086326157,0.0741315
GemmTunableOp_Half_TN,tn_4096_1025_2560_ld_2560_2560_4096,Gemm_Rocblas_-1086326277,1.03381
GemmTunableOp_Half_TN,tn_4096_1027_2560_ld_2560_2560_4096,Gemm_Rocblas_-1086326277,1.00025
GemmTunableOp_Half_TN,tn_4096_1028_2560_ld_2560_2560_4096,Gemm_Rocblas_-1086326045,1.158955991268158
GemmTunableOp_Half_TN,tn_4096_1029_2560_ld_2560_2560_4096,Gemm_Rocblas_-1086326277,0.915169
GemmTunableOp_Half_TN,tn_4096_1030_2560_ld_2560_2560_4096,Gemm_Rocblas_-1086326268,1.3035839915275573
GemmTunableOp_Half_TN,tn_4096_1031_2560_ld_2560_2560_4096,Gemm_Rocblas_-1086326277,0.953798
GemmTunableOp_Half_TN,tn_4096_1036_2560_ld_2560_2560_4096,Gemm_Rocblas_-1086326277,0.998875
GemmTunableOp_Half_TN,tn_4096_1042_2560_ld_2560_2560_4096,Gemm_Rocblas_-1086326277,1.00521
GemmTunableOp_Half_TN,tn_4096_1045_2560_ld_2560_2560_4096,Gemm_Rocblas_-1086326277,1.03194
GemmTunableOp_Half_TN,tn_4096_1125_2560_ld_2560_2560_4096,Gemm_Rocblas_-1086326277,1.03532
GemmTunableOp_Half_TN,tn_4096_121_2560_ld_2560_2560_4096,Gemm_Rocblas_-1086326098,0.162963
GemmTunableOp_Half_TN,tn_4096_1295_2560_ld_2560_2560_4096,Gemm_Rocblas_-1086326277,1.24072
GemmTunableOp_Half_TN,tn_4096_12_2560_ld_2560_2560_4096,Gemm_Rocblas_-1086326157,0.080224
GemmTunableOp_Half_TN,tn_4096_130_2560_ld_2560_2560_4096,Gemm_Rocblas_-1086326097,0.2125077024102211
GemmTunableOp_Half_TN,tn_4096_1323_2560_ld_2560_2560_4096,Gemm_Rocblas_-1086326277,1.23846
GemmTunableOp_Half_TN,tn_4096_1324_2560_ld_2560_2560_4096,Gemm_Rocblas_-1086326277,1.24052
GemmTunableOp_Half_TN,tn_4096_1325_2560_ld_2560_2560_4096,Gemm_Rocblas_-1086326277,1.22113
GemmTunableOp_Half_TN,tn_4096_134_2560_ld_2560_2560_4096,Gemm_Rocblas_-1086326097,0.2142917975783348
GemmTunableOp_Half_TN,tn_4096_1392_2560_ld_2560_2560_4096,Gemm_Rocblas_-1086326268,1.25811
GemmTunableOp_Half_TN,tn_4096_1399_2560_ld_2560_2560_4096,Gemm_Rocblas_-1086326277,1.2528
GemmTunableOp_Half_TN,tn_4096_16_2560_ld_2560_2560_4096,Gemm_Rocblas_-1086326157,0.0838263
GemmTunableOp_Half_TN,tn_4096_1888_2560_ld_2560_2560_4096,Gemm_Rocblas_-1086326268,1.71799
GemmTunableOp_Half_TN,tn_4096_1968_2560_ld_2560_2560_4096,Gemm_Rocblas_-1086326063,1.79632
GemmTunableOp_Half_TN,tn_4096_1969_2560_ld_2560_2560_4096,Gemm_Rocblas_-1086326063,1.8032680034637452
GemmTunableOp_Half_TN,tn_4096_1_2560_ld_2560_2560_4096,Gemm_Rocblas_-9,0.05096799992024899
GemmTunableOp_Half_TN,tn_4096_2045_2560_ld_2560_2560_4096,Gemm_Rocblas_-1086326063,1.78989
GemmTunableOp_Half_TN,tn_4096_2046_2560_ld_2560_2560_4096,Gemm_Rocblas_-1086326063,1.64521
GemmTunableOp_Half_TN,tn_4096_2047_2560_ld_2560_2560_4096,Gemm_Rocblas_-1086326063,1.703
GemmTunableOp_Half_TN,tn_4096_2048_2560_ld_2560_2560_4096,Gemm_Rocblas_-1086326063,1.80694
GemmTunableOp_Half_TN,tn_4096_2066_2560_ld_2560_2560_4096,Gemm_Rocblas_-1086326063,1.89469
GemmTunableOp_Half_TN,tn_4096_2069_2560_ld_2560_2560_4096,Gemm_Rocblas_-1086326047,1.73108
GemmTunableOp_Half_TN,tn_4096_225_2560_ld_2560_2560_4096,Gemm_Rocblas_-1086326277,0.268793
GemmTunableOp_Half_TN,tn_4096_240_2560_ld_2560_2560_4096,Gemm_Rocblas_-1086326277,0.258837
GemmTunableOp_Half_TN,tn_4096_24_2560_ld_2560_2560_4096,Gemm_Rocblas_-1086326246,0.081316
GemmTunableOp_Half_TN,tn_4096_257_2560_ld_2560_2560_4096,Gemm_Rocblas_-1086326277,0.35921459794044497
GemmTunableOp_Half_TN,tn_4096_259_2560_ld_2560_2560_4096,Gemm_Rocblas_-1086326077,0.35818250477313995
GemmTunableOp_Half_TN,tn_4096_261_2560_ld_2560_2560_4096,Gemm_Rocblas_-1086326077,0.3580223977565765
GemmTunableOp_Half_TN,tn_4096_262_2560_ld_2560_2560_4096,Gemm_Rocblas_-1086326077,0.35961460769176484
GemmTunableOp_Half_TN,tn_4096_3073_2560_ld_2560_2560_4096,Gemm_Rocblas_-1086326063,2.764490246772766
GemmTunableOp_Half_TN,tn_4096_3074_2560_ld_2560_2560_4096,Gemm_Rocblas_-1086326063,2.68794
GemmTunableOp_Half_TN,tn_4096_3075_2560_ld_2560_2560_4096,Gemm_Rocblas_-1086326063,2.66092
GemmTunableOp_Half_TN,tn_4096_3076_2560_ld_2560_2560_4096,Gemm_Rocblas_-1086326063,2.73606
GemmTunableOp_Half_TN,tn_4096_3077_2560_ld_2560_2560_4096,Gemm_Rocblas_-1086326063,2.62309
GemmTunableOp_Half_TN,tn_4096_3078_2560_ld_2560_2560_4096,Gemm_Rocblas_-1086326063,2.74694
GemmTunableOp_Half_TN,tn_4096_3079_2560_ld_2560_2560_4096,Gemm_Rocblas_-1086326063,2.76434
GemmTunableOp_Half_TN,tn_4096_3081_2560_ld_2560_2560_4096,Gemm_Rocblas_-1086326063,2.72015
GemmTunableOp_Half_TN,tn_4096_3084_2560_ld_2560_2560_4096,Gemm_Rocblas_-1086326063,2.66843
GemmTunableOp_Half_TN,tn_4096_3087_2560_ld_2560_2560_4096,Gemm_Rocblas_-1086326063,2.7783
GemmTunableOp_Half_TN,tn_4096_3090_2560_ld_2560_2560_4096,Gemm_Rocblas_-1086326047,2.8281097412109375
GemmTunableOp_Half_TN,tn_4096_3093_2560_ld_2560_2560_4096,Gemm_Rocblas_-1086326063,2.75278
GemmTunableOp_Half_TN,tn_4096_32_2560_ld_2560_2560_4096,Gemm_Rocblas_-1086326246,0.0863007
GemmTunableOp_Half_TN,tn_4096_43_2560_ld_2560_2560_4096,Gemm_Rocblas_-1086326096,0.111533
GemmTunableOp_Half_TN,tn_4096_44_2560_ld_2560_2560_4096,Gemm_Rocblas_-1086326140,0.110168
GemmTunableOp_Half_TN,tn_4096_56_2560_ld_2560_2560_4096,Gemm_Rocblas_-1086326044,0.109091
GemmTunableOp_Half_TN,tn_4096_60_2560_ld_2560_2560_4096,Gemm_Rocblas_-1086326123,0.113554
GemmTunableOp_Half_TN,tn_4096_64_2560_ld_2560_2560_4096,Gemm_Rocblas_-1086326129,0.100024
GemmTunableOp_Half_TN,tn_4096_65_2560_ld_2560_2560_4096,Gemm_Rocblas_-1086326046,0.1469747990369797
GemmTunableOp_Half_TN,tn_4096_66_2560_ld_2560_2560_4096,Gemm_Rocblas_-1086326078,0.14837469905614853
GemmTunableOp_Half_TN,tn_4096_67_2560_ld_2560_2560_4096,Gemm_Rocblas_-1086326078,0.14898669868707656
GemmTunableOp_Half_TN,tn_4096_68_2560_ld_2560_2560_4096,Gemm_Rocblas_-1086326078,0.14701069891452787
GemmTunableOp_Half_TN,tn_4096_69_2560_ld_2560_2560_4096,Gemm_Rocblas_-1086326078,0.14901069849729537
GemmTunableOp_Half_TN,tn_4096_70_2560_ld_2560_2560_4096,Gemm_Rocblas_-1086326078,0.14933889955282212
GemmTunableOp_Half_TN,tn_4096_71_2560_ld_2560_2560_4096,Gemm_Rocblas_-1086326078,0.14934279918670657
GemmTunableOp_Half_TN,tn_4096_784_2560_ld_2560_2560_4096,Gemm_Rocblas_-1086326277,0.793532
GemmTunableOp_Half_TN,tn_4096_788_2560_ld_2560_2560_4096,Gemm_Rocblas_-1086326277,0.810549
GemmTunableOp_Half_TN,tn_4096_789_2560_ld_2560_2560_4096,Gemm_Rocblas_-1086326277,0.804678
GemmTunableOp_Half_TN,tn_4096_804_2560_ld_2560_2560_4096,Gemm_Rocblas_-1086326277,0.814423
GemmTunableOp_Half_TN,tn_4096_9_2560_ld_2560_2560_4096,Gemm_Rocblas_-1086326194,0.0799064
GemmTunableOp_Half_TN,tn_512_1023_2560_ld_2560_2560_512,Gemm_Rocblas_-1086326044,0.14417870044708253
GemmTunableOp_Half_TN,tn_512_1024_2560_ld_2560_2560_512,Gemm_Rocblas_-1086326046,0.131509
GemmTunableOp_Half_TN,tn_512_1025_2560_ld_2560_2560_512,Gemm_Rocblas_-1086326046,0.131147
GemmTunableOp_Half_TN,tn_512_1026_2560_ld_2560_2560_512,Gemm_Rocblas_-1086326098,0.13760410100221632
GemmTunableOp_Half_TN,tn_512_1027_2560_ld_2560_2560_512,Gemm_Rocblas_-1086326046,0.131766
GemmTunableOp_Half_TN,tn_512_1028_2560_ld_2560_2560_512,Gemm_Rocblas_-1086326098,0.1370480999350548
GemmTunableOp_Half_TN,tn_512_1029_2560_ld_2560_2560_512,Gemm_Rocblas_-1086326098,0.13818809986114503
GemmTunableOp_Half_TN,tn_512_1030_2560_ld_2560_2560_512,Gemm_Rocblas_-1086326098,0.13771210014820098
GemmTunableOp_Half_TN,tn_512_1031_2560_ld_2560_2560_512,Gemm_Rocblas_-1086326046,0.133311
GemmTunableOp_Half_TN,tn_512_1033_2560_ld_2560_2560_512,Gemm_Rocblas_-1086326098,0.1376599997282028
GemmTunableOp_Half_TN,tn_512_1036_2560_ld_2560_2560_512,Gemm_Rocblas_-1086326045,0.137912
GemmTunableOp_Half_TN,tn_512_1039_2560_ld_2560_2560_512,Gemm_Rocblas_-1086326098,0.13829610049724578
GemmTunableOp_Half_TN,tn_512_1042_2560_ld_2560_2560_512,Gemm_Rocblas_-1086326045,0.136945
GemmTunableOp_Half_TN,tn_512_1045_2560_ld_2560_2560_512,Gemm_Rocblas_-1086326045,0.137185
GemmTunableOp_Half_TN,tn_512_1125_2560_ld_2560_2560_512,Gemm_Rocblas_-1086326045,0.138945
GemmTunableOp_Half_TN,tn_512_121_2560_ld_2560_2560_512,Gemm_Rocblas_-1086326129,0.0519346
GemmTunableOp_Half_TN,tn_512_1264_2560_ld_2560_2560_512,Gemm_Rocblas_-1086326128,0.1937040001153946
GemmTunableOp_Half_TN,tn_512_127_2560_ld_2560_2560_512,Gemm_Rocblas_-1086326129,0.048140999674797055
GemmTunableOp_Half_TN,tn_512_128_2560_ld_2560_2560_512,Gemm_Rocblas_-1086326140,0.04396499991416931
GemmTunableOp_Half_TN,tn_512_1295_2560_ld_2560_2560_512,Gemm_Rocblas_-1086326082,0.19458400160074235
GemmTunableOp_Half_TN,tn_512_12_2560_ld_2560_2560_512,Gemm_Rocblas_-1086326200,0.0243624
GemmTunableOp_Half_TN,tn_512_130_2560_ld_2560_2560_512,Gemm_Rocblas_-1086326139,0.04929300062358379
GemmTunableOp_Half_TN,tn_512_1323_2560_ld_2560_2560_512,Gemm_Rocblas_-1086326082,0.19632399827241898
GemmTunableOp_Half_TN,tn_512_1324_2560_ld_2560_2560_512,Gemm_Rocblas_-1086326082,0.20903199762105942
GemmTunableOp_Half_TN,tn_512_1325_2560_ld_2560_2560_512,Gemm_Rocblas_-1086326082,0.1978319972753525
GemmTunableOp_Half_TN,tn_512_134_2560_ld_2560_2560_512,Gemm_Rocblas_-1086326128,0.04940889962017536
GemmTunableOp_Half_TN,tn_512_1392_2560_ld_2560_2560_512,Gemm_Rocblas_-1086326082,0.20724409967660903
GemmTunableOp_Half_TN,tn_512_1399_2560_ld_2560_2560_512,Gemm_Rocblas_-1086326082,0.218444
GemmTunableOp_Half_TN,tn_512_1445_2560_ld_2560_2560_512,Gemm_Rocblas_-1086326082,0.2044481009244919
GemmTunableOp_Half_TN,tn_512_1495_2560_ld_2560_2560_512,Gemm_Rocblas_-1086326082,0.21271209865808488
GemmTunableOp_Half_TN,tn_512_1693_2560_ld_2560_2560_512,Gemm_Rocblas_-1086326097,0.246222
GemmTunableOp_Half_TN,tn_512_16_2560_ld_2560_2560_512,Gemm_Rocblas_-1086326204,0.0251639
GemmTunableOp_Half_TN,tn_512_1_2560_ld_2560_2560_512,Gemm_Rocblas_-9,0.015903999749571088
GemmTunableOp_Half_TN,tn_512_2045_2560_ld_2560_2560_512,Gemm_Rocblas_-1086326047,0.24769599735736847
GemmTunableOp_Half_TN,tn_512_2046_2560_ld_2560_2560_512,Gemm_Rocblas_-1086326047,0.2466879993677139
GemmTunableOp_Half_TN,tn_512_2047_2560_ld_2560_2560_512,Gemm_Rocblas_-1086326047,0.2466720998287201
GemmTunableOp_Half_TN,tn_512_2048_2560_ld_2560_2560_512,Gemm_Rocblas_-1086326063,0.227723
GemmTunableOp_Half_TN,tn_512_2066_2560_ld_2560_2560_512,Gemm_Rocblas_-1086326047,0.24716799855232238
GemmTunableOp_Half_TN,tn_512_2069_2560_ld_2560_2560_512,Gemm_Rocblas_-1086326047,0.24686810076236723
GemmTunableOp_Half_TN,tn_512_225_2560_ld_2560_2560_512,Gemm_Rocblas_-1086326129,0.0574644
GemmTunableOp_Half_TN,tn_512_240_2560_ld_2560_2560_512,Gemm_Rocblas_-1086326127,0.056498
GemmTunableOp_Half_TN,tn_512_24_2560_ld_2560_2560_512,Gemm_Rocblas_-1086326210,0.034068
GemmTunableOp_Half_TN,tn_512_257_2560_ld_2560_2560_512,Gemm_Rocblas_-1086326129,0.06440499946475028
GemmTunableOp_Half_TN,tn_512_259_2560_ld_2560_2560_512,Gemm_Rocblas_-1086326127,0.06436510011553764
GemmTunableOp_Half_TN,tn_512_261_2560_ld_2560_2560_512,Gemm_Rocblas_-1086326129,0.06428110003471375
GemmTunableOp_Half_TN,tn_512_262_2560_ld_2560_2560_512,Gemm_Rocblas_-1086326129,0.06444919928908348
GemmTunableOp_Half_TN,tn_512_2_2560_ld_2560_2560_512,Gemm_Rocblas_-1086326204,0.024803999997675418
GemmTunableOp_Half_TN,tn_512_32_2560_ld_2560_2560_512,Gemm_Rocblas_-1086326210,0.035174
GemmTunableOp_Half_TN,tn_512_3_2560_ld_2560_2560_512,Gemm_Rocblas_-1086326200,0.0276479996740818
GemmTunableOp_Half_TN,tn_512_43_2560_ld_2560_2560_512,Gemm_Rocblas_-1086326200,0.0440018
GemmTunableOp_Half_TN,tn_512_44_2560_ld_2560_2560_512,Gemm_Rocblas_-1086326200,0.041135999560356136
GemmTunableOp_Half_TN,tn_512_4_2560_ld_2560_2560_512,Gemm_Rocblas_-1086326200,0.026071999780833726
GemmTunableOp_Half_TN,tn_512_56_2560_ld_2560_2560_512,Gemm_Rocblas_-1086326205,0.0433952
GemmTunableOp_Half_TN,tn_512_5_2560_ld_2560_2560_512,Gemm_Rocblas_-1086326200,0.02542399987578392
GemmTunableOp_Half_TN,tn_512_60_2560_ld_2560_2560_512,Gemm_Rocblas_-1086326205,0.0435972
GemmTunableOp_Half_TN,tn_512_64_2560_ld_2560_2560_512,Gemm_Rocblas_-1086326211,0.0443302
GemmTunableOp_Half_TN,tn_512_65_2560_ld_2560_2560_512,Gemm_Rocblas_-1086326129,0.041628699749708176
GemmTunableOp_Half_TN,tn_512_66_2560_ld_2560_2560_512,Gemm_Rocblas_-1086326129,0.04256889931857586
GemmTunableOp_Half_TN,tn_512_67_2560_ld_2560_2560_512,Gemm_Rocblas_-1086326129,0.04184079952538014
GemmTunableOp_Half_TN,tn_512_68_2560_ld_2560_2560_512,Gemm_Rocblas_-1086326129,0.04215280003845692
GemmTunableOp_Half_TN,tn_512_692_2560_ld_2560_2560_512,Gemm_Rocblas_-1086326134,0.125259
GemmTunableOp_Half_TN,tn_512_69_2560_ld_2560_2560_512,Gemm_Rocblas_-1086326137,0.042540499940514565
GemmTunableOp_Half_TN,tn_512_6_2560_ld_2560_2560_512,Gemm_Rocblas_-1086326200,0.027682999894022942
GemmTunableOp_Half_TN,tn_512_701_2560_ld_2560_2560_512,Gemm_Rocblas_-1086326134,0.12632
GemmTunableOp_Half_TN,tn_512_704_2560_ld_2560_2560_512,Gemm_Rocblas_-1086326134,0.11472399905323982
GemmTunableOp_Half_TN,tn_512_70_2560_ld_2560_2560_512,Gemm_Rocblas_-1086326129,0.04256890006363392
GemmTunableOp_Half_TN,tn_512_71_2560_ld_2560_2560_512,Gemm_Rocblas_-1086326134,0.041904700174927714
GemmTunableOp_Half_TN,tn_512_784_2560_ld_2560_2560_512,Gemm_Rocblas_-1086326082,0.1256160005927086
GemmTunableOp_Half_TN,tn_512_788_2560_ld_2560_2560_512,Gemm_Rocblas_-1086326082,0.12582799866795538
GemmTunableOp_Half_TN,tn_512_789_2560_ld_2560_2560_512,Gemm_Rocblas_-1086326082,0.12490800097584724
GemmTunableOp_Half_TN,tn_512_7_2560_ld_2560_2560_512,Gemm_Rocblas_-1086326200,0.02651599980890751
GemmTunableOp_Half_TN,tn_512_804_2560_ld_2560_2560_512,Gemm_Rocblas_-1086326082,0.12902410030364989
GemmTunableOp_Half_TN,tn_512_8_2560_ld_2560_2560_512,Gemm_Rocblas_-1086326200,0.026515999995172023
GemmTunableOp_Half_TN,tn_512_9_2560_ld_2560_2560_512,Gemm_Rocblas_-1086326204,0.0243488
GemmTunableOp_Half_TN,tn_62080_10_2560_ld_2560_2560_62080,Gemm_Rocblas_-1086326159,1.12644
GemmTunableOp_Half_TN,tn_62080_11_2560_ld_2560_2560_62080,Gemm_Rocblas_-1086326177,1.13007
GemmTunableOp_Half_TN,tn_62080_12_2560_ld_2560_2560_62080,Gemm_Rocblas_-1086326177,1.055
GemmTunableOp_Half_TN,tn_62080_13_2560_ld_2560_2560_62080,Gemm_Rocblas_-1086326196,1.11294
GemmTunableOp_Half_TN,tn_62080_14_2560_ld_2560_2560_62080,Gemm_Rocblas_-1086326159,1.11342
GemmTunableOp_Half_TN,tn_62080_15_2560_ld_2560_2560_62080,Gemm_Rocblas_-1086326159,1.0722
GemmTunableOp_Half_TN,tn_62080_16_2560_ld_2560_2560_62080,Gemm_Rocblas_-1086326159,1.05159
GemmTunableOp_Half_TN,tn_62080_17_2560_ld_2560_2560_62080,Gemm_Rocblas_-1086326246,1.23769
GemmTunableOp_Half_TN,tn_62080_18_2560_ld_2560_2560_62080,Gemm_Rocblas_-1086326246,1.18268
GemmTunableOp_Half_TN,tn_62080_19_2560_ld_2560_2560_62080,Gemm_Rocblas_-1086326246,1.27031
GemmTunableOp_Half_TN,tn_62080_1_2560_ld_2560_2560_62080,Gemm_Rocblas_-9,0.8718318939208984
GemmTunableOp_Half_TN,tn_62080_20_2560_ld_2560_2560_62080,Gemm_Rocblas_-1086326246,1.2574
GemmTunableOp_Half_TN,tn_62080_21_2560_ld_2560_2560_62080,Gemm_Rocblas_-1086326246,1.21048
GemmTunableOp_Half_TN,tn_62080_22_2560_ld_2560_2560_62080,Gemm_Rocblas_-1086326246,1.20435
GemmTunableOp_Half_TN,tn_62080_24_2560_ld_2560_2560_62080,Gemm_Rocblas_-1086326246,1.3297557950019836
GemmTunableOp_Half_TN,tn_62080_2_2560_ld_2560_2560_62080,Gemm_Rocblas_-1086326223,0.9687278985977172
GemmTunableOp_Half_TN,tn_62080_32_2560_ld_2560_2560_62080,Gemm_Rocblas_-1086326064,1.19107
GemmTunableOp_Half_TN,tn_62080_3_2560_ld_2560_2560_62080,Gemm_Rocblas_-1086326223,0.9786518931388855
GemmTunableOp_Half_TN,tn_62080_4_2560_ld_2560_2560_62080,Gemm_Rocblas_-1086326223,0.9783999025821686
GemmTunableOp_Half_TN,tn_62080_5_2560_ld_2560_2560_62080,Gemm_Rocblas_-1086326221,1.0023638963699342
GemmTunableOp_Half_TN,tn_62080_6_2560_ld_2560_2560_62080,Gemm_Rocblas_-1086326221,1.0097798943519594
GemmTunableOp_Half_TN,tn_62080_7_2560_ld_2560_2560_62080,Gemm_Rocblas_-1086326221,1.0116638898849488
GemmTunableOp_Half_TN,tn_62080_8_2560_ld_2560_2560_62080,Gemm_Rocblas_-1086326223,1.0193878889083863
GemmTunableOp_Half_TN,tn_62080_9_2560_ld_2560_2560_62080,Gemm_Rocblas_-1086326282,1.03559
GemmTunableOp_Half_TN,tn_640_1023_2560_ld_2560_2560_640,Gemm_Rocblas_-1086326083,0.20365559905767439
GemmTunableOp_Half_TN,tn_640_1024_2560_ld_2560_2560_640,Gemm_Rocblas_-1086326082,0.1942
GemmTunableOp_Half_TN,tn_640_1025_2560_ld_2560_2560_640,Gemm_Rocblas_-1086326085,0.212356
GemmTunableOp_Half_TN,tn_640_1026_2560_ld_2560_2560_640,Gemm_Rocblas_-1086326083,0.19516009986400604
GemmTunableOp_Half_TN,tn_640_1027_2560_ld_2560_2560_640,Gemm_Rocblas_-1086326085,0.209648
GemmTunableOp_Half_TN,tn_640_1028_2560_ld_2560_2560_640,Gemm_Rocblas_-1086326083,0.19576410204172134
GemmTunableOp_Half_TN,tn_640_1029_2560_ld_2560_2560_640,Gemm_Rocblas_-1086326083,0.209874
GemmTunableOp_Half_TN,tn_640_1030_2560_ld_2560_2560_640,Gemm_Rocblas_-1086326083,0.19567610025405885
GemmTunableOp_Half_TN,tn_640_1031_2560_ld_2560_2560_640,Gemm_Rocblas_-1086326085,0.211978
GemmTunableOp_Half_TN,tn_640_1033_2560_ld_2560_2560_640,Gemm_Rocblas_-1086326083,0.1964960992336273
GemmTunableOp_Half_TN,tn_640_1036_2560_ld_2560_2560_640,Gemm_Rocblas_-1086326083,0.211256
GemmTunableOp_Half_TN,tn_640_1039_2560_ld_2560_2560_640,Gemm_Rocblas_-1086326083,0.19675210118293762
GemmTunableOp_Half_TN,tn_640_1042_2560_ld_2560_2560_640,Gemm_Rocblas_-1086326083,0.21354
GemmTunableOp_Half_TN,tn_640_1045_2560_ld_2560_2560_640,Gemm_Rocblas_-1086326085,0.214214
GemmTunableOp_Half_TN,tn_640_1125_2560_ld_2560_2560_640,Gemm_Rocblas_-1086326085,0.217071
GemmTunableOp_Half_TN,tn_640_121_2560_ld_2560_2560_640,Gemm_Rocblas_-1086326140,0.0560759
GemmTunableOp_Half_TN,tn_640_12300_2560_ld_2560_2560_640,Gemm_Rocblas_-1086326079,1.62338
GemmTunableOp_Half_TN,tn_640_12312_2560_ld_2560_2560_640,Gemm_Rocblas_-1086326079,1.65068
GemmTunableOp_Half_TN,tn_640_1264_2560_ld_2560_2560_640,Gemm_Rocblas_-1086326047,0.237952
GemmTunableOp_Half_TN,tn_640_127_2560_ld_2560_2560_640,Gemm_Rocblas_-1086326129,0.05247690044343471
GemmTunableOp_Half_TN,tn_640_128_2560_ld_2560_2560_640,Gemm_Rocblas_-1086326129,0.0507144
GemmTunableOp_Half_TN,tn_640_1295_2560_ld_2560_2560_640,Gemm_Rocblas_-1086326047,0.241499
GemmTunableOp_Half_TN,tn_640_12_2560_ld_2560_2560_640,Gemm_Rocblas_-1086326204,0.0250032
GemmTunableOp_Half_TN,tn_640_130_2560_ld_2560_2560_640,Gemm_Rocblas_-1086326129,0.053132899850606916
GemmTunableOp_Half_TN,tn_640_1323_2560_ld_2560_2560_640,Gemm_Rocblas_-1086326047,0.23759
GemmTunableOp_Half_TN,tn_640_1324_2560_ld_2560_2560_640,Gemm_Rocblas_-1086326047,0.240407
GemmTunableOp_Half_TN,tn_640_1325_2560_ld_2560_2560_640,Gemm_Rocblas_-1086326047,0.23821609616279601
GemmTunableOp_Half_TN,tn_640_134_2560_ld_2560_2560_640,Gemm_Rocblas_-1086326134,0.05333690010011196
GemmTunableOp_Half_TN,tn_640_1392_2560_ld_2560_2560_640,Gemm_Rocblas_-1086326047,0.236947
GemmTunableOp_Half_TN,tn_640_1399_2560_ld_2560_2560_640,Gemm_Rocblas_-1086326047,0.25075
GemmTunableOp_Half_TN,tn_640_1445_2560_ld_2560_2560_640,Gemm_Rocblas_-1086326047,0.237829
GemmTunableOp_Half_TN,tn_640_1495_2560_ld_2560_2560_640,Gemm_Rocblas_-1086326047,0.24105200022459028
GemmTunableOp_Half_TN,tn_640_16384_2560_ld_2560_2560_640,Gemm_Rocblas_-1086326063,1.65084
GemmTunableOp_Half_TN,tn_640_16_2560_ld_2560_2560_640,Gemm_Rocblas_-1086326204,0.024818
GemmTunableOp_Half_TN,tn_640_1888_2560_ld_2560_2560_640,Gemm_Rocblas_-1086326082,0.326803
GemmTunableOp_Half_TN,tn_640_1_2560_ld_2560_2560_640,Gemm_Rocblas_-9,0.01818000003695488
GemmTunableOp_Half_TN,tn_640_224_2560_ld_2560_2560_640,Gemm_Rocblas_-1086326134,0.069904
GemmTunableOp_Half_TN,tn_640_225_2560_ld_2560_2560_640,Gemm_Rocblas_-1086326134,0.0721542
GemmTunableOp_Half_TN,tn_640_240_2560_ld_2560_2560_640,Gemm_Rocblas_-1086326129,0.071636
GemmTunableOp_Half_TN,tn_640_24_2560_ld_2560_2560_640,Gemm_Rocblas_-1086326204,0.0373676
GemmTunableOp_Half_TN,tn_640_257_2560_ld_2560_2560_640,Gemm_Rocblas_-1086326140,0.07720939889550209
GemmTunableOp_Half_TN,tn_640_259_2560_ld_2560_2560_640,Gemm_Rocblas_-1086326128,0.079721400141716
GemmTunableOp_Half_TN,tn_640_261_2560_ld_2560_2560_640,Gemm_Rocblas_-1086326129,0.07792139947414399
GemmTunableOp_Half_TN,tn_640_262_2560_ld_2560_2560_640,Gemm_Rocblas_-1086326129,0.07910539954900742
GemmTunableOp_Half_TN,tn_640_2_2560_ld_2560_2560_640,Gemm_Rocblas_-1086326200,0.028590999916195868
GemmTunableOp_Half_TN,tn_640_3073_2560_ld_2560_2560_640,Gemm_Rocblas_-1086326047,0.46862
GemmTunableOp_Half_TN,tn_640_3074_2560_ld_2560_2560_640,Gemm_Rocblas_-1086326047,0.468724
GemmTunableOp_Half_TN,tn_640_3075_2560_ld_2560_2560_640,Gemm_Rocblas_-1086326047,0.444512
GemmTunableOp_Half_TN,tn_640_3076_2560_ld_2560_2560_640,Gemm_Rocblas_-1086326047,0.430359
GemmTunableOp_Half_TN,tn_640_3077_2560_ld_2560_2560_640,Gemm_Rocblas_-1086326047,0.455917
GemmTunableOp_Half_TN,tn_640_3078_2560_ld_2560_2560_640,Gemm_Rocblas_-1086326047,0.469008
GemmTunableOp_Half_TN,tn_640_3079_2560_ld_2560_2560_640,Gemm_Rocblas_-1086326047,0.454941
GemmTunableOp_Half_TN,tn_640_3081_2560_ld_2560_2560_640,Gemm_Rocblas_-1086326063,0.470433
GemmTunableOp_Half_TN,tn_640_3084_2560_ld_2560_2560_640,Gemm_Rocblas_-1086326047,0.429115
GemmTunableOp_Half_TN,tn_640_3087_2560_ld_2560_2560_640,Gemm_Rocblas_-1086326047,0.464887
GemmTunableOp_Half_TN,tn_640_3090_2560_ld_2560_2560_640,Gemm_Rocblas_-1086326047,0.465877
GemmTunableOp_Half_TN,tn_640_3093_2560_ld_2560_2560_640,Gemm_Rocblas_-1086326047,0.464596
GemmTunableOp_Half_TN,tn_640_32_2560_ld_2560_2560_640,Gemm_Rocblas_-1086326202,0.0378556
GemmTunableOp_Half_TN,tn_640_3_2560_ld_2560_2560_640,Gemm_Rocblas_-1086326200,0.028397999331355093
GemmTunableOp_Half_TN,tn_640_4096_2560_ld_2560_2560_640,Gemm_Rocblas_-1086326277,0.599833
GemmTunableOp_Half_TN,tn_640_4108_2560_ld_2560_2560_640,Gemm_Rocblas_-1086326077,0.6076560974121094
GemmTunableOp_Half_TN,tn_640_4120_2560_ld_2560_2560_640,Gemm_Rocblas_-1086326077,0.6086603045463561
GemmTunableOp_Half_TN,tn_640_4132_2560_ld_2560_2560_640,Gemm_Rocblas_-1086326077,0.6199682056903839
GemmTunableOp_Half_TN,tn_640_4156_2560_ld_2560_2560_640,Gemm_Rocblas_-1086326077,0.6129881978034973
GemmTunableOp_Half_TN,tn_640_4168_2560_ld_2560_2560_640,Gemm_Rocblas_-1086326077,0.6110481977462769
GemmTunableOp_Half_TN,tn_640_4180_2560_ld_2560_2560_640,Gemm_Rocblas_-1086326077,0.6281041920185089
GemmTunableOp_Half_TN,tn_640_43_2560_ld_2560_2560_640,Gemm_Rocblas_-1086326129,0.047953
GemmTunableOp_Half_TN,tn_640_44_2560_ld_2560_2560_640,Gemm_Rocblas_-1086326140,0.0473394
GemmTunableOp_Half_TN,tn_640_48_2560_ld_2560_2560_640,Gemm_Rocblas_-1086326129,0.0457552
GemmTunableOp_Half_TN,tn_640_4_2560_ld_2560_2560_640,Gemm_Rocblas_-1086326200,0.027311999909579755
GemmTunableOp_Half_TN,tn_640_56_2560_ld_2560_2560_640,Gemm_Rocblas_-1086326140,0.0469256
GemmTunableOp_Half_TN,tn_640_5_2560_ld_2560_2560_640,Gemm_Rocblas_-1086326200,0.02878599986433983
GemmTunableOp_Half_TN,tn_640_60_2560_ld_2560_2560_640,Gemm_Rocblas_-1086326140,0.046652
GemmTunableOp_Half_TN,tn_640_64_2560_ld_2560_2560_640,Gemm_Rocblas_-1086326134,0.04103679955005646
GemmTunableOp_Half_TN,tn_640_65_2560_ld_2560_2560_640,Gemm_Rocblas_-1086326139,0.04828470014035702
GemmTunableOp_Half_TN,tn_640_66_2560_ld_2560_2560_640,Gemm_Rocblas_-1086326134,0.04885700009763241
GemmTunableOp_Half_TN,tn_640_67_2560_ld_2560_2560_640,Gemm_Rocblas_-1086326134,0.04909290000796318
GemmTunableOp_Half_TN,tn_640_68_2560_ld_2560_2560_640,Gemm_Rocblas_-1086326134,0.049121000245213514
GemmTunableOp_Half_TN,tn_640_692_2560_ld_2560_2560_640,Gemm_Rocblas_-1086326098,0.14804
GemmTunableOp_Half_TN,tn_640_69_2560_ld_2560_2560_640,Gemm_Rocblas_-1086326134,0.048908999934792516
GemmTunableOp_Half_TN,tn_640_6_2560_ld_2560_2560_640,Gemm_Rocblas_-1086326204,0.02594000045210123
GemmTunableOp_Half_TN,tn_640_701_2560_ld_2560_2560_640,Gemm_Rocblas_-1086326098,0.148949
GemmTunableOp_Half_TN,tn_640_704_2560_ld_2560_2560_640,Gemm_Rocblas_-1086326078,0.142274
GemmTunableOp_Half_TN,tn_640_70_2560_ld_2560_2560_640,Gemm_Rocblas_-1086326139,0.04835299961268902
GemmTunableOp_Half_TN,tn_640_71_2560_ld_2560_2560_640,Gemm_Rocblas_-1086326139,0.04828479997813702
GemmTunableOp_Half_TN,tn_640_784_2560_ld_2560_2560_640,Gemm_Rocblas_-1086326077,0.148874
GemmTunableOp_Half_TN,tn_640_788_2560_ld_2560_2560_640,Gemm_Rocblas_-1086326098,0.150464
GemmTunableOp_Half_TN,tn_640_789_2560_ld_2560_2560_640,Gemm_Rocblas_-1086326098,0.148544
GemmTunableOp_Half_TN,tn_640_7_2560_ld_2560_2560_640,Gemm_Rocblas_-1086326200,0.03049199990928173
GemmTunableOp_Half_TN,tn_640_804_2560_ld_2560_2560_640,Gemm_Rocblas_-1086326098,0.150536
GemmTunableOp_Half_TN,tn_640_8_2560_ld_2560_2560_640,Gemm_Rocblas_-1086326200,0.029709999822080134
GemmTunableOp_Half_TN,tn_640_96_2560_ld_2560_2560_640,Gemm_Rocblas_-1086326129,0.0523272
GemmTunableOp_Half_TN,tn_640_9_2560_ld_2560_2560_640,Gemm_Rocblas_-1086326204,0.031356000341475
GemmTunableOp_Half_TN,tn_864_6272_1152_ld_1152_1152_864,Gemm_Rocblas_-1086326036,0.377769
GemmTunableOp_Half_NN,nn_1024_1027_4096_ld_1024_4096_1024,Gemm_Rocblas_-1086328130,0.3844943970441818
GemmTunableOp_Half_NN,nn_1024_1028_4096_ld_1024_4096_1024,Gemm_Rocblas_-1086328130,0.38531499803066255
GemmTunableOp_Half_NN,nn_1024_1172_4096_ld_1024_4096_1024,Gemm_Rocblas_-1086327943,0.4618080973625183
GemmTunableOp_Half_NN,nn_1024_1280_4096_ld_1024_4096_1024,Gemm_Rocblas_-1086327943,0.4689802020788193
GemmTunableOp_Half_NN,nn_1024_289_4096_ld_1024_4096_1024,Gemm_Rocblas_-1086327985,0.1378104031085968
GemmTunableOp_Half_NN,nn_1024_331_4096_ld_1024_4096_1024,Gemm_Rocblas_-1086327985,0.15903799831867219
GemmTunableOp_Half_NN,nn_1024_404_4096_ld_1024_4096_1024,Gemm_Rocblas_-1086327985,0.19019539952278136
GemmTunableOp_Half_NN,nn_1024_672_4096_ld_1024_4096_1024,Gemm_Rocblas_-1086327940,0.2747289955615998
GemmTunableOp_Half_NN,nn_1024_853_4096_ld_1024_4096_1024,Gemm_Rocblas_-1086327941,0.34561820328235626
GemmTunableOp_Half_NN,nn_1280_1024_10240_ld_1280_10240_1280,Gemm_Rocblas_-1086327943,1.165076982975006
GemmTunableOp_Half_NN,nn_1280_1039_10240_ld_1280_10240_1280,Gemm_Rocblas_-1086327943,1.1147920966148377
GemmTunableOp_Half_NN,nn_1280_1042_10240_ld_1280_10240_1280,Gemm_Rocblas_-1086327943,1.2859711050987244
GemmTunableOp_Half_NN,nn_1280_1045_10240_ld_1280_10240_1280,Gemm_Rocblas_-1086327943,1.2928593158721924
GemmTunableOp_Half_NN,nn_1280_1184_10240_ld_1280_10240_1280,Gemm_Rocblas_-1086327942,1.2689190030097963
GemmTunableOp_Half_NN,nn_1280_1202_10240_ld_1280_10240_1280,Gemm_Rocblas_-1086327942,1.435814118385315
GemmTunableOp_Half_NN,nn_1280_1205_10240_ld_1280_10240_1280,Gemm_Rocblas_-1086327942,1.4430863976478576
GemmTunableOp_Half_NN,nn_1280_1254_10240_ld_1280_10240_1280,Gemm_Rocblas_-1086327942,1.278495192527771
GemmTunableOp_Half_NN,nn_1280_1263_10240_ld_1280_10240_1280,Gemm_Rocblas_-1086327942,1.4592987895011902
GemmTunableOp_Half_NN,nn_1280_1283_10240_ld_1280_10240_1280,Gemm_Rocblas_-1086327941,1.5966729879379273
GemmTunableOp_Half_NN,nn_1280_1289_10240_ld_1280_10240_1280,Gemm_Rocblas_-1086327941,1.6175934195518495
GemmTunableOp_Half_NN,nn_1280_1442_10240_ld_1280_10240_1280,Gemm_Rocblas_-1086327942,1.684330904483795
GemmTunableOp_Half_NN,nn_1280_1464_10240_ld_1280_10240_1280,Gemm_Rocblas_-1086327942,1.6974072813987733
GemmTunableOp_Half_NN,nn_1280_1473_10240_ld_1280_10240_1280,Gemm_Rocblas_-1086327942,1.7092632889747619
GemmTunableOp_Half_NN,nn_1280_1827_10240_ld_1280_10240_1280,Gemm_Rocblas_-1086328138,2.278534507751465
GemmTunableOp_Half_NN,nn_1280_1836_10240_ld_1280_10240_1280,Gemm_Rocblas_-1086328138,2.280306601524353
GemmTunableOp_Half_NN,nn_1280_1842_10240_ld_1280_10240_1280,Gemm_Rocblas_-1086328138,2.2758785486221313
GemmTunableOp_Half_NN,nn_1280_1987_10240_ld_1280_10240_1280,Gemm_Rocblas_-1086328138,2.3378151655197144
GemmTunableOp_Half_NN,nn_1280_1996_10240_ld_1280_10240_1280,Gemm_Rocblas_-1086328138,2.3309556961059568
GemmTunableOp_Half_NN,nn_1280_1999_10240_ld_1280_10240_1280,Gemm_Rocblas_-1086327926,2.337215518951416
GemmTunableOp_Half_NN,nn_1280_2002_10240_ld_1280_10240_1280,Gemm_Rocblas_-1086328138,2.3437999725341796
GemmTunableOp_Half_NN,nn_1280_2048_10240_ld_1280_10240_1280,Gemm_Rocblas_-1086328138,2.353432321548462
GemmTunableOp_Half_NN,nn_1280_245_10240_ld_1280_10240_1280,Gemm_Rocblas_-1086327985,0.3321737974882126
GemmTunableOp_Half_NN,nn_1280_262_10240_ld_1280_10240_1280,Gemm_Rocblas_-1086327985,0.3966430991888046
GemmTunableOp_Half_NN,nn_1280_65_10240_ld_1280_10240_1280,Gemm_Rocblas_-1086327945,0.17728720009326934
GemmTunableOp_Half_NN,nn_1280_667_10240_ld_1280_10240_1280,Gemm_Rocblas_-1086327923,0.81369069814682
GemmTunableOp_Half_NN,nn_1280_800_10240_ld_1280_10240_1280,Gemm_Rocblas_-1086327943,1.00131778717041
GemmTunableOp_Half_NN,nn_1280_821_10240_ld_1280_10240_1280,Gemm_Rocblas_-1086327943,1.0010818839073181
GemmTunableOp_Half_NN,nn_1280_845_10240_ld_1280_10240_1280,Gemm_Rocblas_-1086328130,1.00885409116745
GemmTunableOp_Half_NN,nn_1536_1024_4096_ld_1536_4096_1536,Gemm_Rocblas_-1086328130,0.5655548036098481
GemmTunableOp_Half_NN,nn_1536_1027_4096_ld_1536_4096_1536,Gemm_Rocblas_-1086328130,0.5908152043819427
GemmTunableOp_Half_NN,nn_1536_1028_4096_ld_1536_4096_1536,Gemm_Rocblas_-1086328130,0.5928390979766845
GemmTunableOp_Half_NN,nn_1536_1030_4096_ld_1536_4096_1536,Gemm_Rocblas_-1086328130,0.5901991009712219
GemmTunableOp_Half_NN,nn_1536_1034_4096_ld_1536_4096_1536,Gemm_Rocblas_-1086328130,0.5899990975856781
GemmTunableOp_Half_NN,nn_1536_1037_4096_ld_1536_4096_1536,Gemm_Rocblas_-1086328130,0.589695006608963
GemmTunableOp_Half_NN,nn_1536_1039_5120_ld_1536_5120_1536,Gemm_Rocblas_-1086328115,0.6992492020130158
GemmTunableOp_Half_NN,nn_1536_1042_5120_ld_1536_5120_1536,Gemm_Rocblas_-1086328115,0.7013653874397279
GemmTunableOp_Half_NN,nn_1536_1045_5120_ld_1536_5120_1536,Gemm_Rocblas_-1086328130,0.7038091957569123
GemmTunableOp_Half_NN,nn_1536_1254_5120_ld_1536_5120_1536,Gemm_Rocblas_-1086327946,0.9061770021915436
GemmTunableOp_Half_NN,nn_1536_1263_5120_ld_1536_5120_1536,Gemm_Rocblas_-1086328133,0.9067530930042267
GemmTunableOp_Half_NN,nn_1536_1280_4096_ld_1536_4096_1536,Gemm_Rocblas_-1086328131,0.7238575994968416
GemmTunableOp_Half_NN,nn_1536_1283_5120_ld_1536_5120_1536,Gemm_Rocblas_-1086328116,0.9406135916709899
GemmTunableOp_Half_NN,nn_1536_1289_5120_ld_1536_5120_1536,Gemm_Rocblas_-1086328116,0.9402737915515901
GemmTunableOp_Half_NN,nn_1536_1827_5120_ld_1536_5120_1536,Gemm_Rocblas_-1086327921,1.206862998008728
GemmTunableOp_Half_NN,nn_1536_1836_5120_ld_1536_5120_1536,Gemm_Rocblas_-1086327921,1.2034748077392579
GemmTunableOp_Half_NN,nn_1536_1842_5120_ld_1536_5120_1536,Gemm_Rocblas_-1086327921,1.207330799102783
GemmTunableOp_Half_NN,nn_1536_245_5120_ld_1536_5120_1536,Gemm_Rocblas_-1086327985,0.2112839996814728
GemmTunableOp_Half_NN,nn_1536_261_4096_ld_1536_4096_1536,Gemm_Rocblas_-1086327985,0.20199510008096694
GemmTunableOp_Half_NN,nn_1536_262_5120_ld_1536_5120_1536,Gemm_Rocblas_-1086327985,0.24920069873332978
GemmTunableOp_Half_NN,nn_1536_289_4096_ld_1536_4096_1536,Gemm_Rocblas_-1086327985,0.20798400044441223
GemmTunableOp_Half_NN,nn_1536_404_4096_ld_1536_4096_1536,Gemm_Rocblas_-1086327985,0.269549098610878
GemmTunableOp_Half_NN,nn_1536_65_5120_ld_1536_5120_1536,Gemm_Rocblas_-1086327940,0.10099789947271348
GemmTunableOp_Half_NN,nn_1536_667_5120_ld_1536_5120_1536,Gemm_Rocblas_-1086327921,0.5099415957927703
GemmTunableOp_Half_NN,nn_1536_672_4096_ld_1536_4096_1536,Gemm_Rocblas_-1086327921,0.40727959871292113
GemmTunableOp_Half_NN,nn_1536_781_4096_ld_1536_4096_1536,Gemm_Rocblas_-1086327943,0.5122335970401763
GemmTunableOp_Half_NN,nn_1536_800_5120_ld_1536_5120_1536,Gemm_Rocblas_-1086327943,0.6362199008464813
GemmTunableOp_Half_NN,nn_1536_821_5120_ld_1536_5120_1536,Gemm_Rocblas_-1086327943,0.6380039989948272
GemmTunableOp_Half_NN,nn_1536_845_5120_ld_1536_5120_1536,Gemm_Rocblas_-1086327943,0.6427560985088349
GemmTunableOp_Half_NN,nn_1536_853_4096_ld_1536_4096_1536,Gemm_Rocblas_-1086327943,0.5280979931354524
GemmTunableOp_Half_NN,nn_1536_923_4096_ld_1536_4096_1536,Gemm_Rocblas_-1086327920,0.5575303971767426
GemmTunableOp_Half_NN,nn_1_1016_2048_ld_1_2048_1,Gemm_Rocblas_-9,0.020348400250077246
GemmTunableOp_Half_NN,nn_1_1024_2048_ld_1_2048_1,Gemm_Rocblas_-9,0.020152299851179122
GemmTunableOp_Half_NN,nn_1_1025_2048_ld_1_2048_1,Gemm_Rocblas_-9,0.020920299738645554
GemmTunableOp_Half_NN,nn_1_1027_2048_ld_1_2048_1,Gemm_Rocblas_-9,0.020096200332045556
GemmTunableOp_Half_NN,nn_1_1030_2048_ld_1_2048_1,Gemm_Rocblas_-9,0.020048200339078903
GemmTunableOp_Half_NN,nn_1_1033_2048_ld_1_2048_1,Gemm_Rocblas_-9,0.020608299784362315
GemmTunableOp_Half_NN,nn_1_1036_2048_ld_1_2048_1,Gemm_Rocblas_-9,0.019968199916183947
GemmTunableOp_Half_NN,nn_1_1037_2048_ld_1_2048_1,Gemm_Rocblas_-9,0.020392300188541414
GemmTunableOp_Half_NN,nn_1_1039_2048_ld_1_2048_1,Gemm_Rocblas_-9,0.019868199899792667
GemmTunableOp_Half_NN,nn_1_1042_2048_ld_1_2048_1,Gemm_Rocblas_-9,0.01996030006557703
GemmTunableOp_Half_NN,nn_1_1045_2048_ld_1_2048_1,Gemm_Rocblas_-9,0.020920200273394588
GemmTunableOp_Half_NN,nn_1_10_2048_ld_1_2048_1,Gemm_Rocblas_-9,0.01283600004389882
GemmTunableOp_Half_NN,nn_1_1197_2048_ld_1_2048_1,Gemm_Rocblas_-9,0.021608399972319604
GemmTunableOp_Half_NN,nn_1_11_2048_ld_1_2048_1,Gemm_Rocblas_-9,0.013024299871176481
GemmTunableOp_Half_NN,nn_1_1200_2048_ld_1_2048_1,Gemm_Rocblas_-9,0.021656199917197225
GemmTunableOp_Half_NN,nn_1_12_2048_ld_1_2048_1,Gemm_Rocblas_-9,0.01296439990401268
GemmTunableOp_Half_NN,nn_1_1378_2048_ld_1_2048_1,Gemm_Rocblas_-9,0.022352200001478195
GemmTunableOp_Half_NN,nn_1_13_2048_ld_1_2048_1,Gemm_Rocblas_-9,0.012884099967777729
GemmTunableOp_Half_NN,nn_1_15_2048_ld_1_2048_1,Gemm_Rocblas_-9,0.012888300139456988
GemmTunableOp_Half_NN,nn_1_16_2048_ld_1_2048_1,Gemm_Rocblas_-9,0.012968300096690654
GemmTunableOp_Half_NN,nn_1_17_2048_ld_1_2048_1,Gemm_Rocblas_-9,0.013284199964255094
GemmTunableOp_Half_NN,nn_1_1859_2048_ld_1_2048_1,Gemm_Rocblas_-9,0.03034450002014637
GemmTunableOp_Half_NN,nn_1_1865_2048_ld_1_2048_1,Gemm_Rocblas_-9,0.029644500277936456
GemmTunableOp_Half_NN,nn_1_18_2048_ld_1_2048_1,Gemm_Rocblas_-9,0.013088299985975027
GemmTunableOp_Half_NN,nn_1_1_2048_ld_1_2048_1,Gemm_Rocblas_-9,0.03514060005545616
GemmTunableOp_Half_NN,nn_1_2040_2048_ld_1_2048_1,Gemm_Rocblas_-9,0.03184840027242899
GemmTunableOp_Half_NN,nn_1_2048_2048_ld_1_2048_1,Gemm_Rocblas_-9,0.032932499423623085
GemmTunableOp_Half_NN,nn_1_20_2048_ld_1_2048_1,Gemm_Rocblas_-9,0.012971999961882828
GemmTunableOp_Half_NN,nn_1_225_2048_ld_1_2048_1,Gemm_Rocblas_-9,0.014084199909120798
GemmTunableOp_Half_NN,nn_1_24_2048_ld_1_2048_1,Gemm_Rocblas_-9,0.013152199797332287
GemmTunableOp_Half_NN,nn_1_25_2048_ld_1_2048_1,Gemm_Rocblas_-9,0.013024000078439714
GemmTunableOp_Half_NN,nn_1_262_2048_ld_1_2048_1,Gemm_Rocblas_-9,0.014576300047338009
GemmTunableOp_Half_NN,nn_1_26_2048_ld_1_2048_1,Gemm_Rocblas_-9,0.01365209994837642
GemmTunableOp_Half_NN,nn_1_29_2048_ld_1_2048_1,Gemm_Rocblas_-9,0.0129721999168396
GemmTunableOp_Half_NN,nn_1_2_2048_ld_1_2048_1,Gemm_Rocblas_-9,0.01746440008282661
GemmTunableOp_Half_NN,nn_1_32_2048_ld_1_2048_1,Gemm_Rocblas_-9,0.012908000033348799
GemmTunableOp_Half_NN,nn_1_34_2048_ld_1_2048_1,Gemm_Rocblas_-9,0.013092299830168486
GemmTunableOp_Half_NN,nn_1_354_2048_ld_1_2048_1,Gemm_Rocblas_-9,0.01634019985795021
GemmTunableOp_Half_NN,nn_1_37_2048_ld_1_2048_1,Gemm_Rocblas_-9,0.012912299763411282
GemmTunableOp_Half_NN,nn_1_3_2048_ld_1_2048_1,Gemm_Rocblas_-9,0.015616400074213742
GemmTunableOp_Half_NN,nn_1_413_2048_ld_1_2048_1,Gemm_Rocblas_-9,0.0164962999522686
GemmTunableOp_Half_NN,nn_1_420_2048_ld_1_2048_1,Gemm_Rocblas_-9,0.015952300000935796
GemmTunableOp_Half_NN,nn_1_427_2048_ld_1_2048_1,Gemm_Rocblas_-9,0.016200299840420485
GemmTunableOp_Half_NN,nn_1_4_2048_ld_1_2048_1,Gemm_Rocblas_-9,0.012852300051599742
GemmTunableOp_Half_NN,nn_1_58_2048_ld_1_2048_1,Gemm_Rocblas_-9,0.013292199838906527
GemmTunableOp_Half_NN,nn_1_5_2048_ld_1_2048_1,Gemm_Rocblas_-9,0.01416429989039898
GemmTunableOp_Half_NN,nn_1_63_2048_ld_1_2048_1,Gemm_Rocblas_-9,0.013348100055009127
GemmTunableOp_Half_NN,nn_1_6_2048_ld_1_2048_1,Gemm_Rocblas_-9,0.012927999813109636
GemmTunableOp_Half_NN,nn_1_7_2048_ld_1_2048_1,Gemm_Rocblas_-9,0.012748000118881464
GemmTunableOp_Half_NN,nn_1_823_2048_ld_1_2048_1,Gemm_Rocblas_-9,0.017864299938082695
GemmTunableOp_Half_NN,nn_1_835_2048_ld_1_2048_1,Gemm_Rocblas_-9,0.01801219992339611
GemmTunableOp_Half_NN,nn_1_8_2048_ld_1_2048_1,Gemm_Rocblas_-9,0.012856299988925457
GemmTunableOp_Half_NN,nn_1_9_2048_ld_1_2048_1,Gemm_Rocblas_-9,0.013060200028121471
GemmTunableOp_Half_NN,nn_256_1039_5120_ld_256_5120_256,Gemm_Rocblas_-1086327943,0.1428303003311157
GemmTunableOp_Half_NN,nn_256_1042_5120_ld_256_5120_256,Gemm_Rocblas_-1086327940,0.143538299202919
GemmTunableOp_Half_NN,nn_256_1045_5120_ld_256_5120_256,Gemm_Rocblas_-1086327940,0.1425702005624771
GemmTunableOp_Half_NN,nn_256_1184_5120_ld_256_5120_256,Gemm_Rocblas_-1086327985,0.1682106003165245
GemmTunableOp_Half_NN,nn_256_1202_5120_ld_256_5120_256,Gemm_Rocblas_-1086327985,0.1693906992673874
GemmTunableOp_Half_NN,nn_256_1205_5120_ld_256_5120_256,Gemm_Rocblas_-1086327985,0.16904279887676238
GemmTunableOp_Half_NN,nn_256_1254_5120_ld_256_5120_256,Gemm_Rocblas_-1086327985,0.1723026990890503
GemmTunableOp_Half_NN,nn_256_1263_5120_ld_256_5120_256,Gemm_Rocblas_-1086327985,0.17373860031366348
GemmTunableOp_Half_NN,nn_256_1283_5120_ld_256_5120_256,Gemm_Rocblas_-1086327985,0.1726386994123459
GemmTunableOp_Half_NN,nn_256_1289_5120_ld_256_5120_256,Gemm_Rocblas_-1086327985,0.17387060075998306
GemmTunableOp_Half_NN,nn_256_1442_5120_ld_256_5120_256,Gemm_Rocblas_-1086327943,0.19984319955110552
GemmTunableOp_Half_NN,nn_256_1464_5120_ld_256_5120_256,Gemm_Rocblas_-1086327941,0.19946720004081728
GemmTunableOp_Half_NN,nn_256_1473_5120_ld_256_5120_256,Gemm_Rocblas_-1086327941,0.19924309849739075
GemmTunableOp_Half_NN,nn_256_1574_5120_ld_256_5120_256,Gemm_Rocblas_-1086327941,0.20406329929828643
GemmTunableOp_Half_NN,nn_256_1600_5120_ld_256_5120_256,Gemm_Rocblas_-1086327941,0.2035551980137825
GemmTunableOp_Half_NN,nn_256_1612_5120_ld_256_5120_256,Gemm_Rocblas_-1086327941,0.2057513013482094
GemmTunableOp_Half_NN,nn_256_1615_5120_ld_256_5120_256,Gemm_Rocblas_-1086327941,0.20629150122404097
GemmTunableOp_Half_NN,nn_256_1618_5120_ld_256_5120_256,Gemm_Rocblas_-1086327941,0.20704299807548524
GemmTunableOp_Half_NN,nn_256_1621_5120_ld_256_5120_256,Gemm_Rocblas_-1086327941,0.2072795018553734
GemmTunableOp_Half_NN,nn_256_1645_5120_ld_256_5120_256,Gemm_Rocblas_-1086327941,0.20927139967679978
GemmTunableOp_Half_NN,nn_256_1827_5120_ld_256_5120_256,Gemm_Rocblas_-1086327940,0.24845590144395827
GemmTunableOp_Half_NN,nn_256_1836_5120_ld_256_5120_256,Gemm_Rocblas_-1086327985,0.24997209906578063
GemmTunableOp_Half_NN,nn_256_1842_5120_ld_256_5120_256,Gemm_Rocblas_-1086327940,0.2508239954710007
GemmTunableOp_Half_NN,nn_256_1987_5120_ld_256_5120_256,Gemm_Rocblas_-1086327941,0.2597283035516739
GemmTunableOp_Half_NN,nn_256_1996_5120_ld_256_5120_256,Gemm_Rocblas_-1086327941,0.2590642005205155
GemmTunableOp_Half_NN,nn_256_1999_5120_ld_256_5120_256,Gemm_Rocblas_-1086327941,0.26110420227050785
GemmTunableOp_Half_NN,nn_256_2002_5120_ld_256_5120_256,Gemm_Rocblas_-1086327941,0.25955620110034944
GemmTunableOp_Half_NN,nn_256_245_5120_ld_256_5120_256,Gemm_Rocblas_-1086327945,0.05949690081179142
GemmTunableOp_Half_NN,nn_256_667_5120_ld_256_5120_256,Gemm_Rocblas_-1086327945,0.10271339938044546
GemmTunableOp_Half_NN,nn_256_800_5120_ld_256_5120_256,Gemm_Rocblas_-1086327940,0.10866949930787087
GemmTunableOp_Half_NN,nn_256_821_5120_ld_256_5120_256,Gemm_Rocblas_-1086327940,0.11177369877696038
GemmTunableOp_Half_NN,nn_256_845_5120_ld_256_5120_256,Gemm_Rocblas_-1086327940,0.13391800075769425
GemmTunableOp_Half_NN,nn_3072_245_5120_ld_3072_5120_3072,Gemm_Rocblas_-1086327943,0.35113080143928527
GemmTunableOp_Half_NN,nn_3072_65_5120_ld_3072_5120_3072,Gemm_Rocblas_-1086328122,0.1890315979719162
GemmTunableOp_Half_NN,nn_4096_1037_2048_ld_4096_2048_4096,Gemm_Rocblas_-1086328130,0.7632425010204316
GemmTunableOp_Half_NN,nn_4096_261_2048_ld_4096_2048_4096,Gemm_Rocblas_-1086327985,0.2597890973091126
GemmTunableOp_Half_NN,nn_4096_289_2048_ld_4096_2048_4096,Gemm_Rocblas_-1086327920,0.2692652016878128
GemmTunableOp_Half_NN,nn_4096_289_512_ld_4096_512_4096,Gemm_Rocblas_-1086328193,0.07564930021762847
GemmTunableOp_Half_NN,nn_4096_331_2048_ld_4096_2048_4096,Gemm_Rocblas_-1086327916,0.2905375033617019
GemmTunableOp_Half_NN,nn_4352_1039_5120_ld_4352_5120_4352,Gemm_Rocblas_-1086327921,2.0611477851867677
GemmTunableOp_Half_NN,nn_4352_1042_5120_ld_4352_5120_4352,Gemm_Rocblas_-1086327921,2.063327693939209
GemmTunableOp_Half_NN,nn_4352_1045_5120_ld_4352_5120_4352,Gemm_Rocblas_-1086327921,2.061307501792908
GemmTunableOp_Half_NN,nn_4352_1184_5120_ld_4352_5120_4352,Gemm_Rocblas_-1086328133,2.244839310646057
GemmTunableOp_Half_NN,nn_4352_1202_5120_ld_4352_5120_4352,Gemm_Rocblas_-1086328127,2.256631302833557
GemmTunableOp_Half_NN,nn_4352_1205_5120_ld_4352_5120_4352,Gemm_Rocblas_-1086328127,2.2544312715530395
GemmTunableOp_Half_NN,nn_4352_1254_5120_ld_4352_5120_4352,Gemm_Rocblas_-1086328133,2.282879900932312
GemmTunableOp_Half_NN,nn_4352_1263_5120_ld_4352_5120_4352,Gemm_Rocblas_-1086328131,2.2733519792556764
GemmTunableOp_Half_NN,nn_4352_1283_5120_ld_4352_5120_4352,Gemm_Rocblas_-1086327921,2.497247910499573
GemmTunableOp_Half_NN,nn_4352_1289_5120_ld_4352_5120_4352,Gemm_Rocblas_-1086327921,2.5015637609693737
GemmTunableOp_Half_NN,nn_4352_1442_5120_ld_4352_5120_4352,Gemm_Rocblas_-1086328131,2.6816514597998724
GemmTunableOp_Half_NN,nn_4352_1464_5120_ld_4352_5120_4352,Gemm_Rocblas_-1086327917,2.745817025502523
GemmTunableOp_Half_NN,nn_4352_1473_5120_ld_4352_5120_4352,Gemm_Rocblas_-1086328179,2.7387503253089056
GemmTunableOp_Half_NN,nn_4352_1574_5120_ld_4352_5120_4352,Gemm_Rocblas_-1086327921,2.9984424710273743
GemmTunableOp_Half_NN,nn_4352_262_5120_ld_4352_5120_4352,Gemm_Rocblas_-1086327985,0.6739931106567383
GemmTunableOp_Half_NN,nn_4352_65_5120_ld_4352_5120_4352,Gemm_Rocblas_-1086327910,0.25640489757061
GemmTunableOp_Half_NN,nn_4352_667_5120_ld_4352_5120_4352,Gemm_Rocblas_-1086328133,1.2417397022247314
GemmTunableOp_Half_NN,nn_4352_800_5120_ld_4352_5120_4352,Gemm_Rocblas_-1086327921,1.60535489320755
GemmTunableOp_Half_NN,nn_4352_821_5120_ld_4352_5120_4352,Gemm_Rocblas_-1086327921,1.6114949822425841
GemmTunableOp_Half_NN,nn_4352_845_5120_ld_4352_5120_4352,Gemm_Rocblas_-1086327921,1.6198471903800964
GemmTunableOp_Half_NN,nn_5120_245_4352_ld_5120_4352_5120,Gemm_Rocblas_-1086327943,0.5374343991279602
GemmTunableOp_Half_NN,nn_5120_65_1536_ld_5120_1536_5120,Gemm_Rocblas_-1086327940,0.09938199967145919
GemmTunableOp_Half_NN,nn_5120_65_4352_ld_5120_4352_5120,Gemm_Rocblas_-1086327985,0.2509248986840248
GemmTunableOp_Half_NN,nn_512_1039_5120_ld_512_5120_512,Gemm_Rocblas_-1086327943,0.2522521913051605
GemmTunableOp_Half_NN,nn_512_1042_5120_ld_512_5120_512,Gemm_Rocblas_-1086327943,0.2526962995529175
GemmTunableOp_Half_NN,nn_512_1045_5120_ld_512_5120_512,Gemm_Rocblas_-1086327943,0.25441619753837585
GemmTunableOp_Half_NN,nn_512_1184_5120_ld_512_5120_512,Gemm_Rocblas_-1086327985,0.2970968991518021
GemmTunableOp_Half_NN,nn_512_1202_5120_ld_512_5120_512,Gemm_Rocblas_-1086327985,0.2890288025140762
GemmTunableOp_Half_NN,nn_512_1205_5120_ld_512_5120_512,Gemm_Rocblas_-1086327985,0.28895289897918697
GemmTunableOp_Half_NN,nn_512_1254_5120_ld_512_5120_512,Gemm_Rocblas_-1086327985,0.315241202712059
GemmTunableOp_Half_NN,nn_512_1263_5120_ld_512_5120_512,Gemm_Rocblas_-1086327985,0.3117930948734283
GemmTunableOp_Half_NN,nn_512_1283_5120_ld_512_5120_512,Gemm_Rocblas_-1086327941,0.32722949981689453
GemmTunableOp_Half_NN,nn_512_1289_5120_ld_512_5120_512,Gemm_Rocblas_-1086327941,0.32717370390892025
GemmTunableOp_Half_NN,nn_512_1442_5120_ld_512_5120_512,Gemm_Rocblas_-1086327941,0.3763424009084701
GemmTunableOp_Half_NN,nn_512_1464_5120_ld_512_5120_512,Gemm_Rocblas_-1086327943,0.3791584938764572
GemmTunableOp_Half_NN,nn_512_1473_5120_ld_512_5120_512,Gemm_Rocblas_-1086327943,0.38012249767780304
GemmTunableOp_Half_NN,nn_512_1574_5120_ld_512_5120_512,Gemm_Rocblas_-1086327941,0.3891466975212097
GemmTunableOp_Half_NN,nn_512_1600_5120_ld_512_5120_512,Gemm_Rocblas_-1086327943,0.39262299537658696
GemmTunableOp_Half_NN,nn_512_1612_5120_ld_512_5120_512,Gemm_Rocblas_-1086327943,0.39249100089073186
GemmTunableOp_Half_NN,nn_512_1615_5120_ld_512_5120_512,Gemm_Rocblas_-1086327943,0.3949030011892319
GemmTunableOp_Half_NN,nn_512_1618_5120_ld_512_5120_512,Gemm_Rocblas_-1086327943,0.3947947025299072
GemmTunableOp_Half_NN,nn_512_1621_5120_ld_512_5120_512,Gemm_Rocblas_-1086327943,0.3945948004722596
GemmTunableOp_Half_NN,nn_512_1645_5120_ld_512_5120_512,Gemm_Rocblas_-1086327943,0.39695089757442475
GemmTunableOp_Half_NN,nn_512_1827_5120_ld_512_5120_512,Gemm_Rocblas_-1086327943,0.44979570209980013
GemmTunableOp_Half_NN,nn_512_1836_5120_ld_512_5120_512,Gemm_Rocblas_-1086327943,0.4500559955835342
GemmTunableOp_Half_NN,nn_512_1842_5120_ld_512_5120_512,Gemm_Rocblas_-1086327943,0.44762400090694426
GemmTunableOp_Half_NN,nn_512_245_5120_ld_512_5120_512,Gemm_Rocblas_-1086327940,0.08172939941287041
GemmTunableOp_Half_NN,nn_512_262_5120_ld_512_5120_512,Gemm_Rocblas_-1086327940,0.1007494993507862
GemmTunableOp_Half_NN,nn_512_667_5120_ld_512_5120_512,Gemm_Rocblas_-1086327985,0.1757708966732025
GemmTunableOp_Half_NN,nn_512_800_5120_ld_512_5120_512,Gemm_Rocblas_-1086327985,0.20751140117645264
GemmTunableOp_Half_NN,nn_512_821_5120_ld_512_5120_512,Gemm_Rocblas_-1086327985,0.21043530106544495
GemmTunableOp_Half_NN,nn_512_845_5120_ld_512_5120_512,Gemm_Rocblas_-1086327985,0.23493980020284652
GemmTunableOp_Half_NN,nn_8192_261_1024_ld_8192_1024_8192,Gemm_Rocblas_-1086327920,0.23774069845676424
GemmTunableOp_Half_NN,nn_8192_289_1024_ld_8192_1024_8192,Gemm_Rocblas_-1086327975,0.24895659685134885
GemmTunableOp_Half_TN,tn_128_1024_4096_ld_4096_4096_128,Gemm_Rocblas_-1086326129,0.07311319857835769
GemmTunableOp_Half_TN,tn_128_1027_4096_ld_4096_4096_128,Gemm_Rocblas_-1086326134,0.07296920195221902
GemmTunableOp_Half_TN,tn_128_1028_4096_ld_4096_4096_128,Gemm_Rocblas_-1086326140,0.07256110087037086
GemmTunableOp_Half_TN,tn_128_1030_4096_ld_4096_4096_128,Gemm_Rocblas_-1086326140,0.07299719974398614
GemmTunableOp_Half_TN,tn_128_1034_4096_ld_4096_4096_128,Gemm_Rocblas_-1086326140,0.07304909899830818
GemmTunableOp_Half_TN,tn_128_1037_4096_ld_4096_4096_128,Gemm_Rocblas_-1086326134,0.0727851003408432
GemmTunableOp_Half_TN,tn_128_1172_4096_ld_4096_4096_128,Gemm_Rocblas_-1086326129,0.09608540013432502
GemmTunableOp_Half_TN,tn_128_1280_4096_ld_4096_4096_128,Gemm_Rocblas_-1086326134,0.0958975002169609
GemmTunableOp_Half_TN,tn_128_155_4096_ld_4096_4096_128,Gemm_Rocblas_-1086326204,0.05073669962584972
GemmTunableOp_Half_TN,tn_128_16_4096_ld_4096_4096_128,Gemm_Rocblas_-1086326214,0.02854059971868992
GemmTunableOp_Half_TN,tn_128_17_4096_ld_4096_4096_128,Gemm_Rocblas_-1086326214,0.030716499872505666
GemmTunableOp_Half_TN,tn_128_18_4096_ld_4096_4096_128,Gemm_Rocblas_-1086326206,0.031388599611818786
GemmTunableOp_Half_TN,tn_128_1957_4096_ld_4096_4096_128,Gemm_Rocblas_-1086326082,0.1235218994319439
GemmTunableOp_Half_TN,tn_128_19_4096_ld_4096_4096_128,Gemm_Rocblas_-1086326201,0.03125649988651276
GemmTunableOp_Half_TN,tn_128_1_4096_ld_4096_4096_128,Gemm_Rocblas_-9,0.015116199851036072
GemmTunableOp_Half_TN,tn_128_2048_4096_ld_4096_4096_128,Gemm_Rocblas_-1086326129,0.12580989897251127
GemmTunableOp_Half_TN,tn_128_256_4096_ld_4096_4096_128,Gemm_Rocblas_-1086326141,0.05698859989643096
GemmTunableOp_Half_TN,tn_128_261_4096_ld_4096_4096_128,Gemm_Rocblas_-1086326134,0.05692100003361702
GemmTunableOp_Half_TN,tn_128_289_4096_ld_4096_4096_128,Gemm_Rocblas_-1086326129,0.06260500065982343
GemmTunableOp_Half_TN,tn_128_2_4096_ld_4096_4096_128,Gemm_Rocblas_-1086326201,0.02863950002938509
GemmTunableOp_Half_TN,tn_128_331_4096_ld_4096_4096_128,Gemm_Rocblas_-1086326129,0.05686100013554096
GemmTunableOp_Half_TN,tn_128_3_4096_ld_4096_4096_128,Gemm_Rocblas_-1086326206,0.028924500197172163
GemmTunableOp_Half_TN,tn_128_404_4096_ld_4096_4096_128,Gemm_Rocblas_-1086326129,0.05926500000059605
GemmTunableOp_Half_TN,tn_128_4_4096_ld_4096_4096_128,Gemm_Rocblas_-1086326201,0.02899649981409311
GemmTunableOp_Half_TN,tn_128_57_4096_ld_4096_4096_128,Gemm_Rocblas_-1086326204,0.035944499820470814
GemmTunableOp_Half_TN,tn_128_5_4096_ld_4096_4096_128,Gemm_Rocblas_-1086326201,0.029802599735558034
GemmTunableOp_Half_TN,tn_128_672_4096_ld_4096_4096_128,Gemm_Rocblas_-1086326139,0.07180899903178214
GemmTunableOp_Half_TN,tn_128_6_4096_ld_4096_4096_128,Gemm_Rocblas_-1086326214,0.028644399717450142
GemmTunableOp_Half_TN,tn_128_781_4096_ld_4096_4096_128,Gemm_Rocblas_-1086326139,0.07179310023784638
GemmTunableOp_Half_TN,tn_128_7_4096_ld_4096_4096_128,Gemm_Rocblas_-1086326214,0.028704499825835228
GemmTunableOp_Half_TN,tn_128_853_4096_ld_4096_4096_128,Gemm_Rocblas_-1086326134,0.07266909927129746
GemmTunableOp_Half_TN,tn_128_8_4096_ld_4096_4096_128,Gemm_Rocblas_-1086326214,0.02950849998742342
GemmTunableOp_Half_TN,tn_128_923_4096_ld_4096_4096_128,Gemm_Rocblas_-1086326140,0.07320109978318215
GemmTunableOp_Half_TN,tn_16_1016_2048_ld_2048_2048_16,Gemm_Rocblas_-1086326200,0.035908399522304534
GemmTunableOp_Half_TN,tn_16_1024_2048_ld_2048_2048_16,Gemm_Rocblas_-1086326210,0.03523249961435795
GemmTunableOp_Half_TN,tn_16_1025_2048_ld_2048_2048_16,Gemm_Rocblas_-1086326200,0.03556849956512451
GemmTunableOp_Half_TN,tn_16_1027_2048_ld_2048_2048_16,Gemm_Rocblas_-1086326210,0.035656600072979924
GemmTunableOp_Half_TN,tn_16_1030_2048_ld_2048_2048_16,Gemm_Rocblas_-1086326200,0.03543259985744953
GemmTunableOp_Half_TN,tn_16_1033_2048_ld_2048_2048_16,Gemm_Rocblas_-1086326210,0.03554060012102127
GemmTunableOp_Half_TN,tn_16_1036_2048_ld_2048_2048_16,Gemm_Rocblas_-1086326200,0.03586070016026497
GemmTunableOp_Half_TN,tn_16_1037_2048_ld_2048_2048_16,Gemm_Rocblas_-1086326214,0.03627670034766197
GemmTunableOp_Half_TN,tn_16_1039_2048_ld_2048_2048_16,Gemm_Rocblas_-1086326210,0.03464039973914623
GemmTunableOp_Half_TN,tn_16_1042_2048_ld_2048_2048_16,Gemm_Rocblas_-1086326210,0.03618049956858158
GemmTunableOp_Half_TN,tn_16_1045_2048_ld_2048_2048_16,Gemm_Rocblas_-1086326210,0.03501660004258156
GemmTunableOp_Half_TN,tn_16_1197_2048_ld_2048_2048_16,Gemm_Rocblas_-1086326214,0.03915649950504303
GemmTunableOp_Half_TN,tn_16_1200_2048_ld_2048_2048_16,Gemm_Rocblas_-1086326214,0.039952699467539786
GemmTunableOp_Half_TN,tn_16_12_2048_ld_2048_2048_16,Gemm_Rocblas_-1086326206,0.02317600008100271
GemmTunableOp_Half_TN,tn_16_1378_2048_ld_2048_2048_16,Gemm_Rocblas_-1086326214,0.041148599609732626
GemmTunableOp_Half_TN,tn_16_1859_2048_ld_2048_2048_16,Gemm_Rocblas_-1086326194,0.042956499755382536
GemmTunableOp_Half_TN,tn_16_1865_2048_ld_2048_2048_16,Gemm_Rocblas_-1086326157,0.042780600115656854
GemmTunableOp_Half_TN,tn_16_1_2048_ld_2048_2048_16,Gemm_Rocblas_-9,0.012972400058060884
GemmTunableOp_Half_TN,tn_16_2040_2048_ld_2048_2048_16,Gemm_Rocblas_-1086326282,0.04356869980692863
GemmTunableOp_Half_TN,tn_16_2048_2048_ld_2048_2048_16,Gemm_Rocblas_-1086326282,0.04366469904780388
GemmTunableOp_Half_TN,tn_16_225_2048_ld_2048_2048_16,Gemm_Rocblas_-1086326206,0.02500629983842373
GemmTunableOp_Half_TN,tn_16_24_2048_ld_2048_2048_16,Gemm_Rocblas_-1086326212,0.02355619966983795
GemmTunableOp_Half_TN,tn_16_25_2048_ld_2048_2048_16,Gemm_Rocblas_-1086326201,0.024159400165081023
GemmTunableOp_Half_TN,tn_16_262_2048_ld_2048_2048_16,Gemm_Rocblas_-1086326201,0.02542730011045933
GemmTunableOp_Half_TN,tn_16_26_2048_ld_2048_2048_16,Gemm_Rocblas_-1086326214,0.024784499779343605
GemmTunableOp_Half_TN,tn_16_29_2048_ld_2048_2048_16,Gemm_Rocblas_-1086326201,0.023352399840950964
GemmTunableOp_Half_TN,tn_16_2_2048_ld_2048_2048_16,Gemm_Rocblas_-1086326212,0.024346299842000006
GemmTunableOp_Half_TN,tn_16_32_2048_ld_2048_2048_16,Gemm_Rocblas_-1086326206,0.024147199839353563
GemmTunableOp_Half_TN,tn_16_34_2048_ld_2048_2048_16,Gemm_Rocblas_-1086326201,0.023552300035953523
GemmTunableOp_Half_TN,tn_16_354_2048_ld_2048_2048_16,Gemm_Rocblas_-1086326201,0.023632499761879446
GemmTunableOp_Half_TN,tn_16_37_2048_ld_2048_2048_16,Gemm_Rocblas_-1086326206,0.024029199592769144
GemmTunableOp_Half_TN,tn_16_3_2048_ld_2048_2048_16,Gemm_Rocblas_-1086326201,0.024282399937510492
GemmTunableOp_Half_TN,tn_16_413_2048_ld_2048_2048_16,Gemm_Rocblas_-1086326201,0.02691450007259846
GemmTunableOp_Half_TN,tn_16_420_2048_ld_2048_2048_16,Gemm_Rocblas_-1086326201,0.02584840022027493
GemmTunableOp_Half_TN,tn_16_427_2048_ld_2048_2048_16,Gemm_Rocblas_-1086326204,0.025876499712467194
GemmTunableOp_Half_TN,tn_16_4_2048_ld_2048_2048_16,Gemm_Rocblas_-1086326212,0.025331299751996994
GemmTunableOp_Half_TN,tn_16_58_2048_ld_2048_2048_16,Gemm_Rocblas_-1086326200,0.025246300175786017
GemmTunableOp_Half_TN,tn_16_5_2048_ld_2048_2048_16,Gemm_Rocblas_-1086326206,0.024975199811160566
GemmTunableOp_Half_TN,tn_16_63_2048_ld_2048_2048_16,Gemm_Rocblas_-1086326201,0.025545400008559226
GemmTunableOp_Half_TN,tn_16_6_2048_ld_2048_2048_16,Gemm_Rocblas_-1086326212,0.023885400034487247
GemmTunableOp_Half_TN,tn_16_7_2048_ld_2048_2048_16,Gemm_Rocblas_-1086326201,0.023262200132012367
GemmTunableOp_Half_TN,tn_16_823_2048_ld_2048_2048_16,Gemm_Rocblas_-1086326200,0.030168399959802628
GemmTunableOp_Half_TN,tn_16_835_2048_ld_2048_2048_16,Gemm_Rocblas_-1086326212,0.0313443997874856
GemmTunableOp_Half_TN,tn_16_8_2048_ld_2048_2048_16,Gemm_Rocblas_-1086326201,0.0237204996868968
GemmTunableOp_Half_TN,tn_2048_1016_1024_ld_1024_1024_2048,Gemm_Rocblas_-1086326268,0.18415150046348572
GemmTunableOp_Half_TN,tn_2048_1024_1024_ld_1024_1024_2048,Gemm_Rocblas_-1086326268,0.16389099955558775
GemmTunableOp_Half_TN,tn_2048_1024_128_ld_128_128_2048,Gemm_Rocblas_-1086326056,0.034356599859893325
GemmTunableOp_Half_TN,tn_2048_1025_1024_ld_1024_1024_2048,Gemm_Rocblas_-1086326268,0.18004330098628996
GemmTunableOp_Half_TN,tn_2048_1027_1024_ld_1024_1024_2048,Gemm_Rocblas_-1086326268,0.18202329874038697
GemmTunableOp_Half_TN,tn_2048_1030_1024_ld_1024_1024_2048,Gemm_Rocblas_-1086326268,0.18040349930524824
GemmTunableOp_Half_TN,tn_2048_1033_1024_ld_1024_1024_2048,Gemm_Rocblas_-1086326268,0.18262339979410172
GemmTunableOp_Half_TN,tn_2048_1036_1024_ld_1024_1024_2048,Gemm_Rocblas_-1086326268,0.18273949921131133
GemmTunableOp_Half_TN,tn_2048_1037_1024_ld_1024_1024_2048,Gemm_Rocblas_-1086326268,0.18321539908647538
GemmTunableOp_Half_TN,tn_2048_1039_1024_ld_1024_1024_2048,Gemm_Rocblas_-1086326268,0.183255398273468
GemmTunableOp_Half_TN,tn_2048_1042_1024_ld_1024_1024_2048,Gemm_Rocblas_-1086326268,0.18404750078916549
GemmTunableOp_Half_TN,tn_2048_1045_1024_ld_1024_1024_2048,Gemm_Rocblas_-1086326268,0.18370749652385712
GemmTunableOp_Half_TN,tn_2048_1197_1024_ld_1024_1024_2048,Gemm_Rocblas_-1086326268,0.21743609607219697
GemmTunableOp_Half_TN,tn_2048_1200_1024_ld_1024_1024_2048,Gemm_Rocblas_-1086326268,0.21809209883213046
GemmTunableOp_Half_TN,tn_2048_12_1024_ld_1024_1024_2048,Gemm_Rocblas_-1086326284,0.02974860034883022
GemmTunableOp_Half_TN,tn_2048_1378_1024_ld_1024_1024_2048,Gemm_Rocblas_-1086326268,0.22469229996204376
GemmTunableOp_Half_TN,tn_2048_1859_1024_ld_1024_1024_2048,Gemm_Rocblas_-1086326268,0.3372064977884293
GemmTunableOp_Half_TN,tn_2048_1859_128_ld_128_128_2048,Gemm_Rocblas_-1086326071,0.05887699984014033
GemmTunableOp_Half_TN,tn_2048_1865_1024_ld_1024_1024_2048,Gemm_Rocblas_-1086326268,0.3351224005222321
GemmTunableOp_Half_TN,tn_2048_1865_128_ld_128_128_2048,Gemm_Rocblas_-1086326295,0.058745300397276885
GemmTunableOp_Half_TN,tn_2048_1_1024_ld_1024_1024_2048,Gemm_Rocblas_-9,0.02257639970630407
GemmTunableOp_Half_TN,tn_2048_2040_1024_ld_1024_1024_2048,Gemm_Rocblas_-1086326047,0.36901109814643857
GemmTunableOp_Half_TN,tn_2048_2040_128_ld_128_128_2048,Gemm_Rocblas_-1086326295,0.06430120021104813
GemmTunableOp_Half_TN,tn_2048_2048_1024_ld_1024_1024_2048,Gemm_Rocblas_-1086326047,0.3535622984170913
GemmTunableOp_Half_TN,tn_2048_2048_128_ld_128_128_2048,Gemm_Rocblas_-1086326295,0.05878099985420704
GemmTunableOp_Half_TN,tn_2048_225_1024_ld_1024_1024_2048,Gemm_Rocblas_-1086326273,0.06735349968075752
GemmTunableOp_Half_TN,tn_2048_24_1024_ld_1024_1024_2048,Gemm_Rocblas_-1086326246,0.03487260006368159
GemmTunableOp_Half_TN,tn_2048_25_1024_ld_1024_1024_2048,Gemm_Rocblas_-1086326246,0.03499680049717426
GemmTunableOp_Half_TN,tn_2048_262_1024_ld_1024_1024_2048,Gemm_Rocblas_-1086326044,0.08857779949903488
GemmTunableOp_Half_TN,tn_2048_26_1024_ld_1024_1024_2048,Gemm_Rocblas_-1086326246,0.0345484996214509
GemmTunableOp_Half_TN,tn_2048_29_1024_ld_1024_1024_2048,Gemm_Rocblas_-1086326246,0.03506479971110821
GemmTunableOp_Half_TN,tn_2048_2_1024_ld_1024_1024_2048,Gemm_Rocblas_-1086326282,0.029640499874949457
GemmTunableOp_Half_TN,tn_2048_32_1024_ld_1024_1024_2048,Gemm_Rocblas_-1086326246,0.03424449972808361
GemmTunableOp_Half_TN,tn_2048_34_1024_ld_1024_1024_2048,Gemm_Rocblas_-1086326246,0.04232800044119358
GemmTunableOp_Half_TN,tn_2048_354_1024_ld_1024_1024_2048,Gemm_Rocblas_-1086326273,0.09054589867591858
GemmTunableOp_Half_TN,tn_2048_354_128_ld_128_128_2048,Gemm_Rocblas_-1086326262,0.020832400023937225
GemmTunableOp_Half_TN,tn_2048_37_1024_ld_1024_1024_2048,Gemm_Rocblas_-1086326246,0.04194900020956993
GemmTunableOp_Half_TN,tn_2048_3_1024_ld_1024_1024_2048,Gemm_Rocblas_-1086326282,0.029404499754309657
GemmTunableOp_Half_TN,tn_2048_413_1024_ld_1024_1024_2048,Gemm_Rocblas_-1086326268,0.09970189929008484
GemmTunableOp_Half_TN,tn_2048_420_1024_ld_1024_1024_2048,Gemm_Rocblas_-1086326268,0.10014579966664314
GemmTunableOp_Half_TN,tn_2048_427_1024_ld_1024_1024_2048,Gemm_Rocblas_-1086326268,0.10174200013279915
GemmTunableOp_Half_TN,tn_2048_4_1024_ld_1024_1024_2048,Gemm_Rocblas_-1086326282,0.029272599890828137
GemmTunableOp_Half_TN,tn_2048_58_1024_ld_1024_1024_2048,Gemm_Rocblas_-1086326246,0.04289219938218593
GemmTunableOp_Half_TN,tn_2048_5_1024_ld_1024_1024_2048,Gemm_Rocblas_-1086326282,0.029412599839270116
GemmTunableOp_Half_TN,tn_2048_63_1024_ld_1024_1024_2048,Gemm_Rocblas_-1086326246,0.04262059964239597
GemmTunableOp_Half_TN,tn_2048_6_1024_ld_1024_1024_2048,Gemm_Rocblas_-1086326282,0.02969649992883205
GemmTunableOp_Half_TN,tn_2048_7_1024_ld_1024_1024_2048,Gemm_Rocblas_-1086326282,0.028852499835193154
GemmTunableOp_Half_TN,tn_2048_8_1024_ld_1024_1024_2048,Gemm_Rocblas_-1086326282,0.0294684998691082
GemmTunableOp_Half_TN,tn_24_1016_5120_ld_5120_5120_24,Gemm_Rocblas_-1086326139,0.06916899904608727
GemmTunableOp_Half_TN,tn_24_1027_5120_ld_5120_5120_24,Gemm_Rocblas_-1086326139,0.06881689876317977
GemmTunableOp_Half_TN,tn_24_1028_5120_ld_5120_5120_24,Gemm_Rocblas_-1086326139,0.06881299987435341
GemmTunableOp_Half_TN,tn_24_1029_5120_ld_5120_5120_24,Gemm_Rocblas_-1086326139,0.06869289875030517
GemmTunableOp_Half_TN,tn_24_1030_5120_ld_5120_5120_24,Gemm_Rocblas_-1086326139,0.06874499991536141
GemmTunableOp_Half_TN,tn_24_1039_5120_ld_5120_5120_24,Gemm_Rocblas_-1086326139,0.06843699999153614
GemmTunableOp_Half_TN,tn_24_1042_5120_ld_5120_5120_24,Gemm_Rocblas_-1086326139,0.06852100007236003
GemmTunableOp_Half_TN,tn_24_1045_5120_ld_5120_5120_24,Gemm_Rocblas_-1086326139,0.06895300075411796
GemmTunableOp_Half_TN,tn_24_1184_5120_ld_5120_5120_24,Gemm_Rocblas_-1086326139,0.08209740072488786
GemmTunableOp_Half_TN,tn_24_1197_5120_ld_5120_5120_24,Gemm_Rocblas_-1086326139,0.08235329985618592
GemmTunableOp_Half_TN,tn_24_11_5120_ld_5120_5120_24,Gemm_Rocblas_-1086326201,0.030208400078117845
GemmTunableOp_Half_TN,tn_24_1202_5120_ld_5120_5120_24,Gemm_Rocblas_-1086326202,0.08224120065569877
GemmTunableOp_Half_TN,tn_24_1205_5120_ld_5120_5120_24,Gemm_Rocblas_-1086326139,0.08245710060000419
GemmTunableOp_Half_TN,tn_24_1254_5120_ld_5120_5120_24,Gemm_Rocblas_-1086326139,0.08243330121040346
GemmTunableOp_Half_TN,tn_24_1263_5120_ld_5120_5120_24,Gemm_Rocblas_-1086326139,0.08189299926161767
GemmTunableOp_Half_TN,tn_24_1283_5120_ld_5120_5120_24,Gemm_Rocblas_-1086326139,0.08263319954276085
GemmTunableOp_Half_TN,tn_24_1289_5120_ld_5120_5120_24,Gemm_Rocblas_-1086326139,0.08220509886741638
GemmTunableOp_Half_TN,tn_24_12_5120_ld_5120_5120_24,Gemm_Rocblas_-1086326201,0.03014049995690584
GemmTunableOp_Half_TN,tn_24_13_5120_ld_5120_5120_24,Gemm_Rocblas_-1086326214,0.030408400297164916
GemmTunableOp_Half_TN,tn_24_1442_5120_ld_5120_5120_24,Gemm_Rocblas_-1086326139,0.08324929997324944
GemmTunableOp_Half_TN,tn_24_1464_5120_ld_5120_5120_24,Gemm_Rocblas_-1086326139,0.08307719975709915
GemmTunableOp_Half_TN,tn_24_1473_5120_ld_5120_5120_24,Gemm_Rocblas_-1086326139,0.083177100867033
GemmTunableOp_Half_TN,tn_24_14_5120_ld_5120_5120_24,Gemm_Rocblas_-1086326212,0.03060439992696047
GemmTunableOp_Half_TN,tn_24_1574_5120_ld_5120_5120_24,Gemm_Rocblas_-1086326139,0.08335709944367409
GemmTunableOp_Half_TN,tn_24_15_5120_ld_5120_5120_24,Gemm_Rocblas_-1086326214,0.03024040013551712
GemmTunableOp_Half_TN,tn_24_1600_5120_ld_5120_5120_24,Gemm_Rocblas_-1086326139,0.08332519903779029
GemmTunableOp_Half_TN,tn_24_1612_5120_ld_5120_5120_24,Gemm_Rocblas_-1086326139,0.08335720002651215
GemmTunableOp_Half_TN,tn_24_1615_5120_ld_5120_5120_24,Gemm_Rocblas_-1086326139,0.0834252990782261
GemmTunableOp_Half_TN,tn_24_1618_5120_ld_5120_5120_24,Gemm_Rocblas_-1086326139,0.0832652010023594
GemmTunableOp_Half_TN,tn_24_1621_5120_ld_5120_5120_24,Gemm_Rocblas_-1086326139,0.08344519957900047
GemmTunableOp_Half_TN,tn_24_1645_5120_ld_5120_5120_24,Gemm_Rocblas_-1086326139,0.0833452008664608
GemmTunableOp_Half_TN,tn_24_17_5120_ld_5120_5120_24,Gemm_Rocblas_-1086326206,0.03006839994341135
GemmTunableOp_Half_TN,tn_24_1827_5120_ld_5120_5120_24,Gemm_Rocblas_-1086326139,0.09008949995040892
GemmTunableOp_Half_TN,tn_24_1836_5120_ld_5120_5120_24,Gemm_Rocblas_-1086326139,0.09108099862933158
GemmTunableOp_Half_TN,tn_24_1842_5120_ld_5120_5120_24,Gemm_Rocblas_-1086326139,0.0909854993224144
GemmTunableOp_Half_TN,tn_24_18_5120_ld_5120_5120_24,Gemm_Rocblas_-1086326206,0.030144400149583816
GemmTunableOp_Half_TN,tn_24_1987_5120_ld_5120_5120_24,Gemm_Rocblas_-1086326139,0.0918854981660843
GemmTunableOp_Half_TN,tn_24_1996_5120_ld_5120_5120_24,Gemm_Rocblas_-1086326139,0.09237699881196022
GemmTunableOp_Half_TN,tn_24_1999_5120_ld_5120_5120_24,Gemm_Rocblas_-1086326139,0.09182509928941728
GemmTunableOp_Half_TN,tn_24_2002_5120_ld_5120_5120_24,Gemm_Rocblas_-1086326139,0.0919775001704693
GemmTunableOp_Half_TN,tn_24_20_5120_ld_5120_5120_24,Gemm_Rocblas_-1086326206,0.030308400094509122
GemmTunableOp_Half_TN,tn_24_245_5120_ld_5120_5120_24,Gemm_Rocblas_-1086326204,0.03674430027604103
GemmTunableOp_Half_TN,tn_24_24_5120_ld_5120_5120_24,Gemm_Rocblas_-1086326201,0.029836399853229525
GemmTunableOp_Half_TN,tn_24_25_5120_ld_5120_5120_24,Gemm_Rocblas_-1086326212,0.03022439982742071
GemmTunableOp_Half_TN,tn_24_262_5120_ld_5120_5120_24,Gemm_Rocblas_-1086326204,0.03772049956023693
GemmTunableOp_Half_TN,tn_24_26_5120_ld_5120_5120_24,Gemm_Rocblas_-1086326212,0.030208400078117845
GemmTunableOp_Half_TN,tn_24_27_5120_ld_5120_5120_24,Gemm_Rocblas_-1086326206,0.030256500467658043
GemmTunableOp_Half_TN,tn_24_28_5120_ld_5120_5120_24,Gemm_Rocblas_-1086326206,0.030304499715566632
GemmTunableOp_Half_TN,tn_24_29_5120_ld_5120_5120_24,Gemm_Rocblas_-1086326201,0.03016059994697571
GemmTunableOp_Half_TN,tn_24_32_5120_ld_5120_5120_24,Gemm_Rocblas_-1086326214,0.0302844000980258
GemmTunableOp_Half_TN,tn_24_34_5120_ld_5120_5120_24,Gemm_Rocblas_-1086326214,0.030332500115036964
GemmTunableOp_Half_TN,tn_24_354_5120_ld_5120_5120_24,Gemm_Rocblas_-1086326210,0.04184879921376705
GemmTunableOp_Half_TN,tn_24_37_5120_ld_5120_5120_24,Gemm_Rocblas_-1086326206,0.030220399983227255
GemmTunableOp_Half_TN,tn_24_427_5120_ld_5120_5120_24,Gemm_Rocblas_-1086326210,0.041724600270390516
GemmTunableOp_Half_TN,tn_24_434_5120_ld_5120_5120_24,Gemm_Rocblas_-1086326210,0.04778079986572266
GemmTunableOp_Half_TN,tn_24_61_5120_ld_5120_5120_24,Gemm_Rocblas_-1086326201,0.030048399977386
GemmTunableOp_Half_TN,tn_24_65_5120_ld_5120_5120_24,Gemm_Rocblas_-1086326212,0.03693649992346764
GemmTunableOp_Half_TN,tn_24_667_5120_ld_5120_5120_24,Gemm_Rocblas_-1086326202,0.05924899987876415
GemmTunableOp_Half_TN,tn_24_800_5120_ld_5120_5120_24,Gemm_Rocblas_-1086326202,0.059436699748039244
GemmTunableOp_Half_TN,tn_24_821_5120_ld_5120_5120_24,Gemm_Rocblas_-1086326202,0.0590489998459816
GemmTunableOp_Half_TN,tn_24_823_5120_ld_5120_5120_24,Gemm_Rocblas_-1086326202,0.05956100001931191
GemmTunableOp_Half_TN,tn_24_835_5120_ld_5120_5120_24,Gemm_Rocblas_-1086326202,0.059552399441599846
GemmTunableOp_Half_TN,tn_24_845_5120_ld_5120_5120_24,Gemm_Rocblas_-1086326202,0.05958099998533725
GemmTunableOp_Half_TN,tn_24_9_5120_ld_5120_5120_24,Gemm_Rocblas_-1086326201,0.029884399846196178
GemmTunableOp_Half_TN,tn_2560_1016_2048_ld_2048_2048_2560,Gemm_Rocblas_-1086326268,0.4444443017244339
GemmTunableOp_Half_TN,tn_2560_1024_2048_ld_2048_2048_2560,Gemm_Rocblas_-1086326077,0.42453600168228145
GemmTunableOp_Half_TN,tn_2560_12_2048_ld_2048_2048_2560,Gemm_Rocblas_-1086326284,0.051677000150084494
GemmTunableOp_Half_TN,tn_2560_1_2048_ld_2048_2048_2560,Gemm_Rocblas_-9,0.035460700467228885
GemmTunableOp_Half_TN,tn_2560_225_2048_ld_2048_2048_2560,Gemm_Rocblas_-1086326044,0.162663097679615
GemmTunableOp_Half_TN,tn_2560_24_2048_ld_2048_2048_2560,Gemm_Rocblas_-1086326134,0.059432999789714815
GemmTunableOp_Half_TN,tn_2560_25_2048_ld_2048_2048_2560,Gemm_Rocblas_-1086326129,0.05999699980020523
GemmTunableOp_Half_TN,tn_2560_26_2048_ld_2048_2048_2560,Gemm_Rocblas_-1086326134,0.06017710007727146
GemmTunableOp_Half_TN,tn_2560_29_2048_ld_2048_2048_2560,Gemm_Rocblas_-1086326140,0.06134909987449646
GemmTunableOp_Half_TN,tn_2560_32_2048_ld_2048_2048_2560,Gemm_Rocblas_-1086326140,0.0625652004033327
GemmTunableOp_Half_TN,tn_2560_34_2048_ld_2048_2048_2560,Gemm_Rocblas_-1086326134,0.06282510012388229
GemmTunableOp_Half_TN,tn_2560_37_2048_ld_2048_2048_2560,Gemm_Rocblas_-1086326134,0.06402919963002207
GemmTunableOp_Half_TN,tn_2560_413_2048_ld_2048_2048_2560,Gemm_Rocblas_-1086326097,0.25269300043582915
GemmTunableOp_Half_TN,tn_2560_420_2048_ld_2048_2048_2560,Gemm_Rocblas_-1086326097,0.257600799202919
GemmTunableOp_Half_TN,tn_2560_427_2048_ld_2048_2048_2560,Gemm_Rocblas_-1086326097,0.2550967007875442
GemmTunableOp_Half_TN,tn_2560_58_2048_ld_2048_2048_2560,Gemm_Rocblas_-1086326140,0.07170939967036247
GemmTunableOp_Half_TN,tn_2560_63_2048_ld_2048_2048_2560,Gemm_Rocblas_-1086326140,0.07328140065073967
GemmTunableOp_Half_TN,tn_256_1016_2048_ld_2048_2048_256,Gemm_Rocblas_-1086326134,0.07495699971914291
GemmTunableOp_Half_TN,tn_256_1024_2048_ld_2048_2048_256,Gemm_Rocblas_-1086326134,0.07271310091018676
GemmTunableOp_Half_TN,tn_256_1025_2048_ld_2048_2048_256,Gemm_Rocblas_-1086326134,0.07367319986224174
GemmTunableOp_Half_TN,tn_256_1027_2048_ld_2048_2048_256,Gemm_Rocblas_-1086326134,0.07300110012292862
GemmTunableOp_Half_TN,tn_256_1030_2048_ld_2048_2048_256,Gemm_Rocblas_-1086326134,0.07339309975504875
GemmTunableOp_Half_TN,tn_256_1033_2048_ld_2048_2048_256,Gemm_Rocblas_-1086326134,0.07332910001277924
GemmTunableOp_Half_TN,tn_256_1036_2048_ld_2048_2048_256,Gemm_Rocblas_-1086326134,0.07316520065069199
GemmTunableOp_Half_TN,tn_256_1037_2048_ld_2048_2048_256,Gemm_Rocblas_-1086326134,0.07454539909958839
GemmTunableOp_Half_TN,tn_256_1039_2048_ld_2048_2048_256,Gemm_Rocblas_-1086326134,0.07321310043334961
GemmTunableOp_Half_TN,tn_256_1042_2048_ld_2048_2048_256,Gemm_Rocblas_-1086326134,0.0759052999317646
GemmTunableOp_Half_TN,tn_256_1045_2048_ld_2048_2048_256,Gemm_Rocblas_-1086326134,0.07552930042147636
GemmTunableOp_Half_TN,tn_256_10_2048_ld_2048_2048_256,Gemm_Rocblas_-1086326200,0.02592439968138933
GemmTunableOp_Half_TN,tn_256_1197_2048_ld_2048_2048_256,Gemm_Rocblas_-1086326134,0.08930139988660812
GemmTunableOp_Half_TN,tn_256_11_2048_ld_2048_2048_256,Gemm_Rocblas_-1086326206,0.027783599868416782
GemmTunableOp_Half_TN,tn_256_1200_2048_ld_2048_2048_256,Gemm_Rocblas_-1086326134,0.08918540030717849
GemmTunableOp_Half_TN,tn_256_12_2048_ld_2048_2048_256,Gemm_Rocblas_-1086326201,0.026148400083184243
GemmTunableOp_Half_TN,tn_256_1378_2048_ld_2048_2048_256,Gemm_Rocblas_-1086326134,0.09515769854187965
GemmTunableOp_Half_TN,tn_256_13_2048_ld_2048_2048_256,Gemm_Rocblas_-1086326201,0.026283499784767628
GemmTunableOp_Half_TN,tn_256_15_2048_ld_2048_2048_256,Gemm_Rocblas_-1086326210,0.027084599994122983
GemmTunableOp_Half_TN,tn_256_16_2048_ld_2048_2048_256,Gemm_Rocblas_-1086326212,0.025552400015294553
GemmTunableOp_Half_TN,tn_256_17_2048_ld_2048_2048_256,Gemm_Rocblas_-1086326201,0.026968400180339813
GemmTunableOp_Half_TN,tn_256_18_2048_ld_2048_2048_256,Gemm_Rocblas_-1086326201,0.028367499820888042
GemmTunableOp_Half_TN,tn_256_1_2048_ld_2048_2048_256,Gemm_Rocblas_-9,0.014352300111204386
GemmTunableOp_Half_TN,tn_256_20_2048_ld_2048_2048_256,Gemm_Rocblas_-1086326201,0.02635639999061823
GemmTunableOp_Half_TN,tn_256_225_2048_ld_2048_2048_256,Gemm_Rocblas_-1086326134,0.037876399233937263
GemmTunableOp_Half_TN,tn_256_24_2048_ld_2048_2048_256,Gemm_Rocblas_-1086326212,0.027892299741506577
GemmTunableOp_Half_TN,tn_256_25_2048_ld_2048_2048_256,Gemm_Rocblas_-1086326214,0.027800399810075756
GemmTunableOp_Half_TN,tn_256_262_2048_ld_2048_2048_256,Gemm_Rocblas_-1086326134,0.0446527998894453
GemmTunableOp_Half_TN,tn_256_26_2048_ld_2048_2048_256,Gemm_Rocblas_-1086326201,0.02696439996361733
GemmTunableOp_Half_TN,tn_256_29_2048_ld_2048_2048_256,Gemm_Rocblas_-1086326214,0.0266033997759223
GemmTunableOp_Half_TN,tn_256_2_2048_ld_2048_2048_256,Gemm_Rocblas_-1086326200,0.02599640004336834
GemmTunableOp_Half_TN,tn_256_32_2048_ld_2048_2048_256,Gemm_Rocblas_-1086326201,0.02638040017336607
GemmTunableOp_Half_TN,tn_256_34_2048_ld_2048_2048_256,Gemm_Rocblas_-1086326210,0.02871239986270666
GemmTunableOp_Half_TN,tn_256_354_2048_ld_2048_2048_256,Gemm_Rocblas_-1086326139,0.046280800178647045
GemmTunableOp_Half_TN,tn_256_37_2048_ld_2048_2048_256,Gemm_Rocblas_-1086326200,0.028432399965822697
GemmTunableOp_Half_TN,tn_256_3_2048_ld_2048_2048_256,Gemm_Rocblas_-1086326201,0.025576200336217884
GemmTunableOp_Half_TN,tn_256_413_2048_ld_2048_2048_256,Gemm_Rocblas_-1086326139,0.04790880009531975
GemmTunableOp_Half_TN,tn_256_420_2048_ld_2048_2048_256,Gemm_Rocblas_-1086326134,0.04800470024347306
GemmTunableOp_Half_TN,tn_256_427_2048_ld_2048_2048_256,Gemm_Rocblas_-1086326134,0.048388699814677236
GemmTunableOp_Half_TN,tn_256_4_2048_ld_2048_2048_256,Gemm_Rocblas_-1086326201,0.024952499940991402
GemmTunableOp_Half_TN,tn_256_58_2048_ld_2048_2048_256,Gemm_Rocblas_-1086326200,0.02975239995867014
GemmTunableOp_Half_TN,tn_256_5_2048_ld_2048_2048_256,Gemm_Rocblas_-1086326206,0.026943399757146835
GemmTunableOp_Half_TN,tn_256_63_2048_ld_2048_2048_256,Gemm_Rocblas_-1086326202,0.03096440006047487
GemmTunableOp_Half_TN,tn_256_6_2048_ld_2048_2048_256,Gemm_Rocblas_-1086326201,0.026338499784469605
GemmTunableOp_Half_TN,tn_256_7_2048_ld_2048_2048_256,Gemm_Rocblas_-1086326200,0.025532499887049198
GemmTunableOp_Half_TN,tn_256_823_2048_ld_2048_2048_256,Gemm_Rocblas_-1086326134,0.06156099997460843
GemmTunableOp_Half_TN,tn_256_835_2048_ld_2048_2048_256,Gemm_Rocblas_-1086326140,0.06975720003247261
GemmTunableOp_Half_TN,tn_256_8_2048_ld_2048_2048_256,Gemm_Rocblas_-1086326204,0.026268499717116357
GemmTunableOp_Half_TN,tn_256_9_2048_ld_2048_2048_256,Gemm_Rocblas_-1086326201,0.025856500118970872
GemmTunableOp_Half_TN,tn_3072_1016_2048_ld_2048_2048_3072,Gemm_Rocblas_-1086326047,0.5373663008213043
GemmTunableOp_Half_TN,tn_3072_1024_2048_ld_2048_2048_3072,Gemm_Rocblas_-1086326047,0.4895493030548096
GemmTunableOp_Half_TN,tn_3072_1_2048_ld_2048_2048_3072,Gemm_Rocblas_-9,0.03948840014636516
GemmTunableOp_Half_TN,tn_3072_225_2048_ld_2048_2048_3072,Gemm_Rocblas_-1086326097,0.18356759995222094
GemmTunableOp_Half_TN,tn_3072_24_2048_ld_2048_2048_3072,Gemm_Rocblas_-1086326246,0.0637532986700535
GemmTunableOp_Half_TN,tn_3072_25_2048_ld_2048_2048_3072,Gemm_Rocblas_-1086326246,0.06380509957671165
GemmTunableOp_Half_TN,tn_3072_26_2048_ld_2048_2048_3072,Gemm_Rocblas_-1086326246,0.06429329887032507
GemmTunableOp_Half_TN,tn_3072_29_2048_ld_2048_2048_3072,Gemm_Rocblas_-1086326246,0.06488129943609236
GemmTunableOp_Half_TN,tn_3072_32_2048_ld_2048_2048_3072,Gemm_Rocblas_-1086326246,0.06510929986834525
GemmTunableOp_Half_TN,tn_3072_34_2048_ld_2048_2048_3072,Gemm_Rocblas_-1086326135,0.0770373985171318
GemmTunableOp_Half_TN,tn_3072_37_2048_ld_2048_2048_3072,Gemm_Rocblas_-1086326131,0.07791349962353705
GemmTunableOp_Half_TN,tn_3072_413_2048_ld_2048_2048_3072,Gemm_Rocblas_-1086326268,0.2774011969566345
GemmTunableOp_Half_TN,tn_3072_420_2048_ld_2048_2048_3072,Gemm_Rocblas_-1086326277,0.28632540106773374
GemmTunableOp_Half_TN,tn_3072_427_2048_ld_2048_2048_3072,Gemm_Rocblas_-1086326277,0.28785360157489776
GemmTunableOp_Half_TN,tn_3072_58_2048_ld_2048_2048_3072,Gemm_Rocblas_-1086326131,0.08551759943366051
GemmTunableOp_Half_TN,tn_3072_63_2048_ld_2048_2048_3072,Gemm_Rocblas_-1086326135,0.08793379962444306
GemmTunableOp_Half_TN,tn_32320_16_4096_ld_4096_4096_32320,Gemm_Rocblas_-1086326282,0.9831069946289063
GemmTunableOp_Half_TN,tn_32320_1_4096_ld_4096_4096_32320,Gemm_Rocblas_-9,0.7211059987545014
GemmTunableOp_Half_TN,tn_32320_261_4096_ld_4096_4096_32320,Gemm_Rocblas_-1086326054,4.656369924545288
GemmTunableOp_Half_TN,tn_32320_2_4096_ld_4096_4096_32320,Gemm_Rocblas_-1086326282,0.8683286905288696
GemmTunableOp_Half_TN,tn_32320_3_4096_ld_4096_4096_32320,Gemm_Rocblas_-1086326282,0.8839931011199951
GemmTunableOp_Half_TN,tn_32320_4_4096_ld_4096_4096_32320,Gemm_Rocblas_-1086326282,0.891353303194046
GemmTunableOp_Half_TN,tn_32320_5_4096_ld_4096_4096_32320,Gemm_Rocblas_-1086326282,0.8993412971496582
GemmTunableOp_Half_TN,tn_32320_6_4096_ld_4096_4096_32320,Gemm_Rocblas_-1086326282,0.8978894948959351
GemmTunableOp_Half_TN,tn_32320_7_4096_ld_4096_4096_32320,Gemm_Rocblas_-1086326282,0.9046815037727356
GemmTunableOp_Half_TN,tn_32320_8_4096_ld_4096_4096_32320,Gemm_Rocblas_-1086326282,0.8980133950710297
GemmTunableOp_Half_TN,tn_5120_1016_1536_ld_1536_1536_5120,Gemm_Rocblas_-1086326047,0.7156379997730256
GemmTunableOp_Half_TN,tn_5120_1024_1536_ld_1536_1536_5120,Gemm_Rocblas_-1086326079,0.6900052905082702
GemmTunableOp_Half_TN,tn_5120_1027_1536_ld_1536_1536_5120,Gemm_Rocblas_-1086326268,0.7978031933307648
GemmTunableOp_Half_TN,tn_5120_1028_1536_ld_1536_1536_5120,Gemm_Rocblas_-1086326045,0.7984632015228271
GemmTunableOp_Half_TN,tn_5120_1029_1536_ld_1536_1536_5120,Gemm_Rocblas_-1086326277,0.7827670991420745
GemmTunableOp_Half_TN,tn_5120_1030_1536_ld_1536_1536_5120,Gemm_Rocblas_-1086326268,0.7881550014019013
GemmTunableOp_Half_TN,tn_5120_1037_1536_ld_1536_1536_5120,Gemm_Rocblas_-1086326268,0.7966034948825838
GemmTunableOp_Half_TN,tn_5120_1197_1536_ld_1536_1536_5120,Gemm_Rocblas_-1086326047,0.8625808000564575
GemmTunableOp_Half_TN,tn_5120_11_1536_ld_1536_1536_5120,Gemm_Rocblas_-1086326194,0.06346109956502914
GemmTunableOp_Half_TN,tn_5120_12_1536_ld_1536_1536_5120,Gemm_Rocblas_-1086326157,0.06334919892251491
GemmTunableOp_Half_TN,tn_5120_13_1536_ld_1536_1536_5120,Gemm_Rocblas_-1086326282,0.06388119906187058
GemmTunableOp_Half_TN,tn_5120_14_1536_ld_1536_1536_5120,Gemm_Rocblas_-1086326282,0.06383320093154908
GemmTunableOp_Half_TN,tn_5120_15_1536_ld_1536_1536_5120,Gemm_Rocblas_-1086326282,0.06404919996857643
GemmTunableOp_Half_TN,tn_5120_16_1536_ld_1536_1536_5120,Gemm_Rocblas_-1086326282,0.0641172006726265
GemmTunableOp_Half_TN,tn_5120_17_1536_ld_1536_1536_5120,Gemm_Rocblas_-1086326246,0.0689733013510704
GemmTunableOp_Half_TN,tn_5120_18_1536_ld_1536_1536_5120,Gemm_Rocblas_-1086326246,0.06907739937305452
GemmTunableOp_Half_TN,tn_5120_1_1536_ld_1536_1536_5120,Gemm_Rocblas_-9,0.04827299937605858
GemmTunableOp_Half_TN,tn_5120_2048_1536_ld_1536_1536_5120,Gemm_Rocblas_-1086326063,1.3421738147735596
GemmTunableOp_Half_TN,tn_5120_20_1536_ld_1536_1536_5120,Gemm_Rocblas_-1086326246,0.06902950033545494
GemmTunableOp_Half_TN,tn_5120_225_1536_ld_1536_1536_5120,Gemm_Rocblas_-1086326277,0.2223565012216568
GemmTunableOp_Half_TN,tn_5120_262_1536_ld_1536_1536_5120,Gemm_Rocblas_-1086326268,0.28128160238265987
GemmTunableOp_Half_TN,tn_5120_2_1536_ld_1536_1536_5120,Gemm_Rocblas_-1086326223,0.054640999808907506
GemmTunableOp_Half_TN,tn_5120_3_1536_ld_1536_1536_5120,Gemm_Rocblas_-1086326223,0.055309100076556206
GemmTunableOp_Half_TN,tn_5120_4_1536_ld_1536_1536_5120,Gemm_Rocblas_-1086326221,0.054805100336670874
GemmTunableOp_Half_TN,tn_5120_5_1536_ld_1536_1536_5120,Gemm_Rocblas_-1086326223,0.0554409995675087
GemmTunableOp_Half_TN,tn_5120_6_1536_ld_1536_1536_5120,Gemm_Rocblas_-1086326223,0.055529200285673146
GemmTunableOp_Half_TN,tn_5120_7_1536_ld_1536_1536_5120,Gemm_Rocblas_-1086326221,0.0559250995516777
GemmTunableOp_Half_TN,tn_5120_823_1536_ld_1536_1536_5120,Gemm_Rocblas_-1086326268,0.6052115917205809
GemmTunableOp_Half_TN,tn_5120_835_1536_ld_1536_1536_5120,Gemm_Rocblas_-1086326268,0.6184118986129761
GemmTunableOp_Half_TN,tn_5120_8_1536_ld_1536_1536_5120,Gemm_Rocblas_-1086326221,0.05582100003957748
GemmTunableOp_Half_TN,tn_5120_9_1536_ld_1536_1536_5120,Gemm_Rocblas_-1086326282,0.06331329941749572
GemmTunableOp_Half_TN,tn_512_1024_4096_ld_4096_4096_512,Gemm_Rocblas_-1086326044,0.22753939777612686
GemmTunableOp_Half_TN,tn_512_1025_4096_ld_4096_4096_512,Gemm_Rocblas_-1086326045,0.2291599974036217
GemmTunableOp_Half_TN,tn_512_1027_4096_ld_4096_4096_512,Gemm_Rocblas_-1086326044,0.22968350201845167
GemmTunableOp_Half_TN,tn_512_1030_4096_ld_4096_4096_512,Gemm_Rocblas_-1086326045,0.2308239996433258
GemmTunableOp_Half_TN,tn_512_1033_4096_ld_4096_4096_512,Gemm_Rocblas_-1086326045,0.22963200062513353
GemmTunableOp_Half_TN,tn_512_1036_4096_ld_4096_4096_512,Gemm_Rocblas_-1086326046,0.22952799797058104
GemmTunableOp_Half_TN,tn_512_1039_4096_ld_4096_4096_512,Gemm_Rocblas_-1086326046,0.22877600193023684
GemmTunableOp_Half_TN,tn_512_1042_4096_ld_4096_4096_512,Gemm_Rocblas_-1086326268,0.23372799903154373
GemmTunableOp_Half_TN,tn_512_1045_4096_ld_4096_4096_512,Gemm_Rocblas_-1086326098,0.23364000022411346
GemmTunableOp_Half_TN,tn_512_1197_4096_ld_4096_4096_512,Gemm_Rocblas_-1086326134,0.3003692030906678
GemmTunableOp_Half_TN,tn_512_1200_4096_ld_4096_4096_512,Gemm_Rocblas_-1086326134,0.29914509952068324
GemmTunableOp_Half_TN,tn_512_12_4096_ld_4096_4096_512,Gemm_Rocblas_-1086326204,0.035836399719119075
GemmTunableOp_Half_TN,tn_512_1378_4096_ld_4096_4096_512,Gemm_Rocblas_-1086326083,0.32948539853096004
GemmTunableOp_Half_TN,tn_512_1_4096_ld_4096_4096_512,Gemm_Rocblas_-9,0.020171999931335453
GemmTunableOp_Half_TN,tn_512_24_4096_ld_4096_4096_512,Gemm_Rocblas_-1086326204,0.04532080031931401
GemmTunableOp_Half_TN,tn_512_25_4096_ld_4096_4096_512,Gemm_Rocblas_-1086326202,0.045196700468659395
GemmTunableOp_Half_TN,tn_512_262_4096_ld_4096_4096_512,Gemm_Rocblas_-1086326140,0.09508960023522375
GemmTunableOp_Half_TN,tn_512_26_4096_ld_4096_4096_512,Gemm_Rocblas_-1086326202,0.04526489935815335
GemmTunableOp_Half_TN,tn_512_29_4096_ld_4096_4096_512,Gemm_Rocblas_-1086326202,0.04589659981429577
GemmTunableOp_Half_TN,tn_512_2_4096_ld_4096_4096_512,Gemm_Rocblas_-1086326204,0.035556699708104135
GemmTunableOp_Half_TN,tn_512_32_4096_ld_4096_4096_512,Gemm_Rocblas_-1086326202,0.044556700438261036
GemmTunableOp_Half_TN,tn_512_34_4096_ld_4096_4096_512,Gemm_Rocblas_-1086326200,0.05918099954724312
GemmTunableOp_Half_TN,tn_512_37_4096_ld_4096_4096_512,Gemm_Rocblas_-1086326202,0.059364999830722805
GemmTunableOp_Half_TN,tn_512_3_4096_ld_4096_4096_512,Gemm_Rocblas_-1086326204,0.035292499512434
GemmTunableOp_Half_TN,tn_512_4_4096_ld_4096_4096_512,Gemm_Rocblas_-1086326210,0.036708600074052807
GemmTunableOp_Half_TN,tn_512_5_4096_ld_4096_4096_512,Gemm_Rocblas_-1086326204,0.034928400069475174
GemmTunableOp_Half_TN,tn_512_63_4096_ld_4096_4096_512,Gemm_Rocblas_-1086326202,0.06032900027930736
GemmTunableOp_Half_TN,tn_512_6_4096_ld_4096_4096_512,Gemm_Rocblas_-1086326204,0.03476060032844543
GemmTunableOp_Half_TN,tn_512_7_4096_ld_4096_4096_512,Gemm_Rocblas_-1086326204,0.035132499784231185
GemmTunableOp_Half_TN,tn_512_8_4096_ld_4096_4096_512,Gemm_Rocblas_-1086326204,0.03545269928872585
GemmTunableOp_Half_TN,tn_62080_10_2048_ld_2048_2048_62080,Gemm_Rocblas_-1086326282,0.8539125919342041
GemmTunableOp_Half_TN,tn_62080_12_2048_ld_2048_2048_62080,Gemm_Rocblas_-1086326282,0.8613048076629638
GemmTunableOp_Half_TN,tn_62080_13_2048_ld_2048_2048_62080,Gemm_Rocblas_-1086326282,0.8799691021442414
GemmTunableOp_Half_TN,tn_62080_15_2048_ld_2048_2048_62080,Gemm_Rocblas_-1086326282,0.8833409905433655
GemmTunableOp_Half_TN,tn_62080_16_2048_ld_2048_2048_62080,Gemm_Rocblas_-1086326282,0.8896171927452087
GemmTunableOp_Half_TN,tn_62080_16_5120_ld_5120_5120_62080,Gemm_Rocblas_-1086326159,2.450491404533386
GemmTunableOp_Half_TN,tn_62080_18_2048_ld_2048_2048_62080,Gemm_Rocblas_-1086326246,0.9782311022281647
GemmTunableOp_Half_TN,tn_62080_19_2048_ld_2048_2048_62080,Gemm_Rocblas_-1086326246,0.9846191048622133
GemmTunableOp_Half_TN,tn_62080_1_2048_ld_2048_2048_62080,Gemm_Rocblas_-9,0.7756350994110107
GemmTunableOp_Half_TN,tn_62080_1_5120_ld_5120_5120_62080,Gemm_Rocblas_-9,1.6638004064559937
GemmTunableOp_Half_TN,tn_62080_20_2048_ld_2048_2048_62080,Gemm_Rocblas_-1086326246,0.9866511046886444
GemmTunableOp_Half_TN,tn_62080_21_2048_ld_2048_2048_62080,Gemm_Rocblas_-1086326246,0.9883912086486817
GemmTunableOp_Half_TN,tn_62080_22_2048_ld_2048_2048_62080,Gemm_Rocblas_-1086326246,0.9953511953353882
GemmTunableOp_Half_TN,tn_62080_24_2048_ld_2048_2048_62080,Gemm_Rocblas_-1086326246,0.9993111908435822
GemmTunableOp_Half_TN,tn_62080_262_2048_ld_2048_2048_62080,Gemm_Rocblas_-1086326295,4.4062212944030765
GemmTunableOp_Half_TN,tn_62080_262_5120_ld_5120_5120_62080,Gemm_Rocblas_-1086326295,11.09787368774414
GemmTunableOp_Half_TN,tn_62080_2_2048_ld_2048_2048_62080,Gemm_Rocblas_-1086326282,0.8093315958976746
GemmTunableOp_Half_TN,tn_62080_2_5120_ld_5120_5120_62080,Gemm_Rocblas_-1086326218,2.086276388168335
GemmTunableOp_Half_TN,tn_62080_32_2048_ld_2048_2048_62080,Gemm_Rocblas_-1086326246,1.057972586154938
GemmTunableOp_Half_TN,tn_62080_3_2048_ld_2048_2048_62080,Gemm_Rocblas_-1086326282,0.8193398892879485
GemmTunableOp_Half_TN,tn_62080_3_5120_ld_5120_5120_62080,Gemm_Rocblas_-1086326223,2.0842243194580083
GemmTunableOp_Half_TN,tn_62080_4_2048_ld_2048_2048_62080,Gemm_Rocblas_-1086326282,0.8239600062370299
GemmTunableOp_Half_TN,tn_62080_4_5120_ld_5120_5120_62080,Gemm_Rocblas_-1086326218,2.103348922729492
GemmTunableOp_Half_TN,tn_62080_5_2048_ld_2048_2048_62080,Gemm_Rocblas_-1086326282,0.8387360990047454
GemmTunableOp_Half_TN,tn_62080_5_5120_ld_5120_5120_62080,Gemm_Rocblas_-1086326218,2.137109375
GemmTunableOp_Half_TN,tn_62080_6_2048_ld_2048_2048_62080,Gemm_Rocblas_-1086326282,0.8254319965839386
GemmTunableOp_Half_TN,tn_62080_6_5120_ld_5120_5120_62080,Gemm_Rocblas_-1086326223,2.1499135017395017
GemmTunableOp_Half_TN,tn_62080_7_2048_ld_2048_2048_62080,Gemm_Rocblas_-1086326282,0.8437643945217133
GemmTunableOp_Half_TN,tn_62080_7_5120_ld_5120_5120_62080,Gemm_Rocblas_-1086326223,2.158753728866577
GemmTunableOp_Half_TN,tn_62080_8_2048_ld_2048_2048_62080,Gemm_Rocblas_-1086326282,0.8408764004707336
GemmTunableOp_Half_TN,tn_62080_8_5120_ld_5120_5120_62080,Gemm_Rocblas_-1086326223,2.1813944101333615
GemmTunableOp_Half_TN,tn_62080_9_2048_ld_2048_2048_62080,Gemm_Rocblas_-1086326282,0.8498484969139098
GemmTunableOp_Half_TN,tn_64_1024_4096_ld_4096_4096_64,Gemm_Rocblas_-1086326139,0.06621289961040021
GemmTunableOp_Half_TN,tn_64_1027_4096_ld_4096_4096_64,Gemm_Rocblas_-1086326139,0.06661300137639045
GemmTunableOp_Half_TN,tn_64_1028_4096_ld_4096_4096_64,Gemm_Rocblas_-1086326139,0.06613700017333031
GemmTunableOp_Half_TN,tn_64_1030_4096_ld_4096_4096_64,Gemm_Rocblas_-1086326139,0.06675699874758721
GemmTunableOp_Half_TN,tn_64_1034_4096_ld_4096_4096_64,Gemm_Rocblas_-1086326139,0.0667810007929802
GemmTunableOp_Half_TN,tn_64_1037_4096_ld_4096_4096_64,Gemm_Rocblas_-1086326139,0.06624899953603744
GemmTunableOp_Half_TN,tn_64_1172_4096_ld_4096_4096_64,Gemm_Rocblas_-1086326139,0.07152919918298721
GemmTunableOp_Half_TN,tn_64_1280_4096_ld_4096_4096_64,Gemm_Rocblas_-1086326139,0.08410130068659782
GemmTunableOp_Half_TN,tn_64_155_4096_ld_4096_4096_64,Gemm_Rocblas_-1086326210,0.033640400320291516
GemmTunableOp_Half_TN,tn_64_16_4096_ld_4096_4096_64,Gemm_Rocblas_-1086326212,0.029528400115668773
GemmTunableOp_Half_TN,tn_64_17_4096_ld_4096_4096_64,Gemm_Rocblas_-1086326201,0.028792500123381616
GemmTunableOp_Half_TN,tn_64_18_4096_ld_4096_4096_64,Gemm_Rocblas_-1086326201,0.02712429966777563
GemmTunableOp_Half_TN,tn_64_1957_4096_ld_4096_4096_64,Gemm_Rocblas_-1086326139,0.08995350077748299
GemmTunableOp_Half_TN,tn_64_19_4096_ld_4096_4096_64,Gemm_Rocblas_-1086326212,0.027620399743318556
GemmTunableOp_Half_TN,tn_64_1_4096_ld_4096_4096_64,Gemm_Rocblas_-9,0.01454819990321994
GemmTunableOp_Half_TN,tn_64_2048_4096_ld_4096_4096_64,Gemm_Rocblas_-1086326139,0.09081750065088273
GemmTunableOp_Half_TN,tn_64_256_4096_ld_4096_4096_64,Gemm_Rocblas_-1086326202,0.04200059957802296
GemmTunableOp_Half_TN,tn_64_261_4096_ld_4096_4096_64,Gemm_Rocblas_-1086326202,0.04260459952056408
GemmTunableOp_Half_TN,tn_64_289_4096_ld_4096_4096_64,Gemm_Rocblas_-1086326210,0.0494767002761364
GemmTunableOp_Half_TN,tn_64_2_4096_ld_4096_4096_64,Gemm_Rocblas_-1086326214,0.028856400214135644
GemmTunableOp_Half_TN,tn_64_331_4096_ld_4096_4096_64,Gemm_Rocblas_-1086326202,0.050652799755334856
GemmTunableOp_Half_TN,tn_64_3_4096_ld_4096_4096_64,Gemm_Rocblas_-1086326214,0.028445399738848208
GemmTunableOp_Half_TN,tn_64_404_4096_ld_4096_4096_64,Gemm_Rocblas_-1086326202,0.051632800698280336
GemmTunableOp_Half_TN,tn_64_4_4096_ld_4096_4096_64,Gemm_Rocblas_-1086326201,0.02796039991080761
GemmTunableOp_Half_TN,tn_64_57_4096_ld_4096_4096_64,Gemm_Rocblas_-1086326212,0.03110450021922588
GemmTunableOp_Half_TN,tn_64_5_4096_ld_4096_4096_64,Gemm_Rocblas_-1086326201,0.028488400019705297
GemmTunableOp_Half_TN,tn_64_672_4096_ld_4096_4096_64,Gemm_Rocblas_-1086326139,0.06474900059401989
GemmTunableOp_Half_TN,tn_64_6_4096_ld_4096_4096_64,Gemm_Rocblas_-1086326214,0.028200400061905384
GemmTunableOp_Half_TN,tn_64_781_4096_ld_4096_4096_64,Gemm_Rocblas_-1086326139,0.06461289934813977
GemmTunableOp_Half_TN,tn_64_7_4096_ld_4096_4096_64,Gemm_Rocblas_-1086326214,0.02963439989835024
GemmTunableOp_Half_TN,tn_64_853_4096_ld_4096_4096_64,Gemm_Rocblas_-1086326139,0.06528490036725998
GemmTunableOp_Half_TN,tn_64_8_4096_ld_4096_4096_64,Gemm_Rocblas_-1086326214,0.029150399938225744
GemmTunableOp_Half_TN,tn_64_923_4096_ld_4096_4096_64,Gemm_Rocblas_-1086326139,0.06580099947750569
