Validator,PT_VERSION,2.12.0
Validator,HIP_VERSION,714
Validator,HIPBLASLT_VERSION,100401-cd957402
Validator,GCN_ARCH_NAME,gfx1030
Validator,ROCBLAS_VERSION,5.5.0.cd957402
GemmTunableOp_Half_NN,nn_1536_1024_5120_ld_1536_5120_1536,Gemm_Rocblas_-1086327943,0.6911521971225739
GemmTunableOp_Half_NN,nn_1536_1037_5120_ld_1536_5120_1536,Gemm_Rocblas_-1086327921,0.7233846962451935
GemmTunableOp_Half_NN,nn_1536_225_5120_ld_1536_5120_1536,Gemm_Rocblas_-1086327985,0.20040229856967923
GemmTunableOp_Half_NN,nn_1_1023_2560_ld_1_2560_1,Gemm_Rocblas_-9,0.02028800006955862
GemmTunableOp_Half_NN,nn_1_1024_2560_ld_1_2560_1,Gemm_Rocblas_-9,0.02021
GemmTunableOp_Half_NN,nn_1_1025_2560_ld_1_2560_1,Gemm_Rocblas_-9,0.020324
GemmTunableOp_Half_NN,nn_1_1026_2560_ld_1_2560_1,Gemm_Rocblas_-9,0.020203999988734723
GemmTunableOp_Half_NN,nn_1_1027_2560_ld_1_2560_1,Gemm_Rocblas_-9,0.0202164
GemmTunableOp_Half_NN,nn_1_1028_2560_ld_1_2560_1,Gemm_Rocblas_-9,0.02002399992197752
GemmTunableOp_Half_NN,nn_1_1029_2560_ld_1_2560_1,Gemm_Rocblas_-9,0.0201412
GemmTunableOp_Half_NN,nn_1_1030_2560_ld_1_2560_1,Gemm_Rocblas_-9,0.02009200006723404
GemmTunableOp_Half_NN,nn_1_1031_2560_ld_1_2560_1,Gemm_Rocblas_-9,0.0203032
GemmTunableOp_Half_NN,nn_1_1033_2560_ld_1_2560_1,Gemm_Rocblas_-9,0.01994400005787611
GemmTunableOp_Half_NN,nn_1_1036_2560_ld_1_2560_1,Gemm_Rocblas_-9,0.020168
GemmTunableOp_Half_NN,nn_1_1039_2560_ld_1_2560_1,Gemm_Rocblas_-9,0.020187999680638318
GemmTunableOp_Half_NN,nn_1_1042_2560_ld_1_2560_1,Gemm_Rocblas_-9,0.0202284
GemmTunableOp_Half_NN,nn_1_1045_2560_ld_1_2560_1,Gemm_Rocblas_-9,0.0203052
GemmTunableOp_Half_NN,nn_1_1125_2560_ld_1_2560_1,Gemm_Rocblas_-9,0.0205544
GemmTunableOp_Half_NN,nn_1_121_2560_ld_1_2560_1,Gemm_Rocblas_-9,0.0136982
GemmTunableOp_Half_NN,nn_1_1264_2560_ld_1_2560_1,Gemm_Rocblas_-9,0.0224492
GemmTunableOp_Half_NN,nn_1_127_2560_ld_1_2560_1,Gemm_Rocblas_-9,0.013255999889224768
GemmTunableOp_Half_NN,nn_1_128_2560_ld_1_2560_1,Gemm_Rocblas_-9,0.01394800003618002
GemmTunableOp_Half_NN,nn_1_1295_2560_ld_1_2560_1,Gemm_Rocblas_-9,0.0225512
GemmTunableOp_Half_NN,nn_1_12_2560_ld_1_2560_1,Gemm_Rocblas_-9,0.0130648
GemmTunableOp_Half_NN,nn_1_130_2560_ld_1_2560_1,Gemm_Rocblas_-9,0.01346399988979101
GemmTunableOp_Half_NN,nn_1_1323_2560_ld_1_2560_1,Gemm_Rocblas_-9,0.0226008
GemmTunableOp_Half_NN,nn_1_1324_2560_ld_1_2560_1,Gemm_Rocblas_-9,0.0225984
GemmTunableOp_Half_NN,nn_1_1325_2560_ld_1_2560_1,Gemm_Rocblas_-9,0.0227532
GemmTunableOp_Half_NN,nn_1_134_2560_ld_1_2560_1,Gemm_Rocblas_-9,0.013467999827116727
GemmTunableOp_Half_NN,nn_1_1392_2560_ld_1_2560_1,Gemm_Rocblas_-9,0.0228352
GemmTunableOp_Half_NN,nn_1_1399_2560_ld_1_2560_1,Gemm_Rocblas_-9,0.0305972
GemmTunableOp_Half_NN,nn_1_1445_2560_ld_1_2560_1,Gemm_Rocblas_-9,0.0304676
GemmTunableOp_Half_NN,nn_1_1495_2560_ld_1_2560_1,Gemm_Rocblas_-9,0.0310157
GemmTunableOp_Half_NN,nn_1_1693_2560_ld_1_2560_1,Gemm_Rocblas_-9,0.0313976
GemmTunableOp_Half_NN,nn_1_16_2560_ld_1_2560_1,Gemm_Rocblas_-9,0.0135286
GemmTunableOp_Half_NN,nn_1_1786_2560_ld_1_2560_1,Gemm_Rocblas_-9,0.03045999985188246
GemmTunableOp_Half_NN,nn_1_1888_2560_ld_1_2560_1,Gemm_Rocblas_-9,0.0319632
GemmTunableOp_Half_NN,nn_1_1968_2560_ld_1_2560_1,Gemm_Rocblas_-9,0.027835999429225922
GemmTunableOp_Half_NN,nn_1_1969_2560_ld_1_2560_1,Gemm_Rocblas_-9,0.03413999937474728
GemmTunableOp_Half_NN,nn_1_1_2560_ld_1_2560_1,Gemm_Rocblas_-9,0.020151999965310096
GemmTunableOp_Half_NN,nn_1_2045_2560_ld_1_2560_1,Gemm_Rocblas_-9,0.0335652
GemmTunableOp_Half_NN,nn_1_2046_2560_ld_1_2560_1,Gemm_Rocblas_-9,0.0334892
GemmTunableOp_Half_NN,nn_1_2047_2560_ld_1_2560_1,Gemm_Rocblas_-9,0.0335028
GemmTunableOp_Half_NN,nn_1_2048_2560_ld_1_2560_1,Gemm_Rocblas_-9,0.0352132
GemmTunableOp_Half_NN,nn_1_2066_2560_ld_1_2560_1,Gemm_Rocblas_-9,0.0338156
GemmTunableOp_Half_NN,nn_1_2069_2560_ld_1_2560_1,Gemm_Rocblas_-9,0.033746
GemmTunableOp_Half_NN,nn_1_225_2560_ld_1_2560_1,Gemm_Rocblas_-9,0.013627999834716319
GemmTunableOp_Half_NN,nn_1_240_2560_ld_1_2560_1,Gemm_Rocblas_-9,0.013179999962449073
GemmTunableOp_Half_NN,nn_1_24_2560_ld_1_2560_1,Gemm_Rocblas_-9,0.0130428
GemmTunableOp_Half_NN,nn_1_257_2560_ld_1_2560_1,Gemm_Rocblas_-9,0.013547999784350395
GemmTunableOp_Half_NN,nn_1_259_2560_ld_1_2560_1,Gemm_Rocblas_-9,0.0132319999858737
GemmTunableOp_Half_NN,nn_1_261_2560_ld_1_2560_1,Gemm_Rocblas_-9,0.013248000107705592
GemmTunableOp_Half_NN,nn_1_262_2560_ld_1_2560_1,Gemm_Rocblas_-9,0.01378799993544817
GemmTunableOp_Half_NN,nn_1_2_2560_ld_1_2560_1,Gemm_Rocblas_-9,0.01666399985551834
GemmTunableOp_Half_NN,nn_1_3073_2560_ld_1_2560_1,Gemm_Rocblas_-9,0.041614
GemmTunableOp_Half_NN,nn_1_3074_2560_ld_1_2560_1,Gemm_Rocblas_-9,0.0415396
GemmTunableOp_Half_NN,nn_1_3075_2560_ld_1_2560_1,Gemm_Rocblas_-9,0.0415272
GemmTunableOp_Half_NN,nn_1_3076_2560_ld_1_2560_1,Gemm_Rocblas_-9,0.041588
GemmTunableOp_Half_NN,nn_1_3077_2560_ld_1_2560_1,Gemm_Rocblas_-9,0.0416036
GemmTunableOp_Half_NN,nn_1_3078_2560_ld_1_2560_1,Gemm_Rocblas_-9,0.0415152
GemmTunableOp_Half_NN,nn_1_3079_2560_ld_1_2560_1,Gemm_Rocblas_-9,0.0415124
GemmTunableOp_Half_NN,nn_1_3081_2560_ld_1_2560_1,Gemm_Rocblas_-9,0.0416104
GemmTunableOp_Half_NN,nn_1_3084_2560_ld_1_2560_1,Gemm_Rocblas_-9,0.041532
GemmTunableOp_Half_NN,nn_1_3087_2560_ld_1_2560_1,Gemm_Rocblas_-9,0.0416228
GemmTunableOp_Half_NN,nn_1_3090_2560_ld_1_2560_1,Gemm_Rocblas_-9,0.0416284
GemmTunableOp_Half_NN,nn_1_3093_2560_ld_1_2560_1,Gemm_Rocblas_-9,0.0416204
GemmTunableOp_Half_NN,nn_1_32_2560_ld_1_2560_1,Gemm_Rocblas_-9,0.0135538
GemmTunableOp_Half_NN,nn_1_3_2560_ld_1_2560_1,Gemm_Rocblas_-9,0.01343999970704317
GemmTunableOp_Half_NN,nn_1_4096_2560_ld_1_2560_1,Gemm_Rocblas_-9,0.050408
GemmTunableOp_Half_NN,nn_1_43_2560_ld_1_2560_1,Gemm_Rocblas_-9,0.0136794
GemmTunableOp_Half_NN,nn_1_44_2560_ld_1_2560_1,Gemm_Rocblas_-9,0.013527
GemmTunableOp_Half_NN,nn_1_4_2560_ld_1_2560_1,Gemm_Rocblas_-9,0.013240000046789647
GemmTunableOp_Half_NN,nn_1_56_2560_ld_1_2560_1,Gemm_Rocblas_-9,0.013152
GemmTunableOp_Half_NN,nn_1_5_2560_ld_1_2560_1,Gemm_Rocblas_-9,0.013251999858766794
GemmTunableOp_Half_NN,nn_1_60_2560_ld_1_2560_1,Gemm_Rocblas_-9,0.0132584
GemmTunableOp_Half_NN,nn_1_64_2560_ld_1_2560_1,Gemm_Rocblas_-9,0.014145
GemmTunableOp_Half_NN,nn_1_65_2560_ld_1_2560_1,Gemm_Rocblas_-9,0.015354999992996454
GemmTunableOp_Half_NN,nn_1_66_2560_ld_1_2560_1,Gemm_Rocblas_-9,0.013207999803125859
GemmTunableOp_Half_NN,nn_1_67_2560_ld_1_2560_1,Gemm_Rocblas_-9,0.013167999871075153
GemmTunableOp_Half_NN,nn_1_68_2560_ld_1_2560_1,Gemm_Rocblas_-9,0.013311999943107366
GemmTunableOp_Half_NN,nn_1_692_2560_ld_1_2560_1,Gemm_Rocblas_-9,0.0183274
GemmTunableOp_Half_NN,nn_1_69_2560_ld_1_2560_1,Gemm_Rocblas_-9,0.013275999948382378
GemmTunableOp_Half_NN,nn_1_6_2560_ld_1_2560_1,Gemm_Rocblas_-9,0.013263999950140713
GemmTunableOp_Half_NN,nn_1_701_2560_ld_1_2560_1,Gemm_Rocblas_-9,0.01803999971598387
GemmTunableOp_Half_NN,nn_1_704_2560_ld_1_2560_1,Gemm_Rocblas_-9,0.0177704
GemmTunableOp_Half_NN,nn_1_70_2560_ld_1_2560_1,Gemm_Rocblas_-9,0.01309999991208315
GemmTunableOp_Half_NN,nn_1_71_2560_ld_1_2560_1,Gemm_Rocblas_-9,0.014023999962955712
GemmTunableOp_Half_NN,nn_1_784_2560_ld_1_2560_1,Gemm_Rocblas_-9,0.0178408
GemmTunableOp_Half_NN,nn_1_788_2560_ld_1_2560_1,Gemm_Rocblas_-9,0.017872
GemmTunableOp_Half_NN,nn_1_789_2560_ld_1_2560_1,Gemm_Rocblas_-9,0.0178228
GemmTunableOp_Half_NN,nn_1_7_2560_ld_1_2560_1,Gemm_Rocblas_-9,0.013143999967724085
GemmTunableOp_Half_NN,nn_1_804_2560_ld_1_2560_1,Gemm_Rocblas_-9,0.0177844
GemmTunableOp_Half_NN,nn_1_8_2560_ld_1_2560_1,Gemm_Rocblas_-9,0.013104000035673382
GemmTunableOp_Half_NN,nn_1_9_2560_ld_1_2560_1,Gemm_Rocblas_-9,0.013012
GemmTunableOp_Half_NN,nn_256_1024_5120_ld_256_5120_256,Gemm_Rocblas_-1086327941,0.1253814995288849
GemmTunableOp_Half_NN,nn_256_1037_5120_ld_256_5120_256,Gemm_Rocblas_-1086327943,0.14042970091104506
GemmTunableOp_Half_NN,nn_256_2048_5120_ld_256_5120_256,Gemm_Rocblas_-1086327941,0.25220270156860347
GemmTunableOp_Half_NN,nn_256_225_5120_ld_256_5120_256,Gemm_Rocblas_-1086327940,0.06104879938066006
GemmTunableOp_Half_NN,nn_3072_225_5120_ld_3072_5120_3072,Gemm_Rocblas_-1086327943,0.3741887003183365
GemmTunableOp_Half_NN,nn_4352_1024_5120_ld_4352_5120_4352,Gemm_Rocblas_-1086327927,1.8023547649383544
GemmTunableOp_Half_NN,nn_4352_1037_5120_ld_4352_5120_4352,Gemm_Rocblas_-1086327921,2.0803997993469237
GemmTunableOp_Half_NN,nn_4352_225_5120_ld_4352_5120_4352,Gemm_Rocblas_-1086328115,0.5004313915967941
GemmTunableOp_Half_NN,nn_5120_225_4352_ld_5120_4352_5120,Gemm_Rocblas_-1086327943,0.5140805065631866
GemmTunableOp_Half_NN,nn_512_1024_5120_ld_512_5120_512,Gemm_Rocblas_-1086327916,0.2492382988333702
GemmTunableOp_Half_NN,nn_512_1037_5120_ld_512_5120_512,Gemm_Rocblas_-1086327943,0.24175069928169252
GemmTunableOp_Half_NN,nn_512_225_5120_ld_512_5120_512,Gemm_Rocblas_-1086327945,0.08025299981236457
GemmTunableOp_Half_TN,tn_10240_1023_2560_ld_2560_2560_10240,Gemm_Rocblas_-1086326047,2.1821033716201783
GemmTunableOp_Half_TN,tn_10240_1024_2560_ld_2560_2560_10240,Gemm_Rocblas_-1086326047,2.05409
GemmTunableOp_Half_TN,tn_10240_1025_2560_ld_2560_2560_10240,Gemm_Rocblas_-1086326045,2.43968
GemmTunableOp_Half_TN,tn_10240_1026_2560_ld_2560_2560_10240,Gemm_Rocblas_-1086326045,2.809897150312151
GemmTunableOp_Half_TN,tn_10240_1027_2560_ld_2560_2560_10240,Gemm_Rocblas_-1086326045,2.13467
GemmTunableOp_Half_TN,tn_10240_1028_2560_ld_2560_2560_10240,Gemm_Rocblas_-1086326045,2.642817974090576
GemmTunableOp_Half_TN,tn_10240_1029_2560_ld_2560_2560_10240,Gemm_Rocblas_-1086326045,2.42651
GemmTunableOp_Half_TN,tn_10240_1030_2560_ld_2560_2560_10240,Gemm_Rocblas_-1086326045,2.644600205951267
GemmTunableOp_Half_TN,tn_10240_1031_2560_ld_2560_2560_10240,Gemm_Rocblas_-1086326045,2.34743
GemmTunableOp_Half_TN,tn_10240_1033_2560_ld_2560_2560_10240,Gemm_Rocblas_-1086326045,2.6522357728746204
GemmTunableOp_Half_TN,tn_10240_1036_2560_ld_2560_2560_10240,Gemm_Rocblas_-1086326045,2.6507068739997015
GemmTunableOp_Half_TN,tn_10240_1039_2560_ld_2560_2560_10240,Gemm_Rocblas_-1086326045,2.6581557856665716
GemmTunableOp_Half_TN,tn_10240_1042_2560_ld_2560_2560_10240,Gemm_Rocblas_-1086326045,2.6546580526563854
GemmTunableOp_Half_TN,tn_10240_1045_2560_ld_2560_2560_10240,Gemm_Rocblas_-1086326045,2.33782
GemmTunableOp_Half_TN,tn_10240_1088_320_ld_320_320_10240,Gemm_Rocblas_-1086326295,0.311343902349472
GemmTunableOp_Half_TN,tn_10240_1125_2560_ld_2560_2560_10240,Gemm_Rocblas_-1086326045,2.718933211432563
GemmTunableOp_Half_TN,tn_10240_1152_320_ld_320_320_10240,Gemm_Rocblas_-1086326295,0.3048679053783417
GemmTunableOp_Half_TN,tn_10240_121_2560_ld_2560_2560_10240,Gemm_Rocblas_-1086326077,0.336982
GemmTunableOp_Half_TN,tn_10240_121_320_ld_320_320_10240,Gemm_Rocblas_-1086326116,0.06053999960422516
GemmTunableOp_Half_TN,tn_10240_1264_320_ld_320_320_10240,Gemm_Rocblas_-1086326295,0.318728
GemmTunableOp_Half_TN,tn_10240_127_2560_ld_2560_2560_10240,Gemm_Rocblas_-1086326077,0.36093990206718446
GemmTunableOp_Half_TN,tn_10240_128_2560_ld_2560_2560_10240,Gemm_Rocblas_-1086326077,0.34325589537620543
GemmTunableOp_Half_TN,tn_10240_128_320_ld_320_320_10240,Gemm_Rocblas_-1086326034,0.048776000365614886
GemmTunableOp_Half_TN,tn_10240_1295_320_ld_320_320_10240,Gemm_Rocblas_-1086326295,0.339083
GemmTunableOp_Half_TN,tn_10240_12_2560_ld_2560_2560_10240,Gemm_Rocblas_-1086326157,0.166367
GemmTunableOp_Half_TN,tn_10240_12_320_ld_320_320_10240,Gemm_Rocblas_-1086326152,0.02865
GemmTunableOp_Half_TN,tn_10240_130_2560_ld_2560_2560_10240,Gemm_Rocblas_-1086326077,0.5567478954792022
GemmTunableOp_Half_TN,tn_10240_1323_320_ld_320_320_10240,Gemm_Rocblas_-1086326295,0.347047
GemmTunableOp_Half_TN,tn_10240_1324_320_ld_320_320_10240,Gemm_Rocblas_-1086326295,0.346475
GemmTunableOp_Half_TN,tn_10240_1325_320_ld_320_320_10240,Gemm_Rocblas_-1086326295,0.346479
GemmTunableOp_Half_TN,tn_10240_1344_320_ld_320_320_10240,Gemm_Rocblas_-1086326295,0.37681590020656586
GemmTunableOp_Half_TN,tn_10240_134_2560_ld_2560_2560_10240,Gemm_Rocblas_-1086326077,0.5569398939609528
GemmTunableOp_Half_TN,tn_10240_1392_320_ld_320_320_10240,Gemm_Rocblas_-1086326295,0.340701
GemmTunableOp_Half_TN,tn_10240_1399_2560_ld_2560_2560_10240,Gemm_Rocblas_-1086326268,2.95732
GemmTunableOp_Half_TN,tn_10240_1399_320_ld_320_320_10240,Gemm_Rocblas_-1086326295,0.410568
GemmTunableOp_Half_TN,tn_10240_1408_320_ld_320_320_10240,Gemm_Rocblas_-1086326295,0.3754199028015137
GemmTunableOp_Half_TN,tn_10240_1445_320_ld_320_320_10240,Gemm_Rocblas_-1086326054,0.424551
GemmTunableOp_Half_TN,tn_10240_1600_320_ld_320_320_10240,Gemm_Rocblas_-1086326295,0.4392397999763489
GemmTunableOp_Half_TN,tn_10240_1664_320_ld_320_320_10240,Gemm_Rocblas_-1086326295,0.43773589432239535
GemmTunableOp_Half_TN,tn_10240_1693_2560_ld_2560_2560_10240,Gemm_Rocblas_-1086326047,3.62911
GemmTunableOp_Half_TN,tn_10240_16_2560_ld_2560_2560_10240,Gemm_Rocblas_-1086326194,0.174539
GemmTunableOp_Half_TN,tn_10240_16_320_ld_320_320_10240,Gemm_Rocblas_-1086326178,0.0297492
GemmTunableOp_Half_TN,tn_10240_1888_320_ld_320_320_10240,Gemm_Rocblas_-1086326295,0.452807
GemmTunableOp_Half_TN,tn_10240_1920_320_ld_320_320_10240,Gemm_Rocblas_-1086326077,0.505795806646347
GemmTunableOp_Half_TN,tn_10240_192_320_ld_320_320_10240,Gemm_Rocblas_-1086326044,0.06839199885725974
GemmTunableOp_Half_TN,tn_10240_1_2560_ld_2560_2560_10240,Gemm_Rocblas_-9,0.10404399931430819
GemmTunableOp_Half_TN,tn_10240_1_320_ld_320_320_10240,Gemm_Rocblas_-1086326220,0.021119899675250055
GemmTunableOp_Half_TN,tn_10240_2045_320_ld_320_320_10240,Gemm_Rocblas_-1086326056,0.559711
GemmTunableOp_Half_TN,tn_10240_2047_320_ld_320_320_10240,Gemm_Rocblas_-1086326056,0.528162
GemmTunableOp_Half_TN,tn_10240_2066_320_ld_320_320_10240,Gemm_Rocblas_-1086326295,0.609705
GemmTunableOp_Half_TN,tn_10240_2069_320_ld_320_320_10240,Gemm_Rocblas_-1086326295,0.60891
GemmTunableOp_Half_TN,tn_10240_225_2560_ld_2560_2560_10240,Gemm_Rocblas_-1086326077,0.60549
GemmTunableOp_Half_TN,tn_10240_225_320_ld_320_320_10240,Gemm_Rocblas_-1086326044,0.0873392
GemmTunableOp_Half_TN,tn_10240_240_2560_ld_2560_2560_10240,Gemm_Rocblas_-1086326277,0.592089
GemmTunableOp_Half_TN,tn_10240_240_320_ld_320_320_10240,Gemm_Rocblas_-1086326070,0.09442399889230726
GemmTunableOp_Half_TN,tn_10240_24_2560_ld_2560_2560_10240,Gemm_Rocblas_-1086326246,0.173288
GemmTunableOp_Half_TN,tn_10240_24_320_ld_320_320_10240,Gemm_Rocblas_-1086326243,0.0302
GemmTunableOp_Half_TN,tn_10240_256_320_ld_320_320_10240,Gemm_Rocblas_-1086326068,0.0791719987988472
GemmTunableOp_Half_TN,tn_10240_257_2560_ld_2560_2560_10240,Gemm_Rocblas_-1086326268,0.8199958026409149
GemmTunableOp_Half_TN,tn_10240_259_2560_ld_2560_2560_10240,Gemm_Rocblas_-1086326268,0.8190558016300201
GemmTunableOp_Half_TN,tn_10240_261_2560_ld_2560_2560_10240,Gemm_Rocblas_-1086326268,0.8220438957214355
GemmTunableOp_Half_TN,tn_10240_262_2560_ld_2560_2560_10240,Gemm_Rocblas_-1086326268,0.8252677977085114
GemmTunableOp_Half_TN,tn_10240_2_2560_ld_2560_2560_10240,Gemm_Rocblas_-1086326223,0.13672000169754026
GemmTunableOp_Half_TN,tn_10240_2_320_ld_320_320_10240,Gemm_Rocblas_-1086326222,0.022602000087499623
GemmTunableOp_Half_TN,tn_10240_3076_320_ld_320_320_10240,Gemm_Rocblas_-1086326056,0.840768
GemmTunableOp_Half_TN,tn_10240_320_320_ld_320_320_10240,Gemm_Rocblas_-1086326295,0.11236800104379654
GemmTunableOp_Half_TN,tn_10240_32_2560_ld_2560_2560_10240,Gemm_Rocblas_-1086326246,0.192082
GemmTunableOp_Half_TN,tn_10240_32_320_ld_320_320_10240,Gemm_Rocblas_-1086326242,0.0302236
GemmTunableOp_Half_TN,tn_10240_384_320_ld_320_320_10240,Gemm_Rocblas_-1086326295,0.11082400009036064
GemmTunableOp_Half_TN,tn_10240_3_2560_ld_2560_2560_10240,Gemm_Rocblas_-1086326221,0.13680399805307386
GemmTunableOp_Half_TN,tn_10240_3_320_ld_320_320_10240,Gemm_Rocblas_-1086326217,0.0217119999229908
GemmTunableOp_Half_TN,tn_10240_4096_320_ld_320_320_10240,Gemm_Rocblas_-1086326056,0.926163
GemmTunableOp_Half_TN,tn_10240_43_2560_ld_2560_2560_10240,Gemm_Rocblas_-1086326097,0.212151899933815
GemmTunableOp_Half_TN,tn_10240_43_320_ld_320_320_10240,Gemm_Rocblas_-1086326262,0.0398921
GemmTunableOp_Half_TN,tn_10240_448_320_ld_320_320_10240,Gemm_Rocblas_-1086326295,0.1483279973268509
GemmTunableOp_Half_TN,tn_10240_44_2560_ld_2560_2560_10240,Gemm_Rocblas_-1086326044,0.203517
GemmTunableOp_Half_TN,tn_10240_44_320_ld_320_320_10240,Gemm_Rocblas_-1086326262,0.0396337
GemmTunableOp_Half_TN,tn_10240_4_2560_ld_2560_2560_10240,Gemm_Rocblas_-1086326221,0.13663599938154222
GemmTunableOp_Half_TN,tn_10240_4_320_ld_320_320_10240,Gemm_Rocblas_-1086326222,0.023395999893546102
GemmTunableOp_Half_TN,tn_10240_56_2560_ld_2560_2560_10240,Gemm_Rocblas_-1086326044,0.214812
GemmTunableOp_Half_TN,tn_10240_56_320_ld_320_320_10240,Gemm_Rocblas_-1086326262,0.0399724
GemmTunableOp_Half_TN,tn_10240_576_320_ld_320_320_10240,Gemm_Rocblas_-1086326295,0.18333590030670163
GemmTunableOp_Half_TN,tn_10240_5_2560_ld_2560_2560_10240,Gemm_Rocblas_-1086326221,0.13767600059509277
GemmTunableOp_Half_TN,tn_10240_5_320_ld_320_320_10240,Gemm_Rocblas_-1086326215,0.024091999791562554
GemmTunableOp_Half_TN,tn_10240_60_2560_ld_2560_2560_10240,Gemm_Rocblas_-1086326044,0.204082
GemmTunableOp_Half_TN,tn_10240_60_320_ld_320_320_10240,Gemm_Rocblas_-1086326262,0.0407712
GemmTunableOp_Half_TN,tn_10240_64_2560_ld_2560_2560_10240,Gemm_Rocblas_-1086326044,0.197026
GemmTunableOp_Half_TN,tn_10240_64_320_ld_320_320_10240,Gemm_Rocblas_-1086326033,0.034694
GemmTunableOp_Half_TN,tn_10240_65_2560_ld_2560_2560_10240,Gemm_Rocblas_-1086326277,0.33854799866676333
GemmTunableOp_Half_TN,tn_10240_66_2560_ld_2560_2560_10240,Gemm_Rocblas_-1086326277,0.3395400017499924
GemmTunableOp_Half_TN,tn_10240_67_2560_ld_2560_2560_10240,Gemm_Rocblas_-1086326277,0.33963189721107484
GemmTunableOp_Half_TN,tn_10240_68_2560_ld_2560_2560_10240,Gemm_Rocblas_-1086326268,0.3395480006933212
GemmTunableOp_Half_TN,tn_10240_692_2560_ld_2560_2560_10240,Gemm_Rocblas_-1086326063,1.56126
GemmTunableOp_Half_TN,tn_10240_69_2560_ld_2560_2560_10240,Gemm_Rocblas_-1086326277,0.33995200097560885
GemmTunableOp_Half_TN,tn_10240_6_2560_ld_2560_2560_10240,Gemm_Rocblas_-1086326218,0.13767989873886108
GemmTunableOp_Half_TN,tn_10240_6_320_ld_320_320_10240,Gemm_Rocblas_-1086326163,0.025407999940216544
GemmTunableOp_Half_TN,tn_10240_701_2560_ld_2560_2560_10240,Gemm_Rocblas_-1086326063,1.53871
GemmTunableOp_Half_TN,tn_10240_704_2560_ld_2560_2560_10240,Gemm_Rocblas_-1086326063,1.59952
GemmTunableOp_Half_TN,tn_10240_70_2560_ld_2560_2560_10240,Gemm_Rocblas_-1086326277,0.34059189856052396
GemmTunableOp_Half_TN,tn_10240_71_2560_ld_2560_2560_10240,Gemm_Rocblas_-1086326277,0.3415119022130966
GemmTunableOp_Half_TN,tn_10240_784_2560_ld_2560_2560_10240,Gemm_Rocblas_-1086326045,1.8842
GemmTunableOp_Half_TN,tn_10240_788_2560_ld_2560_2560_10240,Gemm_Rocblas_-1086326045,1.90832
GemmTunableOp_Half_TN,tn_10240_789_2560_ld_2560_2560_10240,Gemm_Rocblas_-1086326045,1.90352
GemmTunableOp_Half_TN,tn_10240_7_2560_ld_2560_2560_10240,Gemm_Rocblas_-1086326218,0.13837600350379944
GemmTunableOp_Half_TN,tn_10240_7_320_ld_320_320_10240,Gemm_Rocblas_-1086326220,0.025352000072598458
GemmTunableOp_Half_TN,tn_10240_804_2560_ld_2560_2560_10240,Gemm_Rocblas_-1086326045,1.85368
GemmTunableOp_Half_TN,tn_10240_8_2560_ld_2560_2560_10240,Gemm_Rocblas_-1086326218,0.13933199793100357
GemmTunableOp_Half_TN,tn_10240_8_320_ld_320_320_10240,Gemm_Rocblas_-1086326215,0.024268000014126302
GemmTunableOp_Half_TN,tn_10240_9_2560_ld_2560_2560_10240,Gemm_Rocblas_-1086326159,0.165085
GemmTunableOp_Half_TN,tn_10240_9_320_ld_320_320_10240,Gemm_Rocblas_-1086326180,0.0298796
GemmTunableOp_Half_TN,tn_1152_1568_4608_ld_4608_4608_1152,Gemm_Rocblas_-1086326063,0.781231
GemmTunableOp_Half_TN,tn_1152_3136_4608_ld_4608_4608_1152,Gemm_Rocblas_-1086326063,1.51283
GemmTunableOp_Half_TN,tn_1152_6272_1536_ld_1536_1536_1152,Gemm_Rocblas_-1086326077,0.8946399986743927
GemmTunableOp_Half_TN,tn_24_1023_2560_ld_2560_2560_24,Gemm_Rocblas_-1086326205,0.041015999391674995
GemmTunableOp_Half_TN,tn_24_1024_2560_ld_2560_2560_24,Gemm_Rocblas_-1086326202,0.043476
GemmTunableOp_Half_TN,tn_24_1024_5120_ld_5120_5120_24,Gemm_Rocblas_-1086326202,0.07061289921402931
GemmTunableOp_Half_TN,tn_24_1025_2560_ld_2560_2560_24,Gemm_Rocblas_-1086326202,0.0438156
GemmTunableOp_Half_TN,tn_24_1026_2560_ld_2560_2560_24,Gemm_Rocblas_-1086326202,0.04184399954974652
GemmTunableOp_Half_TN,tn_24_1027_2560_ld_2560_2560_24,Gemm_Rocblas_-1086326202,0.043612
GemmTunableOp_Half_TN,tn_24_1028_2560_ld_2560_2560_24,Gemm_Rocblas_-1086326211,0.04168800078332424
GemmTunableOp_Half_TN,tn_24_1029_2560_ld_2560_2560_24,Gemm_Rocblas_-1086326202,0.0438388
GemmTunableOp_Half_TN,tn_24_1030_2560_ld_2560_2560_24,Gemm_Rocblas_-1086326202,0.041871999576687816
GemmTunableOp_Half_TN,tn_24_1031_2560_ld_2560_2560_24,Gemm_Rocblas_-1086326202,0.0438768
GemmTunableOp_Half_TN,tn_24_1033_2560_ld_2560_2560_24,Gemm_Rocblas_-1086326202,0.042176099866628645
GemmTunableOp_Half_TN,tn_24_1036_2560_ld_2560_2560_24,Gemm_Rocblas_-1086326202,0.0438844
GemmTunableOp_Half_TN,tn_24_1037_5120_ld_5120_5120_24,Gemm_Rocblas_-1086326139,0.0700008012354374
GemmTunableOp_Half_TN,tn_24_1039_2560_ld_2560_2560_24,Gemm_Rocblas_-1086326211,0.04172810018062592
GemmTunableOp_Half_TN,tn_24_1042_2560_ld_2560_2560_24,Gemm_Rocblas_-1086326202,0.043792
GemmTunableOp_Half_TN,tn_24_1045_2560_ld_2560_2560_24,Gemm_Rocblas_-1086326202,0.0436892
GemmTunableOp_Half_TN,tn_24_1125_2560_ld_2560_2560_24,Gemm_Rocblas_-1086326202,0.043956
GemmTunableOp_Half_TN,tn_24_121_2560_ld_2560_2560_24,Gemm_Rocblas_-1086326201,0.0251051
GemmTunableOp_Half_TN,tn_24_1264_2560_ld_2560_2560_24,Gemm_Rocblas_-1086326202,0.0506864
GemmTunableOp_Half_TN,tn_24_127_2560_ld_2560_2560_24,Gemm_Rocblas_-1086326201,0.025657000206410884
GemmTunableOp_Half_TN,tn_24_128_2560_ld_2560_2560_24,Gemm_Rocblas_-1086326201,0.025796000100672248
GemmTunableOp_Half_TN,tn_24_1295_2560_ld_2560_2560_24,Gemm_Rocblas_-1086326202,0.0510148
GemmTunableOp_Half_TN,tn_24_12_2560_ld_2560_2560_24,Gemm_Rocblas_-1086326212,0.0224692
GemmTunableOp_Half_TN,tn_24_130_2560_ld_2560_2560_24,Gemm_Rocblas_-1086326200,0.02695899996906519
GemmTunableOp_Half_TN,tn_24_1323_2560_ld_2560_2560_24,Gemm_Rocblas_-1086326202,0.051236
GemmTunableOp_Half_TN,tn_24_1324_2560_ld_2560_2560_24,Gemm_Rocblas_-1086326202,0.0512508
GemmTunableOp_Half_TN,tn_24_1325_2560_ld_2560_2560_24,Gemm_Rocblas_-1086326202,0.0514188
GemmTunableOp_Half_TN,tn_24_134_2560_ld_2560_2560_24,Gemm_Rocblas_-1086326200,0.026275999657809735
GemmTunableOp_Half_TN,tn_24_1392_2560_ld_2560_2560_24,Gemm_Rocblas_-1086326202,0.051124
GemmTunableOp_Half_TN,tn_24_1399_2560_ld_2560_2560_24,Gemm_Rocblas_-1086326202,0.0530596
GemmTunableOp_Half_TN,tn_24_1445_2560_ld_2560_2560_24,Gemm_Rocblas_-1086326139,0.0523404
GemmTunableOp_Half_TN,tn_24_1495_2560_ld_2560_2560_24,Gemm_Rocblas_-1086326139,0.0541025
GemmTunableOp_Half_TN,tn_24_1693_2560_ld_2560_2560_24,Gemm_Rocblas_-1086326139,0.0544963
GemmTunableOp_Half_TN,tn_24_16_2560_ld_2560_2560_24,Gemm_Rocblas_-1086326201,0.0234607
GemmTunableOp_Half_TN,tn_24_16_5120_ld_5120_5120_24,Gemm_Rocblas_-1086326201,0.031104500032961363
GemmTunableOp_Half_TN,tn_24_1786_2560_ld_2560_2560_24,Gemm_Rocblas_-1086326139,0.053983999043703074
GemmTunableOp_Half_TN,tn_24_1888_2560_ld_2560_2560_24,Gemm_Rocblas_-1086326139,0.0557756
GemmTunableOp_Half_TN,tn_24_1968_2560_ld_2560_2560_24,Gemm_Rocblas_-1086326139,0.0563424
GemmTunableOp_Half_TN,tn_24_1969_2560_ld_2560_2560_24,Gemm_Rocblas_-1086326139,0.0619115
GemmTunableOp_Half_TN,tn_24_1_2560_ld_2560_2560_24,Gemm_Rocblas_-9,0.013204000052064655
GemmTunableOp_Half_TN,tn_24_1_5120_ld_5120_5120_24,Gemm_Rocblas_-9,0.015468200016766787
GemmTunableOp_Half_TN,tn_24_2045_2560_ld_2560_2560_24,Gemm_Rocblas_-1086326139,0.0567065
GemmTunableOp_Half_TN,tn_24_2046_2560_ld_2560_2560_24,Gemm_Rocblas_-1086326139,0.0566708
GemmTunableOp_Half_TN,tn_24_2047_2560_ld_2560_2560_24,Gemm_Rocblas_-1086326139,0.0565908
GemmTunableOp_Half_TN,tn_24_2048_2560_ld_2560_2560_24,Gemm_Rocblas_-1086326139,0.0588471
GemmTunableOp_Half_TN,tn_24_2048_5120_ld_5120_5120_24,Gemm_Rocblas_-1086326139,0.09290900006890297
GemmTunableOp_Half_TN,tn_24_2066_2560_ld_2560_2560_24,Gemm_Rocblas_-1086326139,0.0568568
GemmTunableOp_Half_TN,tn_24_2069_2560_ld_2560_2560_24,Gemm_Rocblas_-1086326139,0.0577688
GemmTunableOp_Half_TN,tn_24_225_2560_ld_2560_2560_24,Gemm_Rocblas_-1086326210,0.025138
GemmTunableOp_Half_TN,tn_24_225_5120_ld_5120_5120_24,Gemm_Rocblas_-1086326210,0.03763649947941303
GemmTunableOp_Half_TN,tn_24_240_2560_ld_2560_2560_24,Gemm_Rocblas_-1086326210,0.0241356
GemmTunableOp_Half_TN,tn_24_24_2560_ld_2560_2560_24,Gemm_Rocblas_-1086326201,0.0223808
GemmTunableOp_Half_TN,tn_24_257_2560_ld_2560_2560_24,Gemm_Rocblas_-1086326200,0.029017999768257138
GemmTunableOp_Half_TN,tn_24_259_2560_ld_2560_2560_24,Gemm_Rocblas_-1086326200,0.027988999709486963
GemmTunableOp_Half_TN,tn_24_261_2560_ld_2560_2560_24,Gemm_Rocblas_-1086326200,0.02653600014746189
GemmTunableOp_Half_TN,tn_24_262_2560_ld_2560_2560_24,Gemm_Rocblas_-1086326200,0.02731599975377321
GemmTunableOp_Half_TN,tn_24_2_2560_ld_2560_2560_24,Gemm_Rocblas_-1086326201,0.02547009959816933
GemmTunableOp_Half_TN,tn_24_2_5120_ld_5120_5120_24,Gemm_Rocblas_-1086326201,0.030544400028884408
GemmTunableOp_Half_TN,tn_24_3073_2560_ld_2560_2560_24,Gemm_Rocblas_-1086326246,0.070844
GemmTunableOp_Half_TN,tn_24_3074_2560_ld_2560_2560_24,Gemm_Rocblas_-1086326246,0.0704116
GemmTunableOp_Half_TN,tn_24_3075_2560_ld_2560_2560_24,Gemm_Rocblas_-1086326246,0.0706264
GemmTunableOp_Half_TN,tn_24_3076_2560_ld_2560_2560_24,Gemm_Rocblas_-1086326246,0.0704784
GemmTunableOp_Half_TN,tn_24_3077_2560_ld_2560_2560_24,Gemm_Rocblas_-1086326246,0.0706892
GemmTunableOp_Half_TN,tn_24_3078_2560_ld_2560_2560_24,Gemm_Rocblas_-1086326246,0.0712828
GemmTunableOp_Half_TN,tn_24_3079_2560_ld_2560_2560_24,Gemm_Rocblas_-1086326246,0.0714116
GemmTunableOp_Half_TN,tn_24_3081_2560_ld_2560_2560_24,Gemm_Rocblas_-1086326246,0.0703724
GemmTunableOp_Half_TN,tn_24_3084_2560_ld_2560_2560_24,Gemm_Rocblas_-1086326246,0.0705064
GemmTunableOp_Half_TN,tn_24_3087_2560_ld_2560_2560_24,Gemm_Rocblas_-1086326246,0.0709072
GemmTunableOp_Half_TN,tn_24_3090_2560_ld_2560_2560_24,Gemm_Rocblas_-1086326246,0.0709912
GemmTunableOp_Half_TN,tn_24_3093_2560_ld_2560_2560_24,Gemm_Rocblas_-1086326246,0.0710172
GemmTunableOp_Half_TN,tn_24_32_2560_ld_2560_2560_24,Gemm_Rocblas_-1086326201,0.0234163
GemmTunableOp_Half_TN,tn_24_3_2560_ld_2560_2560_24,Gemm_Rocblas_-1086326206,0.024525999836623666
GemmTunableOp_Half_TN,tn_24_3_5120_ld_5120_5120_24,Gemm_Rocblas_-1086326201,0.03069649990648031
GemmTunableOp_Half_TN,tn_24_4096_2560_ld_2560_2560_24,Gemm_Rocblas_-1086326246,0.0814872
GemmTunableOp_Half_TN,tn_24_43_2560_ld_2560_2560_24,Gemm_Rocblas_-1086326201,0.0233715
GemmTunableOp_Half_TN,tn_24_44_2560_ld_2560_2560_24,Gemm_Rocblas_-1086326206,0.0235915
GemmTunableOp_Half_TN,tn_24_4_2560_ld_2560_2560_24,Gemm_Rocblas_-1086326201,0.025120999850332736
GemmTunableOp_Half_TN,tn_24_4_5120_ld_5120_5120_24,Gemm_Rocblas_-1086326214,0.031112300045788285
GemmTunableOp_Half_TN,tn_24_56_2560_ld_2560_2560_24,Gemm_Rocblas_-1086326212,0.0224968
GemmTunableOp_Half_TN,tn_24_57_5120_ld_5120_5120_24,Gemm_Rocblas_-1086326201,0.030852299556136133
GemmTunableOp_Half_TN,tn_24_5_2560_ld_2560_2560_24,Gemm_Rocblas_-1086326201,0.024416000209748743
GemmTunableOp_Half_TN,tn_24_5_5120_ld_5120_5120_24,Gemm_Rocblas_-1086326201,0.03074849992990494
GemmTunableOp_Half_TN,tn_24_60_2560_ld_2560_2560_24,Gemm_Rocblas_-1086326201,0.022618
GemmTunableOp_Half_TN,tn_24_64_2560_ld_2560_2560_24,Gemm_Rocblas_-1086326201,0.0234759
GemmTunableOp_Half_TN,tn_24_65_2560_ld_2560_2560_24,Gemm_Rocblas_-1086326201,0.02604899983853102
GemmTunableOp_Half_TN,tn_24_66_2560_ld_2560_2560_24,Gemm_Rocblas_-1086326206,0.02746900022029877
GemmTunableOp_Half_TN,tn_24_67_2560_ld_2560_2560_24,Gemm_Rocblas_-1086326200,0.02571999970823526
GemmTunableOp_Half_TN,tn_24_68_2560_ld_2560_2560_24,Gemm_Rocblas_-1086326201,0.02610200010240078
GemmTunableOp_Half_TN,tn_24_692_2560_ld_2560_2560_24,Gemm_Rocblas_-1086326202,0.0395589
GemmTunableOp_Half_TN,tn_24_69_2560_ld_2560_2560_24,Gemm_Rocblas_-1086326200,0.027150999940931793
GemmTunableOp_Half_TN,tn_24_6_2560_ld_2560_2560_24,Gemm_Rocblas_-1086326212,0.024433999694883825
GemmTunableOp_Half_TN,tn_24_6_5120_ld_5120_5120_24,Gemm_Rocblas_-1086326201,0.030628500133752824
GemmTunableOp_Half_TN,tn_24_701_2560_ld_2560_2560_24,Gemm_Rocblas_-1086326202,0.0395165
GemmTunableOp_Half_TN,tn_24_704_2560_ld_2560_2560_24,Gemm_Rocblas_-1086326202,0.0385176
GemmTunableOp_Half_TN,tn_24_70_2560_ld_2560_2560_24,Gemm_Rocblas_-1086326200,0.02621599975973368
GemmTunableOp_Half_TN,tn_24_71_2560_ld_2560_2560_24,Gemm_Rocblas_-1086326200,0.027803999558091166
GemmTunableOp_Half_TN,tn_24_784_2560_ld_2560_2560_24,Gemm_Rocblas_-1086326202,0.038628
GemmTunableOp_Half_TN,tn_24_788_2560_ld_2560_2560_24,Gemm_Rocblas_-1086326202,0.0386812
GemmTunableOp_Half_TN,tn_24_789_2560_ld_2560_2560_24,Gemm_Rocblas_-1086326202,0.0386804
GemmTunableOp_Half_TN,tn_24_7_2560_ld_2560_2560_24,Gemm_Rocblas_-1086326201,0.023928999714553357
GemmTunableOp_Half_TN,tn_24_7_5120_ld_5120_5120_24,Gemm_Rocblas_-1086326214,0.03133619967848062
GemmTunableOp_Half_TN,tn_24_804_2560_ld_2560_2560_24,Gemm_Rocblas_-1086326202,0.0388436
GemmTunableOp_Half_TN,tn_24_8_2560_ld_2560_2560_24,Gemm_Rocblas_-1086326201,0.024475000053644183
GemmTunableOp_Half_TN,tn_24_8_5120_ld_5120_5120_24,Gemm_Rocblas_-1086326212,0.03080830033868551
GemmTunableOp_Half_TN,tn_24_9_2560_ld_2560_2560_24,Gemm_Rocblas_-1086326201,0.024624999985098837
GemmTunableOp_Half_TN,tn_2560_1023_2560_ld_2560_2560_2560,Gemm_Rocblas_-1086326077,0.6107757985591888
GemmTunableOp_Half_TN,tn_2560_1024_2560_ld_2560_2560_2560,Gemm_Rocblas_-1086326277,0.554948
GemmTunableOp_Half_TN,tn_2560_121_1536_ld_1536_1536_2560,Gemm_Rocblas_-1086326122,0.0924368
GemmTunableOp_Half_TN,tn_2560_121_2560_ld_2560_2560_2560,Gemm_Rocblas_-1086326133,0.140327
GemmTunableOp_Half_TN,tn_2560_1264_2560_ld_2560_2560_2560,Gemm_Rocblas_-1086326079,0.716284
GemmTunableOp_Half_TN,tn_2560_127_1536_ld_1536_1536_2560,Gemm_Rocblas_-1086326122,0.08999589905142784
GemmTunableOp_Half_TN,tn_2560_128_1536_ld_1536_1536_2560,Gemm_Rocblas_-1086326128,0.07565999999642373
GemmTunableOp_Half_TN,tn_2560_128_2560_ld_2560_2560_2560,Gemm_Rocblas_-1086326128,0.11268780007958412
GemmTunableOp_Half_TN,tn_2560_1295_160_ld_160_160_2560,Gemm_Rocblas_-1086326068,0.0624556
GemmTunableOp_Half_TN,tn_2560_1295_2560_ld_2560_2560_2560,Gemm_Rocblas_-1086326277,0.842687
GemmTunableOp_Half_TN,tn_2560_12_1536_ld_1536_1536_2560,Gemm_Rocblas_-1086326194,0.04148410037159919
GemmTunableOp_Half_TN,tn_2560_12_2560_ld_2560_2560_2560,Gemm_Rocblas_-1086326194,0.0593548
GemmTunableOp_Half_TN,tn_2560_130_1536_ld_1536_1536_2560,Gemm_Rocblas_-1086326060,0.0886599987745285
GemmTunableOp_Half_TN,tn_2560_130_2560_ld_2560_2560_2560,Gemm_Rocblas_-1086326060,0.14709189832210542
GemmTunableOp_Half_TN,tn_2560_1323_160_ld_160_160_2560,Gemm_Rocblas_-1086326038,0.0578804
GemmTunableOp_Half_TN,tn_2560_1323_2560_ld_2560_2560_2560,Gemm_Rocblas_-1086326277,0.8456
GemmTunableOp_Half_TN,tn_2560_1324_160_ld_160_160_2560,Gemm_Rocblas_-1086326068,0.0623332
GemmTunableOp_Half_TN,tn_2560_1324_2560_ld_2560_2560_2560,Gemm_Rocblas_-1086326277,0.843554
GemmTunableOp_Half_TN,tn_2560_1325_160_ld_160_160_2560,Gemm_Rocblas_-1086326068,0.0626616
GemmTunableOp_Half_TN,tn_2560_1325_2560_ld_2560_2560_2560,Gemm_Rocblas_-1086326277,0.845924
GemmTunableOp_Half_TN,tn_2560_134_1536_ld_1536_1536_2560,Gemm_Rocblas_-1086326060,0.08885599970817565
GemmTunableOp_Half_TN,tn_2560_134_2560_ld_2560_2560_2560,Gemm_Rocblas_-1086326044,0.14769999980926513
GemmTunableOp_Half_TN,tn_2560_1392_2560_ld_2560_2560_2560,Gemm_Rocblas_-1086326277,0.839519
GemmTunableOp_Half_TN,tn_2560_1399_2560_ld_2560_2560_2560,Gemm_Rocblas_-1086326277,0.896697
GemmTunableOp_Half_TN,tn_2560_1445_2560_ld_2560_2560_2560,Gemm_Rocblas_-1086326277,0.83681
GemmTunableOp_Half_TN,tn_2560_1568_1152_ld_1152_1152_2560,Gemm_Rocblas_-1086326056,0.398594
GemmTunableOp_Half_TN,tn_2560_1693_2560_ld_2560_2560_2560,Gemm_Rocblas_-1086326063,0.986781
GemmTunableOp_Half_TN,tn_2560_16_1536_ld_1536_1536_2560,Gemm_Rocblas_-1086326157,0.0425034
GemmTunableOp_Half_TN,tn_2560_16_2560_ld_2560_2560_2560,Gemm_Rocblas_-1086326157,0.0618436
GemmTunableOp_Half_TN,tn_2560_1888_2560_ld_2560_2560_2560,Gemm_Rocblas_-1086326277,1.07874
GemmTunableOp_Half_TN,tn_2560_1_1536_ld_1536_1536_2560,Gemm_Rocblas_-9,0.03106799982488155
GemmTunableOp_Half_TN,tn_2560_1_2560_ld_2560_2560_2560,Gemm_Rocblas_-9,0.03691999986767769
GemmTunableOp_Half_TN,tn_2560_2048_2560_ld_2560_2560_2560,Gemm_Rocblas_-1086326063,1.10171
GemmTunableOp_Half_TN,tn_2560_2066_1536_ld_1536_1536_2560,Gemm_Rocblas_-1086326063,0.693515
GemmTunableOp_Half_TN,tn_2560_2069_1536_ld_1536_1536_2560,Gemm_Rocblas_-1086326063,0.702155
GemmTunableOp_Half_TN,tn_2560_225_1536_ld_1536_1536_2560,Gemm_Rocblas_-1086326044,0.130374
GemmTunableOp_Half_TN,tn_2560_225_2560_ld_2560_2560_2560,Gemm_Rocblas_-1086326128,0.2196
GemmTunableOp_Half_TN,tn_2560_240_1536_ld_1536_1536_2560,Gemm_Rocblas_-1086326044,0.125746
GemmTunableOp_Half_TN,tn_2560_240_160_ld_160_160_2560,Gemm_Rocblas_-1086326262,0.0280372
GemmTunableOp_Half_TN,tn_2560_240_2560_ld_2560_2560_2560,Gemm_Rocblas_-1086326128,0.220441
GemmTunableOp_Half_TN,tn_2560_24_1536_ld_1536_1536_2560,Gemm_Rocblas_-1086326246,0.0477996
GemmTunableOp_Half_TN,tn_2560_24_2560_ld_2560_2560_2560,Gemm_Rocblas_-1086326140,0.0682752
GemmTunableOp_Half_TN,tn_2560_257_1536_ld_1536_1536_2560,Gemm_Rocblas_-1086326044,0.1353999987244606
GemmTunableOp_Half_TN,tn_2560_259_1536_ld_1536_1536_2560,Gemm_Rocblas_-1086326044,0.13101999908685685
GemmTunableOp_Half_TN,tn_2560_261_1536_ld_1536_1536_2560,Gemm_Rocblas_-1086326044,0.12938399910926818
GemmTunableOp_Half_TN,tn_2560_262_1536_ld_1536_1536_2560,Gemm_Rocblas_-1086326044,0.1302519977092743
GemmTunableOp_Half_TN,tn_2560_3073_2560_ld_2560_2560_2560,Gemm_Rocblas_-1086326079,1.81378
GemmTunableOp_Half_TN,tn_2560_3074_2560_ld_2560_2560_2560,Gemm_Rocblas_-1086326063,1.79107
GemmTunableOp_Half_TN,tn_2560_3075_1536_ld_1536_1536_2560,Gemm_Rocblas_-1086326063,1.03252
GemmTunableOp_Half_TN,tn_2560_3075_2560_ld_2560_2560_2560,Gemm_Rocblas_-1086326277,1.72939
GemmTunableOp_Half_TN,tn_2560_3076_2560_ld_2560_2560_2560,Gemm_Rocblas_-1086326277,1.72486
GemmTunableOp_Half_TN,tn_2560_3078_1536_ld_1536_1536_2560,Gemm_Rocblas_-1086326063,0.998196
GemmTunableOp_Half_TN,tn_2560_3078_2560_ld_2560_2560_2560,Gemm_Rocblas_-1086326277,1.69348
GemmTunableOp_Half_TN,tn_2560_3079_2560_ld_2560_2560_2560,Gemm_Rocblas_-1086326277,1.64891
GemmTunableOp_Half_TN,tn_2560_3081_2560_ld_2560_2560_2560,Gemm_Rocblas_-1086326063,1.78066
GemmTunableOp_Half_TN,tn_2560_3087_1536_ld_1536_1536_2560,Gemm_Rocblas_-1086326063,1.05627
GemmTunableOp_Half_TN,tn_2560_3090_1536_ld_1536_1536_2560,Gemm_Rocblas_-1086326063,1.06231
GemmTunableOp_Half_TN,tn_2560_3090_2560_ld_2560_2560_2560,Gemm_Rocblas_-1086326277,1.76734
GemmTunableOp_Half_TN,tn_2560_3093_1536_ld_1536_1536_2560,Gemm_Rocblas_-1086326063,1.08123
GemmTunableOp_Half_TN,tn_2560_3093_2560_ld_2560_2560_2560,Gemm_Rocblas_-1086326063,1.7682
GemmTunableOp_Half_TN,tn_2560_32_1536_ld_1536_1536_2560,Gemm_Rocblas_-1086326246,0.050649
GemmTunableOp_Half_TN,tn_2560_32_2560_ld_2560_2560_2560,Gemm_Rocblas_-1086326134,0.0748833
GemmTunableOp_Half_TN,tn_2560_4096_2560_ld_2560_2560_2560,Gemm_Rocblas_-1086326063,1.70785
GemmTunableOp_Half_TN,tn_2560_43_1536_ld_1536_1536_2560,Gemm_Rocblas_-1086326134,0.0612284
GemmTunableOp_Half_TN,tn_2560_43_2560_ld_2560_2560_2560,Gemm_Rocblas_-1086326134,0.077941
GemmTunableOp_Half_TN,tn_2560_44_1536_ld_1536_1536_2560,Gemm_Rocblas_-1086326140,0.0617716
GemmTunableOp_Half_TN,tn_2560_44_2560_ld_2560_2560_2560,Gemm_Rocblas_-1086326140,0.0788078
GemmTunableOp_Half_TN,tn_2560_4_1536_ld_1536_1536_2560,Gemm_Rocblas_-1086326223,0.04003999941051007
GemmTunableOp_Half_TN,tn_2560_56_1536_ld_1536_1536_2560,Gemm_Rocblas_-1086326140,0.0624264
GemmTunableOp_Half_TN,tn_2560_56_2560_ld_2560_2560_2560,Gemm_Rocblas_-1086326129,0.0790684
GemmTunableOp_Half_TN,tn_2560_5_1536_ld_1536_1536_2560,Gemm_Rocblas_-1086326218,0.03852000050246715
GemmTunableOp_Half_TN,tn_2560_60_1536_ld_1536_1536_2560,Gemm_Rocblas_-1086326134,0.0634912
GemmTunableOp_Half_TN,tn_2560_60_2560_ld_2560_2560_2560,Gemm_Rocblas_-1086326129,0.080584
GemmTunableOp_Half_TN,tn_2560_64_1536_ld_1536_1536_2560,Gemm_Rocblas_-1086326140,0.0527402
GemmTunableOp_Half_TN,tn_2560_64_2560_ld_2560_2560_2560,Gemm_Rocblas_-1086326140,0.0721813
GemmTunableOp_Half_TN,tn_2560_65_1536_ld_1536_1536_2560,Gemm_Rocblas_-1086326129,0.07080799862742423
GemmTunableOp_Half_TN,tn_2560_65_2560_ld_2560_2560_2560,Gemm_Rocblas_-1086326127,0.11403199881315232
GemmTunableOp_Half_TN,tn_2560_66_1536_ld_1536_1536_2560,Gemm_Rocblas_-1086326129,0.0706239990890026
GemmTunableOp_Half_TN,tn_2560_66_2560_ld_2560_2560_2560,Gemm_Rocblas_-1086326128,0.11422000080347061
GemmTunableOp_Half_TN,tn_2560_67_1536_ld_1536_1536_2560,Gemm_Rocblas_-1086326129,0.07105199918150902
GemmTunableOp_Half_TN,tn_2560_67_2560_ld_2560_2560_2560,Gemm_Rocblas_-1086326128,0.11568799987435342
GemmTunableOp_Half_TN,tn_2560_68_1536_ld_1536_1536_2560,Gemm_Rocblas_-1086326129,0.0712519995868206
GemmTunableOp_Half_TN,tn_2560_68_2560_ld_2560_2560_2560,Gemm_Rocblas_-1086326127,0.1158440001308918
GemmTunableOp_Half_TN,tn_2560_692_2560_ld_2560_2560_2560,Gemm_Rocblas_-1086326063,0.460849
GemmTunableOp_Half_TN,tn_2560_69_1536_ld_1536_1536_2560,Gemm_Rocblas_-1086326129,0.07117199972271919
GemmTunableOp_Half_TN,tn_2560_69_2560_ld_2560_2560_2560,Gemm_Rocblas_-1086326128,0.11509999930858612
GemmTunableOp_Half_TN,tn_2560_6_1536_ld_1536_1536_2560,Gemm_Rocblas_-1086326221,0.04002010002732277
GemmTunableOp_Half_TN,tn_2560_701_2560_ld_2560_2560_2560,Gemm_Rocblas_-1086326079,0.459616
GemmTunableOp_Half_TN,tn_2560_704_2560_ld_2560_2560_2560,Gemm_Rocblas_-1086326063,0.453492
GemmTunableOp_Half_TN,tn_2560_70_1536_ld_1536_1536_2560,Gemm_Rocblas_-1086326129,0.07238800004124642
GemmTunableOp_Half_TN,tn_2560_70_2560_ld_2560_2560_2560,Gemm_Rocblas_-1086326128,0.11643999889492988
GemmTunableOp_Half_TN,tn_2560_71_1536_ld_1536_1536_2560,Gemm_Rocblas_-1086326129,0.07422399967908859
GemmTunableOp_Half_TN,tn_2560_71_2560_ld_2560_2560_2560,Gemm_Rocblas_-1086326128,0.11502790004014969
GemmTunableOp_Half_TN,tn_2560_784_1536_ld_1536_1536_2560,Gemm_Rocblas_-1086326277,0.292381
GemmTunableOp_Half_TN,tn_2560_784_160_ld_160_160_2560,Gemm_Rocblas_-1086326051,0.0416156
GemmTunableOp_Half_TN,tn_2560_788_1536_ld_1536_1536_2560,Gemm_Rocblas_-1086326277,0.299363
GemmTunableOp_Half_TN,tn_2560_788_160_ld_160_160_2560,Gemm_Rocblas_-1086326276,0.0434008
GemmTunableOp_Half_TN,tn_2560_789_1536_ld_1536_1536_2560,Gemm_Rocblas_-1086326277,0.292467
GemmTunableOp_Half_TN,tn_2560_789_160_ld_160_160_2560,Gemm_Rocblas_-1086326276,0.0438344
GemmTunableOp_Half_TN,tn_2560_804_1536_ld_1536_1536_2560,Gemm_Rocblas_-1086326277,0.29867
GemmTunableOp_Half_TN,tn_2560_9_1536_ld_1536_1536_2560,Gemm_Rocblas_-1086326284,0.0410064
GemmTunableOp_Half_TN,tn_2560_9_2560_ld_2560_2560_2560,Gemm_Rocblas_-1086326284,0.0590812
GemmTunableOp_Half_TN,tn_320_1023_2560_ld_2560_2560_320,Gemm_Rocblas_-1086326128,0.12026399821043014
GemmTunableOp_Half_TN,tn_320_1024_10240_ld_10240_10240_320,Gemm_Rocblas_-1086326082,0.402021
GemmTunableOp_Half_TN,tn_320_1024_2560_ld_2560_2560_320,Gemm_Rocblas_-1086326128,0.12309
GemmTunableOp_Half_TN,tn_320_1025_10240_ld_10240_10240_320,Gemm_Rocblas_-1086326082,0.435467
GemmTunableOp_Half_TN,tn_320_1025_2560_ld_2560_2560_320,Gemm_Rocblas_-1086326128,0.125786
GemmTunableOp_Half_TN,tn_320_1026_10240_ld_10240_10240_320,Gemm_Rocblas_-1086326082,0.4244359940290451
GemmTunableOp_Half_TN,tn_320_1026_2560_ld_2560_2560_320,Gemm_Rocblas_-1086326128,0.11302399933338164
GemmTunableOp_Half_TN,tn_320_1027_10240_ld_10240_10240_320,Gemm_Rocblas_-1086326082,0.446597
GemmTunableOp_Half_TN,tn_320_1027_2560_ld_2560_2560_320,Gemm_Rocblas_-1086326128,0.122838
GemmTunableOp_Half_TN,tn_320_1028_10240_ld_10240_10240_320,Gemm_Rocblas_-1086326082,0.4306964010000229
GemmTunableOp_Half_TN,tn_320_1028_2560_ld_2560_2560_320,Gemm_Rocblas_-1086326128,0.12483209893107415
GemmTunableOp_Half_TN,tn_320_1029_10240_ld_10240_10240_320,Gemm_Rocblas_-1086326082,0.45484
GemmTunableOp_Half_TN,tn_320_1029_2560_ld_2560_2560_320,Gemm_Rocblas_-1086326128,0.131804
GemmTunableOp_Half_TN,tn_320_1030_10240_ld_10240_10240_320,Gemm_Rocblas_-1086326082,0.4291810989379883
GemmTunableOp_Half_TN,tn_320_1030_2560_ld_2560_2560_320,Gemm_Rocblas_-1086326128,0.12563209906220435
GemmTunableOp_Half_TN,tn_320_1031_10240_ld_10240_10240_320,Gemm_Rocblas_-1086326082,0.438767
GemmTunableOp_Half_TN,tn_320_1031_2560_ld_2560_2560_320,Gemm_Rocblas_-1086326128,0.128897
GemmTunableOp_Half_TN,tn_320_1033_10240_ld_10240_10240_320,Gemm_Rocblas_-1086326082,0.43360849618911745
GemmTunableOp_Half_TN,tn_320_1033_2560_ld_2560_2560_320,Gemm_Rocblas_-1086326128,0.1260042004287243
GemmTunableOp_Half_TN,tn_320_1036_10240_ld_10240_10240_320,Gemm_Rocblas_-1086326082,0.455753
GemmTunableOp_Half_TN,tn_320_1036_2560_ld_2560_2560_320,Gemm_Rocblas_-1086326128,0.131973
GemmTunableOp_Half_TN,tn_320_1039_10240_ld_10240_10240_320,Gemm_Rocblas_-1086326082,0.43192449808120725
GemmTunableOp_Half_TN,tn_320_1039_2560_ld_2560_2560_320,Gemm_Rocblas_-1086326128,0.12678009942173957
GemmTunableOp_Half_TN,tn_320_1042_10240_ld_10240_10240_320,Gemm_Rocblas_-1086326082,0.4340440988540649
GemmTunableOp_Half_TN,tn_320_1042_2560_ld_2560_2560_320,Gemm_Rocblas_-1086326128,0.127411
GemmTunableOp_Half_TN,tn_320_1045_10240_ld_10240_10240_320,Gemm_Rocblas_-1086326082,0.439119
GemmTunableOp_Half_TN,tn_320_1045_2560_ld_2560_2560_320,Gemm_Rocblas_-1086326083,0.131679
GemmTunableOp_Half_TN,tn_320_1088_10240_ld_10240_10240_320,Gemm_Rocblas_-1086326082,0.4378159999847412
GemmTunableOp_Half_TN,tn_320_1125_10240_ld_10240_10240_320,Gemm_Rocblas_-1086326084,0.463559
GemmTunableOp_Half_TN,tn_320_1125_2560_ld_2560_2560_320,Gemm_Rocblas_-1086326128,0.133558
GemmTunableOp_Half_TN,tn_320_121_10240_ld_10240_10240_320,Gemm_Rocblas_-1086326134,0.129718
GemmTunableOp_Half_TN,tn_320_121_2560_ld_2560_2560_320,Gemm_Rocblas_-1086326134,0.0459682
GemmTunableOp_Half_TN,tn_320_1264_10240_ld_10240_10240_320,Gemm_Rocblas_-1086326098,0.521503
GemmTunableOp_Half_TN,tn_320_1264_2560_ld_2560_2560_320,Gemm_Rocblas_-1086326078,0.142271
GemmTunableOp_Half_TN,tn_320_127_2560_ld_2560_2560_320,Gemm_Rocblas_-1086326129,0.042711999639868735
GemmTunableOp_Half_TN,tn_320_128_10240_ld_10240_10240_320,Gemm_Rocblas_-1086326134,0.12084799855947495
GemmTunableOp_Half_TN,tn_320_128_2560_ld_2560_2560_320,Gemm_Rocblas_-1086326129,0.041115999966859815
GemmTunableOp_Half_TN,tn_320_1295_10240_ld_10240_10240_320,Gemm_Rocblas_-1086326082,0.48746
GemmTunableOp_Half_TN,tn_320_1295_2560_ld_2560_2560_320,Gemm_Rocblas_-1086326062,0.145424
GemmTunableOp_Half_TN,tn_320_12_10240_ld_10240_10240_320,Gemm_Rocblas_-1086326214,0.0591872
GemmTunableOp_Half_TN,tn_320_12_2560_ld_2560_2560_320,Gemm_Rocblas_-1086326200,0.0237404
GemmTunableOp_Half_TN,tn_320_130_2560_ld_2560_2560_320,Gemm_Rocblas_-1086326132,0.04072800017893314
GemmTunableOp_Half_TN,tn_320_1323_10240_ld_10240_10240_320,Gemm_Rocblas_-1086326098,0.5280321955680848
GemmTunableOp_Half_TN,tn_320_1323_2560_ld_2560_2560_320,Gemm_Rocblas_-1086326062,0.145642
GemmTunableOp_Half_TN,tn_320_1324_10240_ld_10240_10240_320,Gemm_Rocblas_-1086326098,0.530794
GemmTunableOp_Half_TN,tn_320_1324_2560_ld_2560_2560_320,Gemm_Rocblas_-1086326062,0.144937
GemmTunableOp_Half_TN,tn_320_1325_10240_ld_10240_10240_320,Gemm_Rocblas_-1086326082,0.489372
GemmTunableOp_Half_TN,tn_320_1325_2560_ld_2560_2560_320,Gemm_Rocblas_-1086326062,0.144766
GemmTunableOp_Half_TN,tn_320_134_2560_ld_2560_2560_320,Gemm_Rocblas_-1086326134,0.04082400016486644
GemmTunableOp_Half_TN,tn_320_1392_10240_ld_10240_10240_320,Gemm_Rocblas_-1086326078,0.526777
GemmTunableOp_Half_TN,tn_320_1392_2560_ld_2560_2560_320,Gemm_Rocblas_-1086326062,0.141222
GemmTunableOp_Half_TN,tn_320_1399_10240_ld_10240_10240_320,Gemm_Rocblas_-1086326062,0.54648
GemmTunableOp_Half_TN,tn_320_1399_2560_ld_2560_2560_320,Gemm_Rocblas_-1086326098,0.151781
GemmTunableOp_Half_TN,tn_320_1445_10240_ld_10240_10240_320,Gemm_Rocblas_-1086326098,0.548996
GemmTunableOp_Half_TN,tn_320_1445_2560_ld_2560_2560_320,Gemm_Rocblas_-1086326098,0.149144
GemmTunableOp_Half_TN,tn_320_1495_10240_ld_10240_10240_320,Gemm_Rocblas_-1086326062,0.557718
GemmTunableOp_Half_TN,tn_320_1495_2560_ld_2560_2560_320,Gemm_Rocblas_-1086326077,0.157253
GemmTunableOp_Half_TN,tn_320_1693_10240_ld_10240_10240_320,Gemm_Rocblas_-1086326082,0.724076
GemmTunableOp_Half_TN,tn_320_1693_2560_ld_2560_2560_320,Gemm_Rocblas_-1086326122,0.187535
GemmTunableOp_Half_TN,tn_320_16_10240_ld_10240_10240_320,Gemm_Rocblas_-1086326214,0.0618968
GemmTunableOp_Half_TN,tn_320_16_2560_ld_2560_2560_320,Gemm_Rocblas_-1086326210,0.0245927
GemmTunableOp_Half_TN,tn_320_1792_10240_ld_10240_10240_320,Gemm_Rocblas_-1086326108,0.6977600038051606
GemmTunableOp_Half_TN,tn_320_1888_10240_ld_10240_10240_320,Gemm_Rocblas_-1086326084,0.753403
GemmTunableOp_Half_TN,tn_320_192_10240_ld_10240_10240_320,Gemm_Rocblas_-1086326140,0.12390400022268296
GemmTunableOp_Half_TN,tn_320_1968_10240_ld_10240_10240_320,Gemm_Rocblas_-1086326082,0.8251642048358917
GemmTunableOp_Half_TN,tn_320_1969_10240_ld_10240_10240_320,Gemm_Rocblas_-1086326082,0.7781642019748688
GemmTunableOp_Half_TN,tn_320_1_10240_ld_10240_10240_320,Gemm_Rocblas_-9,0.030315999686717984
GemmTunableOp_Half_TN,tn_320_1_2560_ld_2560_2560_320,Gemm_Rocblas_-9,0.016048000194132328
GemmTunableOp_Half_TN,tn_320_2045_10240_ld_10240_10240_320,Gemm_Rocblas_-1086326082,0.8045888006687164
GemmTunableOp_Half_TN,tn_320_2046_10240_ld_10240_10240_320,Gemm_Rocblas_-1086326082,0.835879
GemmTunableOp_Half_TN,tn_320_2047_10240_ld_10240_10240_320,Gemm_Rocblas_-1086326082,0.831791
GemmTunableOp_Half_TN,tn_320_2048_10240_ld_10240_10240_320,Gemm_Rocblas_-1086326082,0.8153922975063325
GemmTunableOp_Half_TN,tn_320_2048_2560_ld_2560_2560_320,Gemm_Rocblas_-1086326082,0.19585600048303603
GemmTunableOp_Half_TN,tn_320_2066_10240_ld_10240_10240_320,Gemm_Rocblas_-1086326128,0.836258
GemmTunableOp_Half_TN,tn_320_2069_10240_ld_10240_10240_320,Gemm_Rocblas_-1086326063,0.863618
GemmTunableOp_Half_TN,tn_320_225_10240_ld_10240_10240_320,Gemm_Rocblas_-1086326140,0.149812
GemmTunableOp_Half_TN,tn_320_225_2560_ld_2560_2560_320,Gemm_Rocblas_-1086326139,0.0538704
GemmTunableOp_Half_TN,tn_320_240_10240_ld_10240_10240_320,Gemm_Rocblas_-1086326134,0.143428
GemmTunableOp_Half_TN,tn_320_240_2560_ld_2560_2560_320,Gemm_Rocblas_-1086326139,0.0532232
GemmTunableOp_Half_TN,tn_320_24_10240_ld_10240_10240_320,Gemm_Rocblas_-1086326200,0.06331
GemmTunableOp_Half_TN,tn_320_24_2560_ld_2560_2560_320,Gemm_Rocblas_-1086326200,0.0246812
GemmTunableOp_Half_TN,tn_320_257_2560_ld_2560_2560_320,Gemm_Rocblas_-1086326136,0.052519999817013746
GemmTunableOp_Half_TN,tn_320_259_2560_ld_2560_2560_320,Gemm_Rocblas_-1086326139,0.05146799981594086
GemmTunableOp_Half_TN,tn_320_261_2560_ld_2560_2560_320,Gemm_Rocblas_-1086326139,0.05250400044023991
GemmTunableOp_Half_TN,tn_320_262_2560_ld_2560_2560_320,Gemm_Rocblas_-1086326139,0.05276800021529198
GemmTunableOp_Half_TN,tn_320_2_10240_ld_10240_10240_320,Gemm_Rocblas_-1086326214,0.058628099784255025
GemmTunableOp_Half_TN,tn_320_2_2560_ld_2560_2560_320,Gemm_Rocblas_-1086326200,0.027910000085830687
GemmTunableOp_Half_TN,tn_320_3073_10240_ld_10240_10240_320,Gemm_Rocblas_-1086326082,1.1289
GemmTunableOp_Half_TN,tn_320_3074_10240_ld_10240_10240_320,Gemm_Rocblas_-1086326082,1.15697
GemmTunableOp_Half_TN,tn_320_3075_10240_ld_10240_10240_320,Gemm_Rocblas_-1086326082,1.19526
GemmTunableOp_Half_TN,tn_320_3076_10240_ld_10240_10240_320,Gemm_Rocblas_-1086326082,1.17144
GemmTunableOp_Half_TN,tn_320_3077_10240_ld_10240_10240_320,Gemm_Rocblas_-1086326082,1.18565
GemmTunableOp_Half_TN,tn_320_3078_10240_ld_10240_10240_320,Gemm_Rocblas_-1086326082,1.19231
GemmTunableOp_Half_TN,tn_320_3079_10240_ld_10240_10240_320,Gemm_Rocblas_-1086326082,1.18616
GemmTunableOp_Half_TN,tn_320_3081_10240_ld_10240_10240_320,Gemm_Rocblas_-1086326082,1.19527
GemmTunableOp_Half_TN,tn_320_3084_10240_ld_10240_10240_320,Gemm_Rocblas_-1086326082,1.21495
GemmTunableOp_Half_TN,tn_320_3087_10240_ld_10240_10240_320,Gemm_Rocblas_-1086326082,1.20207
GemmTunableOp_Half_TN,tn_320_3090_10240_ld_10240_10240_320,Gemm_Rocblas_-1086326082,1.19474
GemmTunableOp_Half_TN,tn_320_3093_10240_ld_10240_10240_320,Gemm_Rocblas_-1086326082,1.19495
GemmTunableOp_Half_TN,tn_320_320_10240_ld_10240_10240_320,Gemm_Rocblas_-1086326140,0.14676800072193144
GemmTunableOp_Half_TN,tn_320_32_10240_ld_10240_10240_320,Gemm_Rocblas_-1086326200,0.0671097
GemmTunableOp_Half_TN,tn_320_32_2560_ld_2560_2560_320,Gemm_Rocblas_-1086326204,0.0254779
GemmTunableOp_Half_TN,tn_320_3_10240_ld_10240_10240_320,Gemm_Rocblas_-1086326201,0.058552100136876103
GemmTunableOp_Half_TN,tn_320_3_2560_ld_2560_2560_320,Gemm_Rocblas_-1086326200,0.025008000060915945
GemmTunableOp_Half_TN,tn_320_4096_10240_ld_10240_10240_320,Gemm_Rocblas_-1086326077,1.20561
GemmTunableOp_Half_TN,tn_320_43_10240_ld_10240_10240_320,Gemm_Rocblas_-1086326200,0.0874
GemmTunableOp_Half_TN,tn_320_43_2560_ld_2560_2560_320,Gemm_Rocblas_-1086326200,0.0342737
GemmTunableOp_Half_TN,tn_320_44_10240_ld_10240_10240_320,Gemm_Rocblas_-1086326210,0.0877411
GemmTunableOp_Half_TN,tn_320_44_2560_ld_2560_2560_320,Gemm_Rocblas_-1086326200,0.0344593
GemmTunableOp_Half_TN,tn_320_4_10240_ld_10240_10240_320,Gemm_Rocblas_-1086326214,0.058155999332666394
GemmTunableOp_Half_TN,tn_320_4_2560_ld_2560_2560_320,Gemm_Rocblas_-1086326201,0.027658999897539612
GemmTunableOp_Half_TN,tn_320_56_10240_ld_10240_10240_320,Gemm_Rocblas_-1086326202,0.0994972
GemmTunableOp_Half_TN,tn_320_56_2560_ld_2560_2560_320,Gemm_Rocblas_-1086326200,0.0378184
GemmTunableOp_Half_TN,tn_320_5_10240_ld_10240_10240_320,Gemm_Rocblas_-1086326214,0.057951999828219414
GemmTunableOp_Half_TN,tn_320_5_2560_ld_2560_2560_320,Gemm_Rocblas_-1086326214,0.025937000289559368
GemmTunableOp_Half_TN,tn_320_60_10240_ld_10240_10240_320,Gemm_Rocblas_-1086326202,0.0997828
GemmTunableOp_Half_TN,tn_320_60_2560_ld_2560_2560_320,Gemm_Rocblas_-1086326200,0.0379532
GemmTunableOp_Half_TN,tn_320_64_10240_ld_10240_10240_320,Gemm_Rocblas_-1086326202,0.103375
GemmTunableOp_Half_TN,tn_320_64_2560_ld_2560_2560_320,Gemm_Rocblas_-1086326204,0.0389709
GemmTunableOp_Half_TN,tn_320_65_2560_ld_2560_2560_320,Gemm_Rocblas_-1086326134,0.04092399962246418
GemmTunableOp_Half_TN,tn_320_66_2560_ld_2560_2560_320,Gemm_Rocblas_-1086326132,0.04065599925816059
GemmTunableOp_Half_TN,tn_320_67_2560_ld_2560_2560_320,Gemm_Rocblas_-1086326134,0.04073999971151352
GemmTunableOp_Half_TN,tn_320_68_2560_ld_2560_2560_320,Gemm_Rocblas_-1086326132,0.040295999869704245
GemmTunableOp_Half_TN,tn_320_692_10240_ld_10240_10240_320,Gemm_Rocblas_-1086326082,0.265256
GemmTunableOp_Half_TN,tn_320_692_2560_ld_2560_2560_320,Gemm_Rocblas_-1086326082,0.0870831
GemmTunableOp_Half_TN,tn_320_69_2560_ld_2560_2560_320,Gemm_Rocblas_-1086326129,0.04077999964356422
GemmTunableOp_Half_TN,tn_320_6_10240_ld_10240_10240_320,Gemm_Rocblas_-1086326214,0.0588639996945858
GemmTunableOp_Half_TN,tn_320_6_2560_ld_2560_2560_320,Gemm_Rocblas_-1086326200,0.025464000180363655
GemmTunableOp_Half_TN,tn_320_701_10240_ld_10240_10240_320,Gemm_Rocblas_-1086326082,0.273472
GemmTunableOp_Half_TN,tn_320_701_2560_ld_2560_2560_320,Gemm_Rocblas_-1086326082,0.0871861
GemmTunableOp_Half_TN,tn_320_704_10240_ld_10240_10240_320,Gemm_Rocblas_-1086326082,0.258739
GemmTunableOp_Half_TN,tn_320_704_2560_ld_2560_2560_320,Gemm_Rocblas_-1086326082,0.087186
GemmTunableOp_Half_TN,tn_320_70_2560_ld_2560_2560_320,Gemm_Rocblas_-1086326129,0.040423999726772304
GemmTunableOp_Half_TN,tn_320_71_2560_ld_2560_2560_320,Gemm_Rocblas_-1086326132,0.04006399996578693
GemmTunableOp_Half_TN,tn_320_784_10240_ld_10240_10240_320,Gemm_Rocblas_-1086326140,0.374791
GemmTunableOp_Half_TN,tn_320_784_2560_ld_2560_2560_320,Gemm_Rocblas_-1086326122,0.105975
GemmTunableOp_Half_TN,tn_320_788_10240_ld_10240_10240_320,Gemm_Rocblas_-1086326140,0.380391
GemmTunableOp_Half_TN,tn_320_788_2560_ld_2560_2560_320,Gemm_Rocblas_-1086326122,0.107712
GemmTunableOp_Half_TN,tn_320_789_10240_ld_10240_10240_320,Gemm_Rocblas_-1086326140,0.376324
GemmTunableOp_Half_TN,tn_320_789_2560_ld_2560_2560_320,Gemm_Rocblas_-1086326122,0.107294
GemmTunableOp_Half_TN,tn_320_7_10240_ld_10240_10240_320,Gemm_Rocblas_-1086326214,0.05864799991250038
GemmTunableOp_Half_TN,tn_320_7_2560_ld_2560_2560_320,Gemm_Rocblas_-1086326200,0.027149999886751174
GemmTunableOp_Half_TN,tn_320_804_10240_ld_10240_10240_320,Gemm_Rocblas_-1086326140,0.375911
GemmTunableOp_Half_TN,tn_320_804_2560_ld_2560_2560_320,Gemm_Rocblas_-1086326122,0.108125
GemmTunableOp_Half_TN,tn_320_8_10240_ld_10240_10240_320,Gemm_Rocblas_-1086326214,0.058704000338912
GemmTunableOp_Half_TN,tn_320_8_2560_ld_2560_2560_320,Gemm_Rocblas_-1086326200,0.02541600000113249
GemmTunableOp_Half_TN,tn_320_9_10240_ld_10240_10240_320,Gemm_Rocblas_-1086326214,0.0585996
GemmTunableOp_Half_TN,tn_320_9_2560_ld_2560_2560_320,Gemm_Rocblas_-1086326200,0.0236712
GemmTunableOp_Half_TN,tn_336_1024_10240_ld_10240_10240_336,Gemm_Rocblas_-1086326082,0.397346
GemmTunableOp_Half_TN,tn_336_1025_10240_ld_10240_10240_336,Gemm_Rocblas_-1086326082,0.43909610211849215
GemmTunableOp_Half_TN,tn_336_1026_10240_ld_10240_10240_336,Gemm_Rocblas_-1086326082,0.48005210161209105
GemmTunableOp_Half_TN,tn_336_1027_10240_ld_10240_10240_336,Gemm_Rocblas_-1086326082,0.38294
GemmTunableOp_Half_TN,tn_336_1028_10240_ld_10240_10240_336,Gemm_Rocblas_-1086326082,0.472088098526001
GemmTunableOp_Half_TN,tn_336_1029_10240_ld_10240_10240_336,Gemm_Rocblas_-1086326082,0.428047
GemmTunableOp_Half_TN,tn_336_1030_10240_ld_10240_10240_336,Gemm_Rocblas_-1086326082,0.43201209902763366
GemmTunableOp_Half_TN,tn_336_1031_10240_ld_10240_10240_336,Gemm_Rocblas_-1086326082,0.434947
GemmTunableOp_Half_TN,tn_336_1033_10240_ld_10240_10240_336,Gemm_Rocblas_-1086326082,0.4407522976398468
GemmTunableOp_Half_TN,tn_336_1036_10240_ld_10240_10240_336,Gemm_Rocblas_-1086326082,0.425622
GemmTunableOp_Half_TN,tn_336_1039_10240_ld_10240_10240_336,Gemm_Rocblas_-1086326082,0.44388429820537567
GemmTunableOp_Half_TN,tn_336_1042_10240_ld_10240_10240_336,Gemm_Rocblas_-1086326082,0.455212
GemmTunableOp_Half_TN,tn_336_1045_10240_ld_10240_10240_336,Gemm_Rocblas_-1086326082,0.457636
GemmTunableOp_Half_TN,tn_336_1088_10240_ld_10240_10240_336,Gemm_Rocblas_-1086326082,0.44793999195098877
GemmTunableOp_Half_TN,tn_336_1125_10240_ld_10240_10240_336,Gemm_Rocblas_-1086326084,0.466664
GemmTunableOp_Half_TN,tn_336_1152_10240_ld_10240_10240_336,Gemm_Rocblas_-1086326082,0.45649199187755585
GemmTunableOp_Half_TN,tn_336_1216_10240_ld_10240_10240_336,Gemm_Rocblas_-1086326082,0.4911038935184479
GemmTunableOp_Half_TN,tn_336_121_10240_ld_10240_10240_336,Gemm_Rocblas_-1086326139,0.128359
GemmTunableOp_Half_TN,tn_336_1264_10240_ld_10240_10240_336,Gemm_Rocblas_-1086326082,0.5146564066410064
GemmTunableOp_Half_TN,tn_336_1280_10240_ld_10240_10240_336,Gemm_Rocblas_-1086326082,0.5022199034690857
GemmTunableOp_Half_TN,tn_336_128_10240_ld_10240_10240_336,Gemm_Rocblas_-1086326140,0.12301200032234193
GemmTunableOp_Half_TN,tn_336_1295_10240_ld_10240_10240_336,Gemm_Rocblas_-1086326098,0.508412
GemmTunableOp_Half_TN,tn_336_12_10240_ld_10240_10240_336,Gemm_Rocblas_-1086326214,0.0588408
GemmTunableOp_Half_TN,tn_336_1323_10240_ld_10240_10240_336,Gemm_Rocblas_-1086326062,0.528958
GemmTunableOp_Half_TN,tn_336_1324_10240_ld_10240_10240_336,Gemm_Rocblas_-1086326062,0.528178
GemmTunableOp_Half_TN,tn_336_1325_10240_ld_10240_10240_336,Gemm_Rocblas_-1086326062,0.529184
GemmTunableOp_Half_TN,tn_336_1344_10240_ld_10240_10240_336,Gemm_Rocblas_-1086326078,0.5500678956508637
GemmTunableOp_Half_TN,tn_336_1392_10240_ld_10240_10240_336,Gemm_Rocblas_-1086326098,0.512137
GemmTunableOp_Half_TN,tn_336_1399_10240_ld_10240_10240_336,Gemm_Rocblas_-1086326124,0.582266
GemmTunableOp_Half_TN,tn_336_1408_10240_ld_10240_10240_336,Gemm_Rocblas_-1086326268,0.5603159070014954
GemmTunableOp_Half_TN,tn_336_1445_10240_ld_10240_10240_336,Gemm_Rocblas_-1086326046,0.563247
GemmTunableOp_Half_TN,tn_336_1472_10240_ld_10240_10240_336,Gemm_Rocblas_-1086326078,0.5742519021034241
GemmTunableOp_Half_TN,tn_336_1495_10240_ld_10240_10240_336,Gemm_Rocblas_-1086326078,0.606159
GemmTunableOp_Half_TN,tn_336_1536_10240_ld_10240_10240_336,Gemm_Rocblas_-1086326268,0.5730478882789614
GemmTunableOp_Half_TN,tn_336_1600_10240_ld_10240_10240_336,Gemm_Rocblas_-1086326082,0.7024238884449004
GemmTunableOp_Half_TN,tn_336_1664_10240_ld_10240_10240_336,Gemm_Rocblas_-1086326082,0.7163559079170227
GemmTunableOp_Half_TN,tn_336_1693_10240_ld_10240_10240_336,Gemm_Rocblas_-1086326082,0.756918
GemmTunableOp_Half_TN,tn_336_16_10240_ld_10240_10240_336,Gemm_Rocblas_-1086326214,0.0611848
GemmTunableOp_Half_TN,tn_336_1728_10240_ld_10240_10240_336,Gemm_Rocblas_-1086326082,0.6954239010810852
GemmTunableOp_Half_TN,tn_336_1792_10240_ld_10240_10240_336,Gemm_Rocblas_-1086326082,0.7137838900089264
GemmTunableOp_Half_TN,tn_336_1856_10240_ld_10240_10240_336,Gemm_Rocblas_-1086326085,0.7361878037452698
GemmTunableOp_Half_TN,tn_336_1888_10240_ld_10240_10240_336,Gemm_Rocblas_-1086326084,0.741109
GemmTunableOp_Half_TN,tn_336_1920_10240_ld_10240_10240_336,Gemm_Rocblas_-1086326085,0.7402678966522217
GemmTunableOp_Half_TN,tn_336_192_10240_ld_10240_10240_336,Gemm_Rocblas_-1086326134,0.12300000116229057
GemmTunableOp_Half_TN,tn_336_1968_10240_ld_10240_10240_336,Gemm_Rocblas_-1086326082,0.804749
GemmTunableOp_Half_TN,tn_336_1969_10240_ld_10240_10240_336,Gemm_Rocblas_-1086326082,0.7492725014686584
GemmTunableOp_Half_TN,tn_336_1984_10240_ld_10240_10240_336,Gemm_Rocblas_-1086326082,0.8035237967967988
GemmTunableOp_Half_TN,tn_336_1_10240_ld_10240_10240_336,Gemm_Rocblas_-9,0.028603999875485894
GemmTunableOp_Half_TN,tn_336_2045_10240_ld_10240_10240_336,Gemm_Rocblas_-1086326079,0.844708
GemmTunableOp_Half_TN,tn_336_2046_10240_ld_10240_10240_336,Gemm_Rocblas_-1086326079,0.811354
GemmTunableOp_Half_TN,tn_336_2047_10240_ld_10240_10240_336,Gemm_Rocblas_-1086326082,0.844708490371704
GemmTunableOp_Half_TN,tn_336_2048_10240_ld_10240_10240_336,Gemm_Rocblas_-1086326082,0.8549842000007629
GemmTunableOp_Half_TN,tn_336_2066_10240_ld_10240_10240_336,Gemm_Rocblas_-1086326123,0.8464240968227387
GemmTunableOp_Half_TN,tn_336_2069_10240_ld_10240_10240_336,Gemm_Rocblas_-1086326123,0.838725
GemmTunableOp_Half_TN,tn_336_225_10240_ld_10240_10240_336,Gemm_Rocblas_-1086326134,0.151287
GemmTunableOp_Half_TN,tn_336_240_10240_ld_10240_10240_336,Gemm_Rocblas_-1086326129,0.14713
GemmTunableOp_Half_TN,tn_336_24_10240_ld_10240_10240_336,Gemm_Rocblas_-1086326200,0.0643936
GemmTunableOp_Half_TN,tn_336_256_10240_ld_10240_10240_336,Gemm_Rocblas_-1086326140,0.1444839984178543
GemmTunableOp_Half_TN,tn_336_2_10240_ld_10240_10240_336,Gemm_Rocblas_-1086326214,0.05887999981641769
GemmTunableOp_Half_TN,tn_336_3073_10240_ld_10240_10240_336,Gemm_Rocblas_-1086326082,1.23704
GemmTunableOp_Half_TN,tn_336_3074_10240_ld_10240_10240_336,Gemm_Rocblas_-1086326082,1.16452
GemmTunableOp_Half_TN,tn_336_3075_10240_ld_10240_10240_336,Gemm_Rocblas_-1086326082,1.18509
GemmTunableOp_Half_TN,tn_336_3076_10240_ld_10240_10240_336,Gemm_Rocblas_-1086326082,1.14201
GemmTunableOp_Half_TN,tn_336_3077_10240_ld_10240_10240_336,Gemm_Rocblas_-1086326082,1.13862
GemmTunableOp_Half_TN,tn_336_3078_10240_ld_10240_10240_336,Gemm_Rocblas_-1086326082,1.14039
GemmTunableOp_Half_TN,tn_336_3079_10240_ld_10240_10240_336,Gemm_Rocblas_-1086326082,1.14606
GemmTunableOp_Half_TN,tn_336_3081_10240_ld_10240_10240_336,Gemm_Rocblas_-1086326082,1.18837
GemmTunableOp_Half_TN,tn_336_3084_10240_ld_10240_10240_336,Gemm_Rocblas_-1086326082,1.17781
GemmTunableOp_Half_TN,tn_336_3087_10240_ld_10240_10240_336,Gemm_Rocblas_-1086326082,1.22006
GemmTunableOp_Half_TN,tn_336_3090_10240_ld_10240_10240_336,Gemm_Rocblas_-1086326082,1.24827
GemmTunableOp_Half_TN,tn_336_3093_10240_ld_10240_10240_336,Gemm_Rocblas_-1086326082,1.25533
GemmTunableOp_Half_TN,tn_336_320_10240_ld_10240_10240_336,Gemm_Rocblas_-1086326129,0.14809999912977218
GemmTunableOp_Half_TN,tn_336_32_10240_ld_10240_10240_336,Gemm_Rocblas_-1086326204,0.0676965
GemmTunableOp_Half_TN,tn_336_384_10240_ld_10240_10240_336,Gemm_Rocblas_-1086326129,0.1540200024843216
GemmTunableOp_Half_TN,tn_336_3_10240_ld_10240_10240_336,Gemm_Rocblas_-1086326214,0.05865599997341633
GemmTunableOp_Half_TN,tn_336_4096_10240_ld_10240_10240_336,Gemm_Rocblas_-1086326077,1.38895
GemmTunableOp_Half_TN,tn_336_43_10240_ld_10240_10240_336,Gemm_Rocblas_-1086326210,0.0883636
GemmTunableOp_Half_TN,tn_336_448_10240_ld_10240_10240_336,Gemm_Rocblas_-1086326129,0.21304799765348434
GemmTunableOp_Half_TN,tn_336_44_10240_ld_10240_10240_336,Gemm_Rocblas_-1086326204,0.0884283
GemmTunableOp_Half_TN,tn_336_4_10240_ld_10240_10240_336,Gemm_Rocblas_-1086326214,0.05886799991130828
GemmTunableOp_Half_TN,tn_336_512_10240_ld_10240_10240_336,Gemm_Rocblas_-1086326129,0.22885189950466153
GemmTunableOp_Half_TN,tn_336_56_10240_ld_10240_10240_336,Gemm_Rocblas_-1086326202,0.099436
GemmTunableOp_Half_TN,tn_336_576_10240_ld_10240_10240_336,Gemm_Rocblas_-1086326082,0.22640399783849718
GemmTunableOp_Half_TN,tn_336_5_10240_ld_10240_10240_336,Gemm_Rocblas_-1086326214,0.05849199928343296
GemmTunableOp_Half_TN,tn_336_60_10240_ld_10240_10240_336,Gemm_Rocblas_-1086326202,0.1004
GemmTunableOp_Half_TN,tn_336_640_10240_ld_10240_10240_336,Gemm_Rocblas_-1086326082,0.23489999920129773
GemmTunableOp_Half_TN,tn_336_64_10240_ld_10240_10240_336,Gemm_Rocblas_-1086326202,0.103812
GemmTunableOp_Half_TN,tn_336_692_10240_ld_10240_10240_336,Gemm_Rocblas_-1086326082,0.260892
GemmTunableOp_Half_TN,tn_336_6_10240_ld_10240_10240_336,Gemm_Rocblas_-1086326214,0.05869999974966049
GemmTunableOp_Half_TN,tn_336_701_10240_ld_10240_10240_336,Gemm_Rocblas_-1086326082,0.267275
GemmTunableOp_Half_TN,tn_336_704_10240_ld_10240_10240_336,Gemm_Rocblas_-1086326082,0.263609
GemmTunableOp_Half_TN,tn_336_768_10240_ld_10240_10240_336,Gemm_Rocblas_-1086326082,0.259307998418808
GemmTunableOp_Half_TN,tn_336_784_10240_ld_10240_10240_336,Gemm_Rocblas_-1086326140,0.370599
GemmTunableOp_Half_TN,tn_336_788_10240_ld_10240_10240_336,Gemm_Rocblas_-1086326140,0.382887
GemmTunableOp_Half_TN,tn_336_789_10240_ld_10240_10240_336,Gemm_Rocblas_-1086326140,0.380136
GemmTunableOp_Half_TN,tn_336_7_10240_ld_10240_10240_336,Gemm_Rocblas_-1086326214,0.05897999927401542
GemmTunableOp_Half_TN,tn_336_804_10240_ld_10240_10240_336,Gemm_Rocblas_-1086326128,0.399367
GemmTunableOp_Half_TN,tn_336_832_10240_ld_10240_10240_336,Gemm_Rocblas_-1086326140,0.3847479999065399
GemmTunableOp_Half_TN,tn_336_896_10240_ld_10240_10240_336,Gemm_Rocblas_-1086326082,0.3988519996404648
GemmTunableOp_Half_TN,tn_336_8_10240_ld_10240_10240_336,Gemm_Rocblas_-1086326214,0.058883999660611155
GemmTunableOp_Half_TN,tn_336_960_10240_ld_10240_10240_336,Gemm_Rocblas_-1086326082,0.4082720011472702
GemmTunableOp_Half_TN,tn_336_9_10240_ld_10240_10240_336,Gemm_Rocblas_-1086326214,0.0586888
GemmTunableOp_Half_TN,tn_3584_1028_2560_ld_2560_2560_3584,Gemm_Rocblas_-1086326077,1.1340680122375488
GemmTunableOp_Half_TN,tn_3584_1031_2560_ld_2560_2560_3584,Gemm_Rocblas_-1086326045,1.0682120978832246
GemmTunableOp_Half_TN,tn_3584_12_2560_ld_2560_2560_3584,Gemm_Rocblas_-1086326284,0.0743304
GemmTunableOp_Half_TN,tn_3584_130_2560_ld_2560_2560_3584,Gemm_Rocblas_-1086326140,0.20752799957990647
GemmTunableOp_Half_TN,tn_3584_134_2560_ld_2560_2560_3584,Gemm_Rocblas_-1086326140,0.209443998336792
GemmTunableOp_Half_TN,tn_3584_1399_2560_ld_2560_2560_3584,Gemm_Rocblas_-1086326063,1.20049
GemmTunableOp_Half_TN,tn_3584_1693_2560_ld_2560_2560_3584,Gemm_Rocblas_-1086326063,1.42404
GemmTunableOp_Half_TN,tn_3584_16_2560_ld_2560_2560_3584,Gemm_Rocblas_-1086326282,0.0777878
GemmTunableOp_Half_TN,tn_3584_1786_2560_ld_2560_2560_3584,Gemm_Rocblas_-1086326063,1.3497076988220216
GemmTunableOp_Half_TN,tn_3584_1969_2560_ld_2560_2560_3584,Gemm_Rocblas_-1086326063,1.5845160126686095
GemmTunableOp_Half_TN,tn_3584_1_2560_ld_2560_2560_3584,Gemm_Rocblas_-9,0.04635199978947639
GemmTunableOp_Half_TN,tn_3584_2045_2560_ld_2560_2560_3584,Gemm_Rocblas_-1086326063,1.6012200117111206
GemmTunableOp_Half_TN,tn_3584_2048_2560_ld_2560_2560_3584,Gemm_Rocblas_-1086326063,1.5921519875526429
GemmTunableOp_Half_TN,tn_3584_2066_2560_ld_2560_2560_3584,Gemm_Rocblas_-1086326063,1.6689399123191835
GemmTunableOp_Half_TN,tn_3584_2069_2560_ld_2560_2560_3584,Gemm_Rocblas_-1086326063,1.6727198958396912
GemmTunableOp_Half_TN,tn_3584_225_2560_ld_2560_2560_3584,Gemm_Rocblas_-1086326277,0.261289
GemmTunableOp_Half_TN,tn_3584_240_2560_ld_2560_2560_3584,Gemm_Rocblas_-1086326277,0.247124
GemmTunableOp_Half_TN,tn_3584_24_2560_ld_2560_2560_3584,Gemm_Rocblas_-1086326246,0.0804224
GemmTunableOp_Half_TN,tn_3584_257_2560_ld_2560_2560_3584,Gemm_Rocblas_-1086326123,0.31617589592933654
GemmTunableOp_Half_TN,tn_3584_259_2560_ld_2560_2560_3584,Gemm_Rocblas_-1086326123,0.3197639018297196
GemmTunableOp_Half_TN,tn_3584_262_2560_ld_2560_2560_3584,Gemm_Rocblas_-1086326123,0.32195199728012086
GemmTunableOp_Half_TN,tn_3584_32_2560_ld_2560_2560_3584,Gemm_Rocblas_-1086326246,0.0848079
GemmTunableOp_Half_TN,tn_3584_4096_2560_ld_2560_2560_3584,Gemm_Rocblas_-1086326063,2.42429
GemmTunableOp_Half_TN,tn_3584_43_2560_ld_2560_2560_3584,Gemm_Rocblas_-1086326127,0.103016
GemmTunableOp_Half_TN,tn_3584_44_2560_ld_2560_2560_3584,Gemm_Rocblas_-1086326129,0.104056
GemmTunableOp_Half_TN,tn_3584_56_2560_ld_2560_2560_3584,Gemm_Rocblas_-1086326044,0.10939199924468994
GemmTunableOp_Half_TN,tn_3584_60_2560_ld_2560_2560_3584,Gemm_Rocblas_-1086326044,0.109024
GemmTunableOp_Half_TN,tn_3584_64_2560_ld_2560_2560_3584,Gemm_Rocblas_-1086326129,0.0916924
GemmTunableOp_Half_TN,tn_3584_65_2560_ld_2560_2560_3584,Gemm_Rocblas_-1086326078,0.14178789854049684
GemmTunableOp_Half_TN,tn_3584_66_2560_ld_2560_2560_3584,Gemm_Rocblas_-1086326133,0.1346559002995491
GemmTunableOp_Half_TN,tn_3584_67_2560_ld_2560_2560_3584,Gemm_Rocblas_-1086326078,0.14239600002765657
GemmTunableOp_Half_TN,tn_3584_68_2560_ld_2560_2560_3584,Gemm_Rocblas_-1086326078,0.14351989924907685
GemmTunableOp_Half_TN,tn_3584_692_2560_ld_2560_2560_3584,Gemm_Rocblas_-1086326077,0.650478
GemmTunableOp_Half_TN,tn_3584_69_2560_ld_2560_2560_3584,Gemm_Rocblas_-1086326078,0.14315199851989746
GemmTunableOp_Half_TN,tn_3584_701_2560_ld_2560_2560_3584,Gemm_Rocblas_-1086326077,0.663555
GemmTunableOp_Half_TN,tn_3584_704_2560_ld_2560_2560_3584,Gemm_Rocblas_-1086326077,0.6298520028591157
GemmTunableOp_Half_TN,tn_3584_70_2560_ld_2560_2560_3584,Gemm_Rocblas_-1086326078,0.14219599962234497
GemmTunableOp_Half_TN,tn_3584_71_2560_ld_2560_2560_3584,Gemm_Rocblas_-1086326078,0.14341199696063997
GemmTunableOp_Half_TN,tn_3584_784_2560_ld_2560_2560_3584,Gemm_Rocblas_-1086326077,0.7065560042858123
GemmTunableOp_Half_TN,tn_3584_788_2560_ld_2560_2560_3584,Gemm_Rocblas_-1086326077,0.7067519962787628
GemmTunableOp_Half_TN,tn_3584_789_2560_ld_2560_2560_3584,Gemm_Rocblas_-1086326061,0.648028
GemmTunableOp_Half_TN,tn_3584_804_2560_ld_2560_2560_3584,Gemm_Rocblas_-1086326077,0.7094879984855652
GemmTunableOp_Half_TN,tn_3584_9_2560_ld_2560_2560_3584,Gemm_Rocblas_-1086326157,0.0741315
GemmTunableOp_Half_TN,tn_4096_1025_2560_ld_2560_2560_4096,Gemm_Rocblas_-1086326277,1.03381
GemmTunableOp_Half_TN,tn_4096_1027_2560_ld_2560_2560_4096,Gemm_Rocblas_-1086326277,1.00025
GemmTunableOp_Half_TN,tn_4096_1028_2560_ld_2560_2560_4096,Gemm_Rocblas_-1086326045,1.158955991268158
GemmTunableOp_Half_TN,tn_4096_1029_2560_ld_2560_2560_4096,Gemm_Rocblas_-1086326277,0.915169
GemmTunableOp_Half_TN,tn_4096_1030_2560_ld_2560_2560_4096,Gemm_Rocblas_-1086326268,1.3035839915275573
GemmTunableOp_Half_TN,tn_4096_1031_2560_ld_2560_2560_4096,Gemm_Rocblas_-1086326277,0.953798
GemmTunableOp_Half_TN,tn_4096_1036_2560_ld_2560_2560_4096,Gemm_Rocblas_-1086326277,0.998875
GemmTunableOp_Half_TN,tn_4096_1042_2560_ld_2560_2560_4096,Gemm_Rocblas_-1086326277,1.00521
GemmTunableOp_Half_TN,tn_4096_1045_2560_ld_2560_2560_4096,Gemm_Rocblas_-1086326277,1.03194
GemmTunableOp_Half_TN,tn_4096_1125_2560_ld_2560_2560_4096,Gemm_Rocblas_-1086326277,1.03532
GemmTunableOp_Half_TN,tn_4096_121_2560_ld_2560_2560_4096,Gemm_Rocblas_-1086326098,0.162963
GemmTunableOp_Half_TN,tn_4096_1295_2560_ld_2560_2560_4096,Gemm_Rocblas_-1086326277,1.24072
GemmTunableOp_Half_TN,tn_4096_12_2560_ld_2560_2560_4096,Gemm_Rocblas_-1086326157,0.080224
GemmTunableOp_Half_TN,tn_4096_130_2560_ld_2560_2560_4096,Gemm_Rocblas_-1086326273,0.20903190076351166
GemmTunableOp_Half_TN,tn_4096_1323_2560_ld_2560_2560_4096,Gemm_Rocblas_-1086326277,1.23846
GemmTunableOp_Half_TN,tn_4096_1324_2560_ld_2560_2560_4096,Gemm_Rocblas_-1086326277,1.24052
GemmTunableOp_Half_TN,tn_4096_1325_2560_ld_2560_2560_4096,Gemm_Rocblas_-1086326277,1.22113
GemmTunableOp_Half_TN,tn_4096_134_2560_ld_2560_2560_4096,Gemm_Rocblas_-1086326273,0.21277589946985243
GemmTunableOp_Half_TN,tn_4096_1392_2560_ld_2560_2560_4096,Gemm_Rocblas_-1086326268,1.25811
GemmTunableOp_Half_TN,tn_4096_1399_2560_ld_2560_2560_4096,Gemm_Rocblas_-1086326277,1.2528
GemmTunableOp_Half_TN,tn_4096_16_2560_ld_2560_2560_4096,Gemm_Rocblas_-1086326157,0.0838263
GemmTunableOp_Half_TN,tn_4096_1888_2560_ld_2560_2560_4096,Gemm_Rocblas_-1086326268,1.71799
GemmTunableOp_Half_TN,tn_4096_1968_2560_ld_2560_2560_4096,Gemm_Rocblas_-1086326063,1.79632
GemmTunableOp_Half_TN,tn_4096_1969_2560_ld_2560_2560_4096,Gemm_Rocblas_-1086326063,1.8032680034637452
GemmTunableOp_Half_TN,tn_4096_1_2560_ld_2560_2560_4096,Gemm_Rocblas_-9,0.05096799992024899
GemmTunableOp_Half_TN,tn_4096_2045_2560_ld_2560_2560_4096,Gemm_Rocblas_-1086326063,1.78989
GemmTunableOp_Half_TN,tn_4096_2046_2560_ld_2560_2560_4096,Gemm_Rocblas_-1086326063,1.64521
GemmTunableOp_Half_TN,tn_4096_2047_2560_ld_2560_2560_4096,Gemm_Rocblas_-1086326063,1.703
GemmTunableOp_Half_TN,tn_4096_2048_2560_ld_2560_2560_4096,Gemm_Rocblas_-1086326063,1.80694
GemmTunableOp_Half_TN,tn_4096_2066_2560_ld_2560_2560_4096,Gemm_Rocblas_-1086326063,1.89469
GemmTunableOp_Half_TN,tn_4096_2069_2560_ld_2560_2560_4096,Gemm_Rocblas_-1086326047,1.73108
GemmTunableOp_Half_TN,tn_4096_225_2560_ld_2560_2560_4096,Gemm_Rocblas_-1086326277,0.268793
GemmTunableOp_Half_TN,tn_4096_240_2560_ld_2560_2560_4096,Gemm_Rocblas_-1086326277,0.258837
GemmTunableOp_Half_TN,tn_4096_24_2560_ld_2560_2560_4096,Gemm_Rocblas_-1086326246,0.081316
GemmTunableOp_Half_TN,tn_4096_257_2560_ld_2560_2560_4096,Gemm_Rocblas_-1086326077,0.35142400264739987
GemmTunableOp_Half_TN,tn_4096_259_2560_ld_2560_2560_4096,Gemm_Rocblas_-1086326077,0.3520879000425339
GemmTunableOp_Half_TN,tn_4096_261_2560_ld_2560_2560_4096,Gemm_Rocblas_-1086326268,0.35124389827251434
GemmTunableOp_Half_TN,tn_4096_262_2560_ld_2560_2560_4096,Gemm_Rocblas_-1086326077,0.35169990062713624
GemmTunableOp_Half_TN,tn_4096_3073_2560_ld_2560_2560_4096,Gemm_Rocblas_-1086326063,2.764490246772766
GemmTunableOp_Half_TN,tn_4096_3074_2560_ld_2560_2560_4096,Gemm_Rocblas_-1086326063,2.68794
GemmTunableOp_Half_TN,tn_4096_3075_2560_ld_2560_2560_4096,Gemm_Rocblas_-1086326063,2.66092
GemmTunableOp_Half_TN,tn_4096_3076_2560_ld_2560_2560_4096,Gemm_Rocblas_-1086326063,2.73606
GemmTunableOp_Half_TN,tn_4096_3077_2560_ld_2560_2560_4096,Gemm_Rocblas_-1086326063,2.62309
GemmTunableOp_Half_TN,tn_4096_3078_2560_ld_2560_2560_4096,Gemm_Rocblas_-1086326063,2.74694
GemmTunableOp_Half_TN,tn_4096_3079_2560_ld_2560_2560_4096,Gemm_Rocblas_-1086326063,2.76434
GemmTunableOp_Half_TN,tn_4096_3081_2560_ld_2560_2560_4096,Gemm_Rocblas_-1086326063,2.72015
GemmTunableOp_Half_TN,tn_4096_3084_2560_ld_2560_2560_4096,Gemm_Rocblas_-1086326063,2.66843
GemmTunableOp_Half_TN,tn_4096_3087_2560_ld_2560_2560_4096,Gemm_Rocblas_-1086326063,2.7783
GemmTunableOp_Half_TN,tn_4096_3090_2560_ld_2560_2560_4096,Gemm_Rocblas_-1086326047,2.8281097412109375
GemmTunableOp_Half_TN,tn_4096_3093_2560_ld_2560_2560_4096,Gemm_Rocblas_-1086326063,2.75278
GemmTunableOp_Half_TN,tn_4096_32_2560_ld_2560_2560_4096,Gemm_Rocblas_-1086326246,0.0863007
GemmTunableOp_Half_TN,tn_4096_43_2560_ld_2560_2560_4096,Gemm_Rocblas_-1086326096,0.111533
GemmTunableOp_Half_TN,tn_4096_44_2560_ld_2560_2560_4096,Gemm_Rocblas_-1086326140,0.110168
GemmTunableOp_Half_TN,tn_4096_56_2560_ld_2560_2560_4096,Gemm_Rocblas_-1086326044,0.109091
GemmTunableOp_Half_TN,tn_4096_60_2560_ld_2560_2560_4096,Gemm_Rocblas_-1086326123,0.113554
GemmTunableOp_Half_TN,tn_4096_64_2560_ld_2560_2560_4096,Gemm_Rocblas_-1086326129,0.100024
GemmTunableOp_Half_TN,tn_4096_65_2560_ld_2560_2560_4096,Gemm_Rocblas_-1086326078,0.1457758992910385
GemmTunableOp_Half_TN,tn_4096_66_2560_ld_2560_2560_4096,Gemm_Rocblas_-1086326078,0.1451118990778923
GemmTunableOp_Half_TN,tn_4096_67_2560_ld_2560_2560_4096,Gemm_Rocblas_-1086326078,0.14670790135860443
GemmTunableOp_Half_TN,tn_4096_68_2560_ld_2560_2560_4096,Gemm_Rocblas_-1086326078,0.14598799794912337
GemmTunableOp_Half_TN,tn_4096_69_2560_ld_2560_2560_4096,Gemm_Rocblas_-1086326078,0.14592789709568021
GemmTunableOp_Half_TN,tn_4096_70_2560_ld_2560_2560_4096,Gemm_Rocblas_-1086326078,0.14754799902439117
GemmTunableOp_Half_TN,tn_4096_71_2560_ld_2560_2560_4096,Gemm_Rocblas_-1086326078,0.14811599850654603
GemmTunableOp_Half_TN,tn_4096_784_2560_ld_2560_2560_4096,Gemm_Rocblas_-1086326277,0.793532
GemmTunableOp_Half_TN,tn_4096_788_2560_ld_2560_2560_4096,Gemm_Rocblas_-1086326277,0.810549
GemmTunableOp_Half_TN,tn_4096_789_2560_ld_2560_2560_4096,Gemm_Rocblas_-1086326277,0.804678
GemmTunableOp_Half_TN,tn_4096_804_2560_ld_2560_2560_4096,Gemm_Rocblas_-1086326277,0.814423
GemmTunableOp_Half_TN,tn_4096_9_2560_ld_2560_2560_4096,Gemm_Rocblas_-1086326194,0.0799064
GemmTunableOp_Half_TN,tn_512_1023_2560_ld_2560_2560_512,Gemm_Rocblas_-1086326046,0.13973200023174284
GemmTunableOp_Half_TN,tn_512_1024_2560_ld_2560_2560_512,Gemm_Rocblas_-1086326046,0.131509
GemmTunableOp_Half_TN,tn_512_1025_2560_ld_2560_2560_512,Gemm_Rocblas_-1086326046,0.131147
GemmTunableOp_Half_TN,tn_512_1026_2560_ld_2560_2560_512,Gemm_Rocblas_-1086326098,0.13760410100221632
GemmTunableOp_Half_TN,tn_512_1027_2560_ld_2560_2560_512,Gemm_Rocblas_-1086326046,0.131766
GemmTunableOp_Half_TN,tn_512_1028_2560_ld_2560_2560_512,Gemm_Rocblas_-1086326098,0.1370480999350548
GemmTunableOp_Half_TN,tn_512_1029_2560_ld_2560_2560_512,Gemm_Rocblas_-1086326098,0.13818809986114503
GemmTunableOp_Half_TN,tn_512_1030_2560_ld_2560_2560_512,Gemm_Rocblas_-1086326098,0.13771210014820098
GemmTunableOp_Half_TN,tn_512_1031_2560_ld_2560_2560_512,Gemm_Rocblas_-1086326046,0.133311
GemmTunableOp_Half_TN,tn_512_1033_2560_ld_2560_2560_512,Gemm_Rocblas_-1086326098,0.1376599997282028
GemmTunableOp_Half_TN,tn_512_1036_2560_ld_2560_2560_512,Gemm_Rocblas_-1086326045,0.137912
GemmTunableOp_Half_TN,tn_512_1039_2560_ld_2560_2560_512,Gemm_Rocblas_-1086326098,0.13829610049724578
GemmTunableOp_Half_TN,tn_512_1042_2560_ld_2560_2560_512,Gemm_Rocblas_-1086326045,0.136945
GemmTunableOp_Half_TN,tn_512_1045_2560_ld_2560_2560_512,Gemm_Rocblas_-1086326045,0.137185
GemmTunableOp_Half_TN,tn_512_1125_2560_ld_2560_2560_512,Gemm_Rocblas_-1086326045,0.138945
GemmTunableOp_Half_TN,tn_512_121_2560_ld_2560_2560_512,Gemm_Rocblas_-1086326129,0.0519346
GemmTunableOp_Half_TN,tn_512_1264_2560_ld_2560_2560_512,Gemm_Rocblas_-1086326128,0.1937040001153946
GemmTunableOp_Half_TN,tn_512_127_2560_ld_2560_2560_512,Gemm_Rocblas_-1086326129,0.05025600045919418
GemmTunableOp_Half_TN,tn_512_128_2560_ld_2560_2560_512,Gemm_Rocblas_-1086326134,0.04480799995362759
GemmTunableOp_Half_TN,tn_512_1295_2560_ld_2560_2560_512,Gemm_Rocblas_-1086326082,0.19458400160074235
GemmTunableOp_Half_TN,tn_512_12_2560_ld_2560_2560_512,Gemm_Rocblas_-1086326200,0.0243624
GemmTunableOp_Half_TN,tn_512_130_2560_ld_2560_2560_512,Gemm_Rocblas_-1086326128,0.04965999983251095
GemmTunableOp_Half_TN,tn_512_1323_2560_ld_2560_2560_512,Gemm_Rocblas_-1086326082,0.19632399827241898
GemmTunableOp_Half_TN,tn_512_1324_2560_ld_2560_2560_512,Gemm_Rocblas_-1086326082,0.20903199762105942
GemmTunableOp_Half_TN,tn_512_1325_2560_ld_2560_2560_512,Gemm_Rocblas_-1086326082,0.1978319972753525
GemmTunableOp_Half_TN,tn_512_134_2560_ld_2560_2560_512,Gemm_Rocblas_-1086326139,0.05027599968016148
GemmTunableOp_Half_TN,tn_512_1392_2560_ld_2560_2560_512,Gemm_Rocblas_-1086326082,0.20724409967660903
GemmTunableOp_Half_TN,tn_512_1399_2560_ld_2560_2560_512,Gemm_Rocblas_-1086326082,0.218444
GemmTunableOp_Half_TN,tn_512_1445_2560_ld_2560_2560_512,Gemm_Rocblas_-1086326082,0.2044481009244919
GemmTunableOp_Half_TN,tn_512_1495_2560_ld_2560_2560_512,Gemm_Rocblas_-1086326082,0.21271209865808488
GemmTunableOp_Half_TN,tn_512_1693_2560_ld_2560_2560_512,Gemm_Rocblas_-1086326097,0.246222
GemmTunableOp_Half_TN,tn_512_16_2560_ld_2560_2560_512,Gemm_Rocblas_-1086326204,0.0251639
GemmTunableOp_Half_TN,tn_512_1_2560_ld_2560_2560_512,Gemm_Rocblas_-9,0.015903999749571088
GemmTunableOp_Half_TN,tn_512_2045_2560_ld_2560_2560_512,Gemm_Rocblas_-1086326047,0.24769599735736847
GemmTunableOp_Half_TN,tn_512_2046_2560_ld_2560_2560_512,Gemm_Rocblas_-1086326047,0.2466879993677139
GemmTunableOp_Half_TN,tn_512_2047_2560_ld_2560_2560_512,Gemm_Rocblas_-1086326047,0.2466720998287201
GemmTunableOp_Half_TN,tn_512_2048_2560_ld_2560_2560_512,Gemm_Rocblas_-1086326063,0.227723
GemmTunableOp_Half_TN,tn_512_2066_2560_ld_2560_2560_512,Gemm_Rocblas_-1086326047,0.24716799855232238
GemmTunableOp_Half_TN,tn_512_2069_2560_ld_2560_2560_512,Gemm_Rocblas_-1086326047,0.24686810076236723
GemmTunableOp_Half_TN,tn_512_225_2560_ld_2560_2560_512,Gemm_Rocblas_-1086326129,0.0574644
GemmTunableOp_Half_TN,tn_512_240_2560_ld_2560_2560_512,Gemm_Rocblas_-1086326127,0.056498
GemmTunableOp_Half_TN,tn_512_24_2560_ld_2560_2560_512,Gemm_Rocblas_-1086326210,0.034068
GemmTunableOp_Half_TN,tn_512_257_2560_ld_2560_2560_512,Gemm_Rocblas_-1086326132,0.06501600109040737
GemmTunableOp_Half_TN,tn_512_259_2560_ld_2560_2560_512,Gemm_Rocblas_-1086326140,0.06483999900519848
GemmTunableOp_Half_TN,tn_512_261_2560_ld_2560_2560_512,Gemm_Rocblas_-1086326140,0.06505199819803237
GemmTunableOp_Half_TN,tn_512_262_2560_ld_2560_2560_512,Gemm_Rocblas_-1086326140,0.06494400054216386
GemmTunableOp_Half_TN,tn_512_2_2560_ld_2560_2560_512,Gemm_Rocblas_-1086326204,0.024803999997675418
GemmTunableOp_Half_TN,tn_512_32_2560_ld_2560_2560_512,Gemm_Rocblas_-1086326210,0.035174
GemmTunableOp_Half_TN,tn_512_3_2560_ld_2560_2560_512,Gemm_Rocblas_-1086326200,0.0276479996740818
GemmTunableOp_Half_TN,tn_512_43_2560_ld_2560_2560_512,Gemm_Rocblas_-1086326200,0.0440018
GemmTunableOp_Half_TN,tn_512_44_2560_ld_2560_2560_512,Gemm_Rocblas_-1086326200,0.041135999560356136
GemmTunableOp_Half_TN,tn_512_4_2560_ld_2560_2560_512,Gemm_Rocblas_-1086326200,0.026071999780833726
GemmTunableOp_Half_TN,tn_512_56_2560_ld_2560_2560_512,Gemm_Rocblas_-1086326205,0.0433952
GemmTunableOp_Half_TN,tn_512_5_2560_ld_2560_2560_512,Gemm_Rocblas_-1086326200,0.02542399987578392
GemmTunableOp_Half_TN,tn_512_60_2560_ld_2560_2560_512,Gemm_Rocblas_-1086326205,0.0435972
GemmTunableOp_Half_TN,tn_512_64_2560_ld_2560_2560_512,Gemm_Rocblas_-1086326211,0.0443302
GemmTunableOp_Half_TN,tn_512_65_2560_ld_2560_2560_512,Gemm_Rocblas_-1086326134,0.04296000003814697
GemmTunableOp_Half_TN,tn_512_66_2560_ld_2560_2560_512,Gemm_Rocblas_-1086326137,0.042371999844908706
GemmTunableOp_Half_TN,tn_512_67_2560_ld_2560_2560_512,Gemm_Rocblas_-1086326137,0.04281600005924702
GemmTunableOp_Half_TN,tn_512_68_2560_ld_2560_2560_512,Gemm_Rocblas_-1086326137,0.0422240000218153
GemmTunableOp_Half_TN,tn_512_692_2560_ld_2560_2560_512,Gemm_Rocblas_-1086326134,0.125259
GemmTunableOp_Half_TN,tn_512_69_2560_ld_2560_2560_512,Gemm_Rocblas_-1086326137,0.04276799932122231
GemmTunableOp_Half_TN,tn_512_6_2560_ld_2560_2560_512,Gemm_Rocblas_-1086326200,0.027682999894022942
GemmTunableOp_Half_TN,tn_512_701_2560_ld_2560_2560_512,Gemm_Rocblas_-1086326134,0.12632
GemmTunableOp_Half_TN,tn_512_704_2560_ld_2560_2560_512,Gemm_Rocblas_-1086326134,0.11472399905323982
GemmTunableOp_Half_TN,tn_512_70_2560_ld_2560_2560_512,Gemm_Rocblas_-1086326134,0.04230399988591671
GemmTunableOp_Half_TN,tn_512_71_2560_ld_2560_2560_512,Gemm_Rocblas_-1086326134,0.04231999926269053
GemmTunableOp_Half_TN,tn_512_784_2560_ld_2560_2560_512,Gemm_Rocblas_-1086326082,0.1256160005927086
GemmTunableOp_Half_TN,tn_512_788_2560_ld_2560_2560_512,Gemm_Rocblas_-1086326082,0.12582799866795538
GemmTunableOp_Half_TN,tn_512_789_2560_ld_2560_2560_512,Gemm_Rocblas_-1086326082,0.12490800097584724
GemmTunableOp_Half_TN,tn_512_7_2560_ld_2560_2560_512,Gemm_Rocblas_-1086326200,0.02651599980890751
GemmTunableOp_Half_TN,tn_512_804_2560_ld_2560_2560_512,Gemm_Rocblas_-1086326082,0.12902410030364989
GemmTunableOp_Half_TN,tn_512_8_2560_ld_2560_2560_512,Gemm_Rocblas_-1086326200,0.026515999995172023
GemmTunableOp_Half_TN,tn_512_9_2560_ld_2560_2560_512,Gemm_Rocblas_-1086326204,0.0243488
GemmTunableOp_Half_TN,tn_62080_10_2560_ld_2560_2560_62080,Gemm_Rocblas_-1086326159,1.12644
GemmTunableOp_Half_TN,tn_62080_11_2560_ld_2560_2560_62080,Gemm_Rocblas_-1086326177,1.13007
GemmTunableOp_Half_TN,tn_62080_12_2560_ld_2560_2560_62080,Gemm_Rocblas_-1086326177,1.055
GemmTunableOp_Half_TN,tn_62080_13_2560_ld_2560_2560_62080,Gemm_Rocblas_-1086326196,1.11294
GemmTunableOp_Half_TN,tn_62080_14_2560_ld_2560_2560_62080,Gemm_Rocblas_-1086326159,1.11342
GemmTunableOp_Half_TN,tn_62080_15_2560_ld_2560_2560_62080,Gemm_Rocblas_-1086326159,1.0722
GemmTunableOp_Half_TN,tn_62080_16_2560_ld_2560_2560_62080,Gemm_Rocblas_-1086326159,1.05159
GemmTunableOp_Half_TN,tn_62080_17_2560_ld_2560_2560_62080,Gemm_Rocblas_-1086326246,1.23769
GemmTunableOp_Half_TN,tn_62080_18_2560_ld_2560_2560_62080,Gemm_Rocblas_-1086326246,1.18268
GemmTunableOp_Half_TN,tn_62080_19_2560_ld_2560_2560_62080,Gemm_Rocblas_-1086326246,1.27031
GemmTunableOp_Half_TN,tn_62080_1_2560_ld_2560_2560_62080,Gemm_Rocblas_-9,0.8718318939208984
GemmTunableOp_Half_TN,tn_62080_20_2560_ld_2560_2560_62080,Gemm_Rocblas_-1086326246,1.2574
GemmTunableOp_Half_TN,tn_62080_21_2560_ld_2560_2560_62080,Gemm_Rocblas_-1086326246,1.21048
GemmTunableOp_Half_TN,tn_62080_22_2560_ld_2560_2560_62080,Gemm_Rocblas_-1086326246,1.20435
GemmTunableOp_Half_TN,tn_62080_24_2560_ld_2560_2560_62080,Gemm_Rocblas_-1086326246,1.3297557950019836
GemmTunableOp_Half_TN,tn_62080_2_2560_ld_2560_2560_62080,Gemm_Rocblas_-1086326223,0.9687278985977172
GemmTunableOp_Half_TN,tn_62080_32_2560_ld_2560_2560_62080,Gemm_Rocblas_-1086326064,1.19107
GemmTunableOp_Half_TN,tn_62080_3_2560_ld_2560_2560_62080,Gemm_Rocblas_-1086326223,0.9786518931388855
GemmTunableOp_Half_TN,tn_62080_4_2560_ld_2560_2560_62080,Gemm_Rocblas_-1086326223,0.9783999025821686
GemmTunableOp_Half_TN,tn_62080_5_2560_ld_2560_2560_62080,Gemm_Rocblas_-1086326221,1.0023638963699342
GemmTunableOp_Half_TN,tn_62080_6_2560_ld_2560_2560_62080,Gemm_Rocblas_-1086326221,1.0097798943519594
GemmTunableOp_Half_TN,tn_62080_7_2560_ld_2560_2560_62080,Gemm_Rocblas_-1086326221,1.0116638898849488
GemmTunableOp_Half_TN,tn_62080_8_2560_ld_2560_2560_62080,Gemm_Rocblas_-1086326223,1.0193878889083863
GemmTunableOp_Half_TN,tn_62080_9_2560_ld_2560_2560_62080,Gemm_Rocblas_-1086326282,1.03559
GemmTunableOp_Half_TN,tn_640_1023_2560_ld_2560_2560_640,Gemm_Rocblas_-1086326044,0.2003959000110626
GemmTunableOp_Half_TN,tn_640_1024_2560_ld_2560_2560_640,Gemm_Rocblas_-1086326082,0.1942
GemmTunableOp_Half_TN,tn_640_1025_2560_ld_2560_2560_640,Gemm_Rocblas_-1086326085,0.212356
GemmTunableOp_Half_TN,tn_640_1026_2560_ld_2560_2560_640,Gemm_Rocblas_-1086326083,0.19516009986400604
GemmTunableOp_Half_TN,tn_640_1027_2560_ld_2560_2560_640,Gemm_Rocblas_-1086326085,0.209648
GemmTunableOp_Half_TN,tn_640_1028_2560_ld_2560_2560_640,Gemm_Rocblas_-1086326083,0.19576410204172134
GemmTunableOp_Half_TN,tn_640_1029_2560_ld_2560_2560_640,Gemm_Rocblas_-1086326083,0.209874
GemmTunableOp_Half_TN,tn_640_1030_2560_ld_2560_2560_640,Gemm_Rocblas_-1086326083,0.19567610025405885
GemmTunableOp_Half_TN,tn_640_1031_2560_ld_2560_2560_640,Gemm_Rocblas_-1086326085,0.211978
GemmTunableOp_Half_TN,tn_640_1033_2560_ld_2560_2560_640,Gemm_Rocblas_-1086326083,0.1964960992336273
GemmTunableOp_Half_TN,tn_640_1036_2560_ld_2560_2560_640,Gemm_Rocblas_-1086326083,0.211256
GemmTunableOp_Half_TN,tn_640_1039_2560_ld_2560_2560_640,Gemm_Rocblas_-1086326083,0.19675210118293762
GemmTunableOp_Half_TN,tn_640_1042_2560_ld_2560_2560_640,Gemm_Rocblas_-1086326083,0.21354
GemmTunableOp_Half_TN,tn_640_1045_2560_ld_2560_2560_640,Gemm_Rocblas_-1086326085,0.214214
GemmTunableOp_Half_TN,tn_640_1125_2560_ld_2560_2560_640,Gemm_Rocblas_-1086326085,0.217071
GemmTunableOp_Half_TN,tn_640_121_2560_ld_2560_2560_640,Gemm_Rocblas_-1086326140,0.0560759
GemmTunableOp_Half_TN,tn_640_12300_2560_ld_2560_2560_640,Gemm_Rocblas_-1086326079,1.62338
GemmTunableOp_Half_TN,tn_640_12312_2560_ld_2560_2560_640,Gemm_Rocblas_-1086326079,1.65068
GemmTunableOp_Half_TN,tn_640_1264_2560_ld_2560_2560_640,Gemm_Rocblas_-1086326047,0.237952
GemmTunableOp_Half_TN,tn_640_127_2560_ld_2560_2560_640,Gemm_Rocblas_-1086326129,0.05304799973964691
GemmTunableOp_Half_TN,tn_640_128_2560_ld_2560_2560_640,Gemm_Rocblas_-1086326129,0.0507144
GemmTunableOp_Half_TN,tn_640_1295_2560_ld_2560_2560_640,Gemm_Rocblas_-1086326047,0.241499
GemmTunableOp_Half_TN,tn_640_12_2560_ld_2560_2560_640,Gemm_Rocblas_-1086326204,0.0250032
GemmTunableOp_Half_TN,tn_640_130_2560_ld_2560_2560_640,Gemm_Rocblas_-1086326134,0.05306389965116978
GemmTunableOp_Half_TN,tn_640_1323_2560_ld_2560_2560_640,Gemm_Rocblas_-1086326047,0.23759
GemmTunableOp_Half_TN,tn_640_1324_2560_ld_2560_2560_640,Gemm_Rocblas_-1086326047,0.240407
GemmTunableOp_Half_TN,tn_640_1325_2560_ld_2560_2560_640,Gemm_Rocblas_-1086326047,0.23821609616279601
GemmTunableOp_Half_TN,tn_640_134_2560_ld_2560_2560_640,Gemm_Rocblas_-1086326140,0.054255999624729156
GemmTunableOp_Half_TN,tn_640_1392_2560_ld_2560_2560_640,Gemm_Rocblas_-1086326047,0.236947
GemmTunableOp_Half_TN,tn_640_1399_2560_ld_2560_2560_640,Gemm_Rocblas_-1086326047,0.25075
GemmTunableOp_Half_TN,tn_640_1445_2560_ld_2560_2560_640,Gemm_Rocblas_-1086326047,0.237829
GemmTunableOp_Half_TN,tn_640_1495_2560_ld_2560_2560_640,Gemm_Rocblas_-1086326047,0.24105200022459028
GemmTunableOp_Half_TN,tn_640_16384_2560_ld_2560_2560_640,Gemm_Rocblas_-1086326063,1.65084
GemmTunableOp_Half_TN,tn_640_16_2560_ld_2560_2560_640,Gemm_Rocblas_-1086326204,0.024818
GemmTunableOp_Half_TN,tn_640_1888_2560_ld_2560_2560_640,Gemm_Rocblas_-1086326082,0.326803
GemmTunableOp_Half_TN,tn_640_1_2560_ld_2560_2560_640,Gemm_Rocblas_-9,0.01818000003695488
GemmTunableOp_Half_TN,tn_640_224_2560_ld_2560_2560_640,Gemm_Rocblas_-1086326134,0.069904
GemmTunableOp_Half_TN,tn_640_225_2560_ld_2560_2560_640,Gemm_Rocblas_-1086326134,0.0721542
GemmTunableOp_Half_TN,tn_640_240_2560_ld_2560_2560_640,Gemm_Rocblas_-1086326129,0.071636
GemmTunableOp_Half_TN,tn_640_24_2560_ld_2560_2560_640,Gemm_Rocblas_-1086326204,0.0373676
GemmTunableOp_Half_TN,tn_640_257_2560_ld_2560_2560_640,Gemm_Rocblas_-1086326134,0.07356399968266487
GemmTunableOp_Half_TN,tn_640_259_2560_ld_2560_2560_640,Gemm_Rocblas_-1086326129,0.07425999864935875
GemmTunableOp_Half_TN,tn_640_261_2560_ld_2560_2560_640,Gemm_Rocblas_-1086326129,0.07383599877357483
GemmTunableOp_Half_TN,tn_640_262_2560_ld_2560_2560_640,Gemm_Rocblas_-1086326129,0.07606799900531769
GemmTunableOp_Half_TN,tn_640_2_2560_ld_2560_2560_640,Gemm_Rocblas_-1086326200,0.028590999916195868
GemmTunableOp_Half_TN,tn_640_3073_2560_ld_2560_2560_640,Gemm_Rocblas_-1086326047,0.46862
GemmTunableOp_Half_TN,tn_640_3074_2560_ld_2560_2560_640,Gemm_Rocblas_-1086326047,0.468724
GemmTunableOp_Half_TN,tn_640_3075_2560_ld_2560_2560_640,Gemm_Rocblas_-1086326047,0.444512
GemmTunableOp_Half_TN,tn_640_3076_2560_ld_2560_2560_640,Gemm_Rocblas_-1086326047,0.430359
GemmTunableOp_Half_TN,tn_640_3077_2560_ld_2560_2560_640,Gemm_Rocblas_-1086326047,0.455917
GemmTunableOp_Half_TN,tn_640_3078_2560_ld_2560_2560_640,Gemm_Rocblas_-1086326047,0.469008
GemmTunableOp_Half_TN,tn_640_3079_2560_ld_2560_2560_640,Gemm_Rocblas_-1086326047,0.454941
GemmTunableOp_Half_TN,tn_640_3081_2560_ld_2560_2560_640,Gemm_Rocblas_-1086326063,0.470433
GemmTunableOp_Half_TN,tn_640_3084_2560_ld_2560_2560_640,Gemm_Rocblas_-1086326047,0.429115
GemmTunableOp_Half_TN,tn_640_3087_2560_ld_2560_2560_640,Gemm_Rocblas_-1086326047,0.464887
GemmTunableOp_Half_TN,tn_640_3090_2560_ld_2560_2560_640,Gemm_Rocblas_-1086326047,0.465877
GemmTunableOp_Half_TN,tn_640_3093_2560_ld_2560_2560_640,Gemm_Rocblas_-1086326047,0.464596
GemmTunableOp_Half_TN,tn_640_32_2560_ld_2560_2560_640,Gemm_Rocblas_-1086326202,0.0378556
GemmTunableOp_Half_TN,tn_640_3_2560_ld_2560_2560_640,Gemm_Rocblas_-1086326200,0.028397999331355093
GemmTunableOp_Half_TN,tn_640_4096_2560_ld_2560_2560_640,Gemm_Rocblas_-1086326277,0.599833
GemmTunableOp_Half_TN,tn_640_4108_2560_ld_2560_2560_640,Gemm_Rocblas_-1086326077,0.6076560974121094
GemmTunableOp_Half_TN,tn_640_4120_2560_ld_2560_2560_640,Gemm_Rocblas_-1086326077,0.6086603045463561
GemmTunableOp_Half_TN,tn_640_4132_2560_ld_2560_2560_640,Gemm_Rocblas_-1086326077,0.6199682056903839
GemmTunableOp_Half_TN,tn_640_4156_2560_ld_2560_2560_640,Gemm_Rocblas_-1086326077,0.6129881978034973
GemmTunableOp_Half_TN,tn_640_4168_2560_ld_2560_2560_640,Gemm_Rocblas_-1086326077,0.6110481977462769
GemmTunableOp_Half_TN,tn_640_4180_2560_ld_2560_2560_640,Gemm_Rocblas_-1086326077,0.6281041920185089
GemmTunableOp_Half_TN,tn_640_43_2560_ld_2560_2560_640,Gemm_Rocblas_-1086326129,0.047953
GemmTunableOp_Half_TN,tn_640_44_2560_ld_2560_2560_640,Gemm_Rocblas_-1086326140,0.0473394
GemmTunableOp_Half_TN,tn_640_48_2560_ld_2560_2560_640,Gemm_Rocblas_-1086326129,0.0457552
GemmTunableOp_Half_TN,tn_640_4_2560_ld_2560_2560_640,Gemm_Rocblas_-1086326200,0.027311999909579755
GemmTunableOp_Half_TN,tn_640_56_2560_ld_2560_2560_640,Gemm_Rocblas_-1086326140,0.0469256
GemmTunableOp_Half_TN,tn_640_5_2560_ld_2560_2560_640,Gemm_Rocblas_-1086326200,0.02878599986433983
GemmTunableOp_Half_TN,tn_640_60_2560_ld_2560_2560_640,Gemm_Rocblas_-1086326140,0.046652
GemmTunableOp_Half_TN,tn_640_64_2560_ld_2560_2560_640,Gemm_Rocblas_-1086326134,0.04184799939393997
GemmTunableOp_Half_TN,tn_640_65_2560_ld_2560_2560_640,Gemm_Rocblas_-1086326134,0.04904399961233139
GemmTunableOp_Half_TN,tn_640_66_2560_ld_2560_2560_640,Gemm_Rocblas_-1086326139,0.04940399974584579
GemmTunableOp_Half_TN,tn_640_67_2560_ld_2560_2560_640,Gemm_Rocblas_-1086326134,0.04956399947404862
GemmTunableOp_Half_TN,tn_640_68_2560_ld_2560_2560_640,Gemm_Rocblas_-1086326137,0.049383999034762385
GemmTunableOp_Half_TN,tn_640_692_2560_ld_2560_2560_640,Gemm_Rocblas_-1086326098,0.14804
GemmTunableOp_Half_TN,tn_640_69_2560_ld_2560_2560_640,Gemm_Rocblas_-1086326139,0.049027999863028526
GemmTunableOp_Half_TN,tn_640_6_2560_ld_2560_2560_640,Gemm_Rocblas_-1086326204,0.02594000045210123
GemmTunableOp_Half_TN,tn_640_701_2560_ld_2560_2560_640,Gemm_Rocblas_-1086326098,0.148949
GemmTunableOp_Half_TN,tn_640_704_2560_ld_2560_2560_640,Gemm_Rocblas_-1086326078,0.142274
GemmTunableOp_Half_TN,tn_640_70_2560_ld_2560_2560_640,Gemm_Rocblas_-1086326139,0.04941999986767769
GemmTunableOp_Half_TN,tn_640_71_2560_ld_2560_2560_640,Gemm_Rocblas_-1086326139,0.04948800019919872
GemmTunableOp_Half_TN,tn_640_784_2560_ld_2560_2560_640,Gemm_Rocblas_-1086326077,0.148874
GemmTunableOp_Half_TN,tn_640_788_2560_ld_2560_2560_640,Gemm_Rocblas_-1086326098,0.150464
GemmTunableOp_Half_TN,tn_640_789_2560_ld_2560_2560_640,Gemm_Rocblas_-1086326098,0.148544
GemmTunableOp_Half_TN,tn_640_7_2560_ld_2560_2560_640,Gemm_Rocblas_-1086326200,0.03049199990928173
GemmTunableOp_Half_TN,tn_640_804_2560_ld_2560_2560_640,Gemm_Rocblas_-1086326098,0.150536
GemmTunableOp_Half_TN,tn_640_8_2560_ld_2560_2560_640,Gemm_Rocblas_-1086326200,0.029709999822080134
GemmTunableOp_Half_TN,tn_640_96_2560_ld_2560_2560_640,Gemm_Rocblas_-1086326129,0.0523272
GemmTunableOp_Half_TN,tn_640_9_2560_ld_2560_2560_640,Gemm_Rocblas_-1086326204,0.031356000341475
GemmTunableOp_Half_TN,tn_864_6272_1152_ld_1152_1152_864,Gemm_Rocblas_-1086326036,0.377769
GemmTunableOp_Half_NN,nn_1024_1027_4096_ld_1024_4096_1024,Gemm_Rocblas_-1086328130,0.383043098449707
GemmTunableOp_Half_NN,nn_1024_1028_4096_ld_1024_4096_1024,Gemm_Rocblas_-1086328130,0.38391119837760923
GemmTunableOp_Half_NN,nn_1024_1172_4096_ld_1024_4096_1024,Gemm_Rocblas_-1086327943,0.4551403999328613
GemmTunableOp_Half_NN,nn_1024_1280_4096_ld_1024_4096_1024,Gemm_Rocblas_-1086327943,0.4627969026565552
GemmTunableOp_Half_NN,nn_1024_289_4096_ld_1024_4096_1024,Gemm_Rocblas_-1086327985,0.13842259794473646
GemmTunableOp_Half_NN,nn_1024_331_4096_ld_1024_4096_1024,Gemm_Rocblas_-1086327985,0.15871500074863434
GemmTunableOp_Half_NN,nn_1024_404_4096_ld_1024_4096_1024,Gemm_Rocblas_-1086327985,0.19001949727535247
GemmTunableOp_Half_NN,nn_1024_672_4096_ld_1024_4096_1024,Gemm_Rocblas_-1086327940,0.27324899733066554
GemmTunableOp_Half_NN,nn_1024_853_4096_ld_1024_4096_1024,Gemm_Rocblas_-1086327941,0.34334249794483185
GemmTunableOp_Half_NN,nn_1280_1024_10240_ld_1280_10240_1280,Gemm_Rocblas_-1086327941,1.142770004272461
GemmTunableOp_Half_NN,nn_1280_1039_10240_ld_1280_10240_1280,Gemm_Rocblas_-1086327941,1.104493296146393
GemmTunableOp_Half_NN,nn_1280_1042_10240_ld_1280_10240_1280,Gemm_Rocblas_-1086327941,1.2482161998748782
GemmTunableOp_Half_NN,nn_1280_1045_10240_ld_1280_10240_1280,Gemm_Rocblas_-1086327941,1.251180398464203
GemmTunableOp_Half_NN,nn_1280_1184_10240_ld_1280_10240_1280,Gemm_Rocblas_-1086327942,1.2588765978813172
GemmTunableOp_Half_NN,nn_1280_1202_10240_ld_1280_10240_1280,Gemm_Rocblas_-1086327942,1.4217919945716857
GemmTunableOp_Half_NN,nn_1280_1205_10240_ld_1280_10240_1280,Gemm_Rocblas_-1086327942,1.4233038067817687
GemmTunableOp_Half_NN,nn_1280_1254_10240_ld_1280_10240_1280,Gemm_Rocblas_-1086327942,1.270601010322571
GemmTunableOp_Half_NN,nn_1280_1263_10240_ld_1280_10240_1280,Gemm_Rocblas_-1086327942,1.4393361926078798
GemmTunableOp_Half_NN,nn_1280_1283_10240_ld_1280_10240_1280,Gemm_Rocblas_-1086327941,1.5554585933685305
GemmTunableOp_Half_NN,nn_1280_1289_10240_ld_1280_10240_1280,Gemm_Rocblas_-1086327941,1.5538105845451353
GemmTunableOp_Half_NN,nn_1280_1442_10240_ld_1280_10240_1280,Gemm_Rocblas_-1086327942,1.670536994934082
GemmTunableOp_Half_NN,nn_1280_1464_10240_ld_1280_10240_1280,Gemm_Rocblas_-1086327942,1.67730929851532
GemmTunableOp_Half_NN,nn_1280_1473_10240_ld_1280_10240_1280,Gemm_Rocblas_-1086327942,1.679009807109833
GemmTunableOp_Half_NN,nn_1280_1827_10240_ld_1280_10240_1280,Gemm_Rocblas_-1086328138,2.2623862981796266
GemmTunableOp_Half_NN,nn_1280_1836_10240_ld_1280_10240_1280,Gemm_Rocblas_-1086327936,2.2654265165328984
GemmTunableOp_Half_NN,nn_1280_1842_10240_ld_1280_10240_1280,Gemm_Rocblas_-1086328138,2.2633702754974365
GemmTunableOp_Half_NN,nn_1280_1987_10240_ld_1280_10240_1280,Gemm_Rocblas_-1086328138,2.3275517940521238
GemmTunableOp_Half_NN,nn_1280_1996_10240_ld_1280_10240_1280,Gemm_Rocblas_-1086328138,2.326988077163696
GemmTunableOp_Half_NN,nn_1280_1999_10240_ld_1280_10240_1280,Gemm_Rocblas_-1086328138,2.326840114593506
GemmTunableOp_Half_NN,nn_1280_2002_10240_ld_1280_10240_1280,Gemm_Rocblas_-1086327926,2.33073627948761
GemmTunableOp_Half_NN,nn_1280_2048_10240_ld_1280_10240_1280,Gemm_Rocblas_-1086328138,2.3284082889556883
GemmTunableOp_Half_NN,nn_1280_245_10240_ld_1280_10240_1280,Gemm_Rocblas_-1086327985,0.3321544021368027
GemmTunableOp_Half_NN,nn_1280_262_10240_ld_1280_10240_1280,Gemm_Rocblas_-1086327985,0.4045316994190216
GemmTunableOp_Half_NN,nn_1280_65_10240_ld_1280_10240_1280,Gemm_Rocblas_-1086327940,0.1800834000110626
GemmTunableOp_Half_NN,nn_1280_667_10240_ld_1280_10240_1280,Gemm_Rocblas_-1086327943,0.8483401000499726
GemmTunableOp_Half_NN,nn_1280_800_10240_ld_1280_10240_1280,Gemm_Rocblas_-1086327943,0.9836747944355011
GemmTunableOp_Half_NN,nn_1280_821_10240_ld_1280_10240_1280,Gemm_Rocblas_-1086327943,0.989246791601181
GemmTunableOp_Half_NN,nn_1280_845_10240_ld_1280_10240_1280,Gemm_Rocblas_-1086327943,0.9971430957317352
GemmTunableOp_Half_NN,nn_1536_1024_4096_ld_1536_4096_1536,Gemm_Rocblas_-1086328130,0.5636074900627136
GemmTunableOp_Half_NN,nn_1536_1027_4096_ld_1536_4096_1536,Gemm_Rocblas_-1086328130,0.5889725029468535
GemmTunableOp_Half_NN,nn_1536_1028_4096_ld_1536_4096_1536,Gemm_Rocblas_-1086328130,0.5893721997737884
GemmTunableOp_Half_NN,nn_1536_1030_4096_ld_1536_4096_1536,Gemm_Rocblas_-1086327921,0.5888722002506256
GemmTunableOp_Half_NN,nn_1536_1034_4096_ld_1536_4096_1536,Gemm_Rocblas_-1086328130,0.5878401875495911
GemmTunableOp_Half_NN,nn_1536_1037_4096_ld_1536_4096_1536,Gemm_Rocblas_-1086327921,0.5892961978912353
GemmTunableOp_Half_NN,nn_1536_1039_5120_ld_1536_5120_1536,Gemm_Rocblas_-1086328115,0.6995904982089997
GemmTunableOp_Half_NN,nn_1536_1042_5120_ld_1536_5120_1536,Gemm_Rocblas_-1086328115,0.699526596069336
GemmTunableOp_Half_NN,nn_1536_1045_5120_ld_1536_5120_1536,Gemm_Rocblas_-1086328115,0.7007669091224671
GemmTunableOp_Half_NN,nn_1536_1254_5120_ld_1536_5120_1536,Gemm_Rocblas_-1086327943,0.8918069958686828
GemmTunableOp_Half_NN,nn_1536_1263_5120_ld_1536_5120_1536,Gemm_Rocblas_-1086327943,0.8953188955783844
GemmTunableOp_Half_NN,nn_1536_1280_4096_ld_1536_4096_1536,Gemm_Rocblas_-1086328133,0.7210551977157592
GemmTunableOp_Half_NN,nn_1536_1283_5120_ld_1536_5120_1536,Gemm_Rocblas_-1086328116,0.9307794988155365
GemmTunableOp_Half_NN,nn_1536_1289_5120_ld_1536_5120_1536,Gemm_Rocblas_-1086328116,0.9312631964683533
GemmTunableOp_Half_NN,nn_1536_1827_5120_ld_1536_5120_1536,Gemm_Rocblas_-1086327921,1.1940730929374697
GemmTunableOp_Half_NN,nn_1536_1836_5120_ld_1536_5120_1536,Gemm_Rocblas_-1086327921,1.193489098548889
GemmTunableOp_Half_NN,nn_1536_1842_5120_ld_1536_5120_1536,Gemm_Rocblas_-1086327921,1.1946252942085265
GemmTunableOp_Half_NN,nn_1536_245_5120_ld_1536_5120_1536,Gemm_Rocblas_-1086327985,0.2109602987766266
GemmTunableOp_Half_NN,nn_1536_261_4096_ld_1536_4096_1536,Gemm_Rocblas_-1086327985,0.20049209892749786
GemmTunableOp_Half_NN,nn_1536_262_5120_ld_1536_5120_1536,Gemm_Rocblas_-1086327985,0.24738519936800002
GemmTunableOp_Half_NN,nn_1536_289_4096_ld_1536_4096_1536,Gemm_Rocblas_-1086327985,0.20676039904356003
GemmTunableOp_Half_NN,nn_1536_404_4096_ld_1536_4096_1536,Gemm_Rocblas_-1086327985,0.26868149936199187
GemmTunableOp_Half_NN,nn_1536_65_5120_ld_1536_5120_1536,Gemm_Rocblas_-1086327940,0.10251009911298752
GemmTunableOp_Half_NN,nn_1536_667_5120_ld_1536_5120_1536,Gemm_Rocblas_-1086327921,0.5062102973461151
GemmTunableOp_Half_NN,nn_1536_672_4096_ld_1536_4096_1536,Gemm_Rocblas_-1086327921,0.4064883947372437
GemmTunableOp_Half_NN,nn_1536_781_4096_ld_1536_4096_1536,Gemm_Rocblas_-1086327943,0.505106395483017
GemmTunableOp_Half_NN,nn_1536_800_5120_ld_1536_5120_1536,Gemm_Rocblas_-1086327943,0.6256291031837463
GemmTunableOp_Half_NN,nn_1536_821_5120_ld_1536_5120_1536,Gemm_Rocblas_-1086327943,0.627469003200531
GemmTunableOp_Half_NN,nn_1536_845_5120_ld_1536_5120_1536,Gemm_Rocblas_-1086327943,0.6309932053089142
GemmTunableOp_Half_NN,nn_1536_853_4096_ld_1536_4096_1536,Gemm_Rocblas_-1086327943,0.5186190068721771
GemmTunableOp_Half_NN,nn_1536_923_4096_ld_1536_4096_1536,Gemm_Rocblas_-1086327920,0.5572516918182373
GemmTunableOp_Half_NN,nn_1_1016_2048_ld_1_2048_1,Gemm_Rocblas_-9,0.020984299853444098
GemmTunableOp_Half_NN,nn_1_1024_2048_ld_1_2048_1,Gemm_Rocblas_-9,0.02136820014566183
GemmTunableOp_Half_NN,nn_1_1025_2048_ld_1_2048_1,Gemm_Rocblas_-9,0.020892299711704254
GemmTunableOp_Half_NN,nn_1_1027_2048_ld_1_2048_1,Gemm_Rocblas_-9,0.02131229992955923
GemmTunableOp_Half_NN,nn_1_1030_2048_ld_1_2048_1,Gemm_Rocblas_-9,0.020252300053834913
GemmTunableOp_Half_NN,nn_1_1033_2048_ld_1_2048_1,Gemm_Rocblas_-9,0.02148030009120703
GemmTunableOp_Half_NN,nn_1_1036_2048_ld_1_2048_1,Gemm_Rocblas_-9,0.020652199909090993
GemmTunableOp_Half_NN,nn_1_1037_2048_ld_1_2048_1,Gemm_Rocblas_-9,0.020280199870467187
GemmTunableOp_Half_NN,nn_1_1039_2048_ld_1_2048_1,Gemm_Rocblas_-9,0.020680299773812295
GemmTunableOp_Half_NN,nn_1_1042_2048_ld_1_2048_1,Gemm_Rocblas_-9,0.021328400261700152
GemmTunableOp_Half_NN,nn_1_1045_2048_ld_1_2048_1,Gemm_Rocblas_-9,0.020264399982988835
GemmTunableOp_Half_NN,nn_1_10_2048_ld_1_2048_1,Gemm_Rocblas_-9,0.013327999878674744
GemmTunableOp_Half_NN,nn_1_1197_2048_ld_1_2048_1,Gemm_Rocblas_-9,0.022300399839878082
GemmTunableOp_Half_NN,nn_1_11_2048_ld_1_2048_1,Gemm_Rocblas_-9,0.01333229998126626
GemmTunableOp_Half_NN,nn_1_1200_2048_ld_1_2048_1,Gemm_Rocblas_-9,0.021976300142705442
GemmTunableOp_Half_NN,nn_1_12_2048_ld_1_2048_1,Gemm_Rocblas_-9,0.013155999779701232
GemmTunableOp_Half_NN,nn_1_1378_2048_ld_1_2048_1,Gemm_Rocblas_-9,0.02333240006119013
GemmTunableOp_Half_NN,nn_1_13_2048_ld_1_2048_1,Gemm_Rocblas_-9,0.013232199940830469
GemmTunableOp_Half_NN,nn_1_15_2048_ld_1_2048_1,Gemm_Rocblas_-9,0.01318419985473156
GemmTunableOp_Half_NN,nn_1_16_2048_ld_1_2048_1,Gemm_Rocblas_-9,0.014844299852848053
GemmTunableOp_Half_NN,nn_1_17_2048_ld_1_2048_1,Gemm_Rocblas_-9,0.013112299982458355
GemmTunableOp_Half_NN,nn_1_1859_2048_ld_1_2048_1,Gemm_Rocblas_-9,0.030428499914705753
GemmTunableOp_Half_NN,nn_1_1865_2048_ld_1_2048_1,Gemm_Rocblas_-9,0.027488500066101554
GemmTunableOp_Half_NN,nn_1_18_2048_ld_1_2048_1,Gemm_Rocblas_-9,0.013872099854052067
GemmTunableOp_Half_NN,nn_1_1_2048_ld_1_2048_1,Gemm_Rocblas_-9,0.035964499786496164
GemmTunableOp_Half_NN,nn_1_2040_2048_ld_1_2048_1,Gemm_Rocblas_-9,0.031988399848341946
GemmTunableOp_Half_NN,nn_1_2048_2048_ld_1_2048_1,Gemm_Rocblas_-9,0.03203650023788213
GemmTunableOp_Half_NN,nn_1_20_2048_ld_1_2048_1,Gemm_Rocblas_-9,0.013095999788492917
GemmTunableOp_Half_NN,nn_1_225_2048_ld_1_2048_1,Gemm_Rocblas_-9,0.014660299941897392
GemmTunableOp_Half_NN,nn_1_24_2048_ld_1_2048_1,Gemm_Rocblas_-9,0.013447999861091376
GemmTunableOp_Half_NN,nn_1_25_2048_ld_1_2048_1,Gemm_Rocblas_-9,0.013244299963116647
GemmTunableOp_Half_NN,nn_1_262_2048_ld_1_2048_1,Gemm_Rocblas_-9,0.014828300103545189
GemmTunableOp_Half_NN,nn_1_26_2048_ld_1_2048_1,Gemm_Rocblas_-9,0.01341229984536767
GemmTunableOp_Half_NN,nn_1_29_2048_ld_1_2048_1,Gemm_Rocblas_-9,0.013404299970716238
GemmTunableOp_Half_NN,nn_1_2_2048_ld_1_2048_1,Gemm_Rocblas_-9,0.017608099896460772
GemmTunableOp_Half_NN,nn_1_32_2048_ld_1_2048_1,Gemm_Rocblas_-9,0.013688199967145919
GemmTunableOp_Half_NN,nn_1_34_2048_ld_1_2048_1,Gemm_Rocblas_-9,0.014007999934256075
GemmTunableOp_Half_NN,nn_1_354_2048_ld_1_2048_1,Gemm_Rocblas_-9,0.01616430003196001
GemmTunableOp_Half_NN,nn_1_37_2048_ld_1_2048_1,Gemm_Rocblas_-9,0.013500199932605029
GemmTunableOp_Half_NN,nn_1_3_2048_ld_1_2048_1,Gemm_Rocblas_-9,0.014940200001001358
GemmTunableOp_Half_NN,nn_1_413_2048_ld_1_2048_1,Gemm_Rocblas_-9,0.016964199766516686
GemmTunableOp_Half_NN,nn_1_420_2048_ld_1_2048_1,Gemm_Rocblas_-9,0.01632029991596937
GemmTunableOp_Half_NN,nn_1_427_2048_ld_1_2048_1,Gemm_Rocblas_-9,0.015988200157880782
GemmTunableOp_Half_NN,nn_1_4_2048_ld_1_2048_1,Gemm_Rocblas_-9,0.013416099827736616
GemmTunableOp_Half_NN,nn_1_58_2048_ld_1_2048_1,Gemm_Rocblas_-9,0.016508200112730267
GemmTunableOp_Half_NN,nn_1_5_2048_ld_1_2048_1,Gemm_Rocblas_-9,0.013340299949049951
GemmTunableOp_Half_NN,nn_1_63_2048_ld_1_2048_1,Gemm_Rocblas_-9,0.013596099894493818
GemmTunableOp_Half_NN,nn_1_6_2048_ld_1_2048_1,Gemm_Rocblas_-9,0.01320029990747571
GemmTunableOp_Half_NN,nn_1_7_2048_ld_1_2048_1,Gemm_Rocblas_-9,0.01341599989682436
GemmTunableOp_Half_NN,nn_1_823_2048_ld_1_2048_1,Gemm_Rocblas_-9,0.01898429989814758
GemmTunableOp_Half_NN,nn_1_835_2048_ld_1_2048_1,Gemm_Rocblas_-9,0.018444200046360493
GemmTunableOp_Half_NN,nn_1_8_2048_ld_1_2048_1,Gemm_Rocblas_-9,0.013268100004643202
GemmTunableOp_Half_NN,nn_1_9_2048_ld_1_2048_1,Gemm_Rocblas_-9,0.01316429991275072
GemmTunableOp_Half_NN,nn_256_1039_5120_ld_256_5120_256,Gemm_Rocblas_-1086327943,0.14289020001888275
GemmTunableOp_Half_NN,nn_256_1042_5120_ld_256_5120_256,Gemm_Rocblas_-1086327943,0.1432662010192871
GemmTunableOp_Half_NN,nn_256_1045_5120_ld_256_5120_256,Gemm_Rocblas_-1086327943,0.143470199406147
GemmTunableOp_Half_NN,nn_256_1184_5120_ld_256_5120_256,Gemm_Rocblas_-1086327985,0.1686588019132614
GemmTunableOp_Half_NN,nn_256_1202_5120_ld_256_5120_256,Gemm_Rocblas_-1086327985,0.16830669939517975
GemmTunableOp_Half_NN,nn_256_1205_5120_ld_256_5120_256,Gemm_Rocblas_-1086327985,0.1691224977374077
GemmTunableOp_Half_NN,nn_256_1254_5120_ld_256_5120_256,Gemm_Rocblas_-1086327985,0.17216269969940184
GemmTunableOp_Half_NN,nn_256_1263_5120_ld_256_5120_256,Gemm_Rocblas_-1086327985,0.17143469750881196
GemmTunableOp_Half_NN,nn_256_1283_5120_ld_256_5120_256,Gemm_Rocblas_-1086327985,0.17279480099678038
GemmTunableOp_Half_NN,nn_256_1289_5120_ld_256_5120_256,Gemm_Rocblas_-1086327985,0.17247460037469864
GemmTunableOp_Half_NN,nn_256_1442_5120_ld_256_5120_256,Gemm_Rocblas_-1086327943,0.19737519770860673
GemmTunableOp_Half_NN,nn_256_1464_5120_ld_256_5120_256,Gemm_Rocblas_-1086327941,0.19858330041170125
GemmTunableOp_Half_NN,nn_256_1473_5120_ld_256_5120_256,Gemm_Rocblas_-1086327941,0.19870319664478303
GemmTunableOp_Half_NN,nn_256_1574_5120_ld_256_5120_256,Gemm_Rocblas_-1086327941,0.20200739949941635
GemmTunableOp_Half_NN,nn_256_1600_5120_ld_256_5120_256,Gemm_Rocblas_-1086327941,0.20372700095176696
GemmTunableOp_Half_NN,nn_256_1612_5120_ld_256_5120_256,Gemm_Rocblas_-1086327941,0.2046432986855507
GemmTunableOp_Half_NN,nn_256_1615_5120_ld_256_5120_256,Gemm_Rocblas_-1086327941,0.20497520118951798
GemmTunableOp_Half_NN,nn_256_1618_5120_ld_256_5120_256,Gemm_Rocblas_-1086327943,0.20705939829349515
GemmTunableOp_Half_NN,nn_256_1621_5120_ld_256_5120_256,Gemm_Rocblas_-1086327941,0.2050911992788315
GemmTunableOp_Half_NN,nn_256_1645_5120_ld_256_5120_256,Gemm_Rocblas_-1086327943,0.20897949784994124
GemmTunableOp_Half_NN,nn_256_1827_5120_ld_256_5120_256,Gemm_Rocblas_-1086327985,0.24801199734210969
GemmTunableOp_Half_NN,nn_256_1836_5120_ld_256_5120_256,Gemm_Rocblas_-1086327940,0.24805199801921846
GemmTunableOp_Half_NN,nn_256_1842_5120_ld_256_5120_256,Gemm_Rocblas_-1086327985,0.24926410019397735
GemmTunableOp_Half_NN,nn_256_1987_5120_ld_256_5120_256,Gemm_Rocblas_-1086327916,0.25614830255508425
GemmTunableOp_Half_NN,nn_256_1996_5120_ld_256_5120_256,Gemm_Rocblas_-1086327943,0.2587199926376343
GemmTunableOp_Half_NN,nn_256_1999_5120_ld_256_5120_256,Gemm_Rocblas_-1086327941,0.2587925016880035
GemmTunableOp_Half_NN,nn_256_2002_5120_ld_256_5120_256,Gemm_Rocblas_-1086327943,0.2603883981704712
GemmTunableOp_Half_NN,nn_256_245_5120_ld_256_5120_256,Gemm_Rocblas_-1086327985,0.060668899491429326
GemmTunableOp_Half_NN,nn_256_667_5120_ld_256_5120_256,Gemm_Rocblas_-1086327945,0.10439359918236733
GemmTunableOp_Half_NN,nn_256_800_5120_ld_256_5120_256,Gemm_Rocblas_-1086327940,0.10708159953355789
GemmTunableOp_Half_NN,nn_256_821_5120_ld_256_5120_256,Gemm_Rocblas_-1086327940,0.10828969851136208
GemmTunableOp_Half_NN,nn_256_845_5120_ld_256_5120_256,Gemm_Rocblas_-1086327940,0.12921800166368483
GemmTunableOp_Half_NN,nn_3072_245_5120_ld_3072_5120_3072,Gemm_Rocblas_-1086327943,0.35026360154151914
GemmTunableOp_Half_NN,nn_3072_65_5120_ld_3072_5120_3072,Gemm_Rocblas_-1086328122,0.18860800117254256
GemmTunableOp_Half_NN,nn_4096_1037_2048_ld_4096_2048_4096,Gemm_Rocblas_-1086328130,0.7570044934749603
GemmTunableOp_Half_NN,nn_4096_261_2048_ld_4096_2048_4096,Gemm_Rocblas_-1086327985,0.2591296970844269
GemmTunableOp_Half_NN,nn_4096_289_2048_ld_4096_2048_4096,Gemm_Rocblas_-1086327920,0.2676577985286713
GemmTunableOp_Half_NN,nn_4096_289_512_ld_4096_512_4096,Gemm_Rocblas_-1086328193,0.0686214007437229
GemmTunableOp_Half_NN,nn_4096_331_2048_ld_4096_2048_4096,Gemm_Rocblas_-1086328132,0.28870999813079834
GemmTunableOp_Half_NN,nn_4352_1039_5120_ld_4352_5120_4352,Gemm_Rocblas_-1086327921,2.040104532241821
GemmTunableOp_Half_NN,nn_4352_1042_5120_ld_4352_5120_4352,Gemm_Rocblas_-1086327921,2.0445565938949586
GemmTunableOp_Half_NN,nn_4352_1045_5120_ld_4352_5120_4352,Gemm_Rocblas_-1086327921,2.0457004070281983
GemmTunableOp_Half_NN,nn_4352_1184_5120_ld_4352_5120_4352,Gemm_Rocblas_-1086328133,2.232480478286743
GemmTunableOp_Half_NN,nn_4352_1202_5120_ld_4352_5120_4352,Gemm_Rocblas_-1086328127,2.2375286340713503
GemmTunableOp_Half_NN,nn_4352_1205_5120_ld_4352_5120_4352,Gemm_Rocblas_-1086328133,2.2376165628433227
GemmTunableOp_Half_NN,nn_4352_1254_5120_ld_4352_5120_4352,Gemm_Rocblas_-1086328127,2.2512810230255127
GemmTunableOp_Half_NN,nn_4352_1263_5120_ld_4352_5120_4352,Gemm_Rocblas_-1086328133,2.2469810247421265
GemmTunableOp_Half_NN,nn_4352_1283_5120_ld_4352_5120_4352,Gemm_Rocblas_-1086327921,2.481142330169678
GemmTunableOp_Half_NN,nn_4352_1289_5120_ld_4352_5120_4352,Gemm_Rocblas_-1086327921,2.4811381101608276
GemmTunableOp_Half_NN,nn_4352_1442_5120_ld_4352_5120_4352,Gemm_Rocblas_-1086328131,2.667462428410848
GemmTunableOp_Half_NN,nn_4352_1464_5120_ld_4352_5120_4352,Gemm_Rocblas_-1086328179,2.7190548843807645
GemmTunableOp_Half_NN,nn_4352_1473_5120_ld_4352_5120_4352,Gemm_Rocblas_-1086328131,2.7236460049947104
GemmTunableOp_Half_NN,nn_4352_1574_5120_ld_4352_5120_4352,Gemm_Rocblas_-1086327921,2.970004618167877
GemmTunableOp_Half_NN,nn_4352_262_5120_ld_4352_5120_4352,Gemm_Rocblas_-1086328176,0.6623143970966339
GemmTunableOp_Half_NN,nn_4352_65_5120_ld_4352_5120_4352,Gemm_Rocblas_-1086327910,0.26157799959182737
GemmTunableOp_Half_NN,nn_4352_667_5120_ld_4352_5120_4352,Gemm_Rocblas_-1086328131,1.2287346005439757
GemmTunableOp_Half_NN,nn_4352_800_5120_ld_4352_5120_4352,Gemm_Rocblas_-1086327921,1.586694586277008
GemmTunableOp_Half_NN,nn_4352_821_5120_ld_4352_5120_4352,Gemm_Rocblas_-1086327921,1.5894986867904661
GemmTunableOp_Half_NN,nn_4352_845_5120_ld_4352_5120_4352,Gemm_Rocblas_-1086328177,1.5982106804847718
GemmTunableOp_Half_NN,nn_5120_245_4352_ld_5120_4352_5120,Gemm_Rocblas_-1086327943,0.5292396962642669
GemmTunableOp_Half_NN,nn_5120_65_1536_ld_5120_1536_5120,Gemm_Rocblas_-1086327940,0.09923419952392579
GemmTunableOp_Half_NN,nn_5120_65_4352_ld_5120_4352_5120,Gemm_Rocblas_-1086327985,0.2508775010704994
GemmTunableOp_Half_NN,nn_512_1039_5120_ld_512_5120_512,Gemm_Rocblas_-1086327943,0.2507880926132202
GemmTunableOp_Half_NN,nn_512_1042_5120_ld_512_5120_512,Gemm_Rocblas_-1086327943,0.2511603981256485
GemmTunableOp_Half_NN,nn_512_1045_5120_ld_512_5120_512,Gemm_Rocblas_-1086327943,0.2523324012756348
GemmTunableOp_Half_NN,nn_512_1184_5120_ld_512_5120_512,Gemm_Rocblas_-1086327985,0.2958371013402939
GemmTunableOp_Half_NN,nn_512_1202_5120_ld_512_5120_512,Gemm_Rocblas_-1086327985,0.2867890000343323
GemmTunableOp_Half_NN,nn_512_1205_5120_ld_512_5120_512,Gemm_Rocblas_-1086327985,0.28776899874210354
GemmTunableOp_Half_NN,nn_512_1254_5120_ld_512_5120_512,Gemm_Rocblas_-1086327985,0.31094129383563995
GemmTunableOp_Half_NN,nn_512_1263_5120_ld_512_5120_512,Gemm_Rocblas_-1086327985,0.31550950407981876
GemmTunableOp_Half_NN,nn_512_1283_5120_ld_512_5120_512,Gemm_Rocblas_-1086327941,0.3245817989110946
GemmTunableOp_Half_NN,nn_512_1289_5120_ld_512_5120_512,Gemm_Rocblas_-1086327941,0.324577596783638
GemmTunableOp_Half_NN,nn_512_1442_5120_ld_512_5120_512,Gemm_Rocblas_-1086327943,0.37318659722805025
GemmTunableOp_Half_NN,nn_512_1464_5120_ld_512_5120_512,Gemm_Rocblas_-1086327943,0.3750147968530655
GemmTunableOp_Half_NN,nn_512_1473_5120_ld_512_5120_512,Gemm_Rocblas_-1086327943,0.37409859895706177
GemmTunableOp_Half_NN,nn_512_1574_5120_ld_512_5120_512,Gemm_Rocblas_-1086327943,0.3830430001020432
GemmTunableOp_Half_NN,nn_512_1600_5120_ld_512_5120_512,Gemm_Rocblas_-1086327943,0.3861389011144638
GemmTunableOp_Half_NN,nn_512_1612_5120_ld_512_5120_512,Gemm_Rocblas_-1086327943,0.3890830010175705
GemmTunableOp_Half_NN,nn_512_1615_5120_ld_512_5120_512,Gemm_Rocblas_-1086327943,0.3890269994735718
GemmTunableOp_Half_NN,nn_512_1618_5120_ld_512_5120_512,Gemm_Rocblas_-1086327943,0.3886550009250641
GemmTunableOp_Half_NN,nn_512_1621_5120_ld_512_5120_512,Gemm_Rocblas_-1086327943,0.38957499861717226
GemmTunableOp_Half_NN,nn_512_1645_5120_ld_512_5120_512,Gemm_Rocblas_-1086327943,0.39109100103378297
GemmTunableOp_Half_NN,nn_512_1827_5120_ld_512_5120_512,Gemm_Rocblas_-1086327943,0.44433600306510923
GemmTunableOp_Half_NN,nn_512_1836_5120_ld_512_5120_512,Gemm_Rocblas_-1086327943,0.44435599744319915
GemmTunableOp_Half_NN,nn_512_1842_5120_ld_512_5120_512,Gemm_Rocblas_-1086327943,0.4455319941043854
GemmTunableOp_Half_NN,nn_512_245_5120_ld_512_5120_512,Gemm_Rocblas_-1086327940,0.08270139992237091
GemmTunableOp_Half_NN,nn_512_262_5120_ld_512_5120_512,Gemm_Rocblas_-1086327945,0.10142169892787933
GemmTunableOp_Half_NN,nn_512_667_5120_ld_512_5120_512,Gemm_Rocblas_-1086327985,0.17447899729013444
GemmTunableOp_Half_NN,nn_512_800_5120_ld_512_5120_512,Gemm_Rocblas_-1086327985,0.20768750160932542
GemmTunableOp_Half_NN,nn_512_821_5120_ld_512_5120_512,Gemm_Rocblas_-1086327985,0.2099235996603966
GemmTunableOp_Half_NN,nn_512_845_5120_ld_512_5120_512,Gemm_Rocblas_-1086327985,0.2339559957385063
GemmTunableOp_Half_NN,nn_8192_261_1024_ld_8192_1024_8192,Gemm_Rocblas_-1086327920,0.23720499873161316
GemmTunableOp_Half_NN,nn_8192_289_1024_ld_8192_1024_8192,Gemm_Rocblas_-1086327975,0.24658949822187426
GemmTunableOp_Half_TN,tn_128_1024_4096_ld_4096_4096_128,Gemm_Rocblas_-1086326134,0.07362520024180412
GemmTunableOp_Half_TN,tn_128_1027_4096_ld_4096_4096_128,Gemm_Rocblas_-1086326140,0.0738250993192196
GemmTunableOp_Half_TN,tn_128_1028_4096_ld_4096_4096_128,Gemm_Rocblas_-1086326140,0.07386920005083085
GemmTunableOp_Half_TN,tn_128_1030_4096_ld_4096_4096_128,Gemm_Rocblas_-1086326134,0.07416109889745713
GemmTunableOp_Half_TN,tn_128_1034_4096_ld_4096_4096_128,Gemm_Rocblas_-1086326134,0.07442520037293435
GemmTunableOp_Half_TN,tn_128_1037_4096_ld_4096_4096_128,Gemm_Rocblas_-1086326129,0.07386909872293473
GemmTunableOp_Half_TN,tn_128_1172_4096_ld_4096_4096_128,Gemm_Rocblas_-1086326134,0.0971774011850357
GemmTunableOp_Half_TN,tn_128_1280_4096_ld_4096_4096_128,Gemm_Rocblas_-1086326129,0.0970732994377613
GemmTunableOp_Half_TN,tn_128_155_4096_ld_4096_4096_128,Gemm_Rocblas_-1086326202,0.05122489966452122
GemmTunableOp_Half_TN,tn_128_16_4096_ld_4096_4096_128,Gemm_Rocblas_-1086326214,0.029485400207340716
GemmTunableOp_Half_TN,tn_128_17_4096_ld_4096_4096_128,Gemm_Rocblas_-1086326212,0.03163229953497648
GemmTunableOp_Half_TN,tn_128_18_4096_ld_4096_4096_128,Gemm_Rocblas_-1086326214,0.031048499047756195
GemmTunableOp_Half_TN,tn_128_1957_4096_ld_4096_4096_128,Gemm_Rocblas_-1086326129,0.12335789799690249
GemmTunableOp_Half_TN,tn_128_19_4096_ld_4096_4096_128,Gemm_Rocblas_-1086326214,0.031280300393700604
GemmTunableOp_Half_TN,tn_128_1_4096_ld_4096_4096_128,Gemm_Rocblas_-9,0.015248200017958879
GemmTunableOp_Half_TN,tn_128_2048_4096_ld_4096_4096_128,Gemm_Rocblas_-1086326129,0.12614599987864494
GemmTunableOp_Half_TN,tn_128_256_4096_ld_4096_4096_128,Gemm_Rocblas_-1086326141,0.058212899044156066
GemmTunableOp_Half_TN,tn_128_261_4096_ld_4096_4096_128,Gemm_Rocblas_-1086326129,0.05753279961645603
GemmTunableOp_Half_TN,tn_128_289_4096_ld_4096_4096_128,Gemm_Rocblas_-1086326129,0.06392100043594838
GemmTunableOp_Half_TN,tn_128_2_4096_ld_4096_4096_128,Gemm_Rocblas_-1086326201,0.028940499946475032
GemmTunableOp_Half_TN,tn_128_331_4096_ld_4096_4096_128,Gemm_Rocblas_-1086326134,0.05838890001177788
GemmTunableOp_Half_TN,tn_128_3_4096_ld_4096_4096_128,Gemm_Rocblas_-1086326201,0.02885639984160662
GemmTunableOp_Half_TN,tn_128_404_4096_ld_4096_4096_128,Gemm_Rocblas_-1086326140,0.060348900780081746
GemmTunableOp_Half_TN,tn_128_4_4096_ld_4096_4096_128,Gemm_Rocblas_-1086326201,0.02991649992763996
GemmTunableOp_Half_TN,tn_128_57_4096_ld_4096_4096_128,Gemm_Rocblas_-1086326204,0.038032799586653704
GemmTunableOp_Half_TN,tn_128_5_4096_ld_4096_4096_128,Gemm_Rocblas_-1086326214,0.029688500240445136
GemmTunableOp_Half_TN,tn_128_672_4096_ld_4096_4096_128,Gemm_Rocblas_-1086326139,0.07329310029745102
GemmTunableOp_Half_TN,tn_128_6_4096_ld_4096_4096_128,Gemm_Rocblas_-1086326214,0.028996599838137627
GemmTunableOp_Half_TN,tn_128_781_4096_ld_4096_4096_128,Gemm_Rocblas_-1086326140,0.07273309901356695
GemmTunableOp_Half_TN,tn_128_7_4096_ld_4096_4096_128,Gemm_Rocblas_-1086326214,0.03069660030305385
GemmTunableOp_Half_TN,tn_128_853_4096_ld_4096_4096_128,Gemm_Rocblas_-1086326129,0.07357309982180595
GemmTunableOp_Half_TN,tn_128_8_4096_ld_4096_4096_128,Gemm_Rocblas_-1086326214,0.03006149977445602
GemmTunableOp_Half_TN,tn_128_923_4096_ld_4096_4096_128,Gemm_Rocblas_-1086326134,0.07417709827423095
GemmTunableOp_Half_TN,tn_16_1016_2048_ld_2048_2048_16,Gemm_Rocblas_-1086326200,0.03669250011444092
GemmTunableOp_Half_TN,tn_16_1024_2048_ld_2048_2048_16,Gemm_Rocblas_-1086326214,0.0361764993518591
GemmTunableOp_Half_TN,tn_16_1025_2048_ld_2048_2048_16,Gemm_Rocblas_-1086326210,0.035880300030112264
GemmTunableOp_Half_TN,tn_16_1027_2048_ld_2048_2048_16,Gemm_Rocblas_-1086326200,0.03595659956336021
GemmTunableOp_Half_TN,tn_16_1030_2048_ld_2048_2048_16,Gemm_Rocblas_-1086326200,0.03694449961185455
GemmTunableOp_Half_TN,tn_16_1033_2048_ld_2048_2048_16,Gemm_Rocblas_-1086326210,0.035416600108146665
GemmTunableOp_Half_TN,tn_16_1036_2048_ld_2048_2048_16,Gemm_Rocblas_-1086326200,0.036048599705100055
GemmTunableOp_Half_TN,tn_16_1037_2048_ld_2048_2048_16,Gemm_Rocblas_-1086326200,0.03522849977016449
GemmTunableOp_Half_TN,tn_16_1039_2048_ld_2048_2048_16,Gemm_Rocblas_-1086326200,0.03585640005767345
GemmTunableOp_Half_TN,tn_16_1042_2048_ld_2048_2048_16,Gemm_Rocblas_-1086326210,0.03704439960420132
GemmTunableOp_Half_TN,tn_16_1045_2048_ld_2048_2048_16,Gemm_Rocblas_-1086326200,0.036076500266790386
GemmTunableOp_Half_TN,tn_16_1197_2048_ld_2048_2048_16,Gemm_Rocblas_-1086326210,0.04055639989674091
GemmTunableOp_Half_TN,tn_16_1200_2048_ld_2048_2048_16,Gemm_Rocblas_-1086326214,0.0400566004216671
GemmTunableOp_Half_TN,tn_16_12_2048_ld_2048_2048_16,Gemm_Rocblas_-1086326206,0.025108400173485278
GemmTunableOp_Half_TN,tn_16_1378_2048_ld_2048_2048_16,Gemm_Rocblas_-1086326157,0.0416924998164177
GemmTunableOp_Half_TN,tn_16_1859_2048_ld_2048_2048_16,Gemm_Rocblas_-1086326194,0.04373669996857643
GemmTunableOp_Half_TN,tn_16_1865_2048_ld_2048_2048_16,Gemm_Rocblas_-1086326284,0.043640599772334095
GemmTunableOp_Half_TN,tn_16_1_2048_ld_2048_2048_16,Gemm_Rocblas_-9,0.013128399848937988
GemmTunableOp_Half_TN,tn_16_2040_2048_ld_2048_2048_16,Gemm_Rocblas_-1086326282,0.04448469989001751
GemmTunableOp_Half_TN,tn_16_2048_2048_ld_2048_2048_16,Gemm_Rocblas_-1086326284,0.04374449998140335
GemmTunableOp_Half_TN,tn_16_225_2048_ld_2048_2048_16,Gemm_Rocblas_-1086326214,0.02532049994915724
GemmTunableOp_Half_TN,tn_16_24_2048_ld_2048_2048_16,Gemm_Rocblas_-1086326206,0.02439550030976534
GemmTunableOp_Half_TN,tn_16_25_2048_ld_2048_2048_16,Gemm_Rocblas_-1086326201,0.024565399810671806
GemmTunableOp_Half_TN,tn_16_262_2048_ld_2048_2048_16,Gemm_Rocblas_-1086326214,0.02598439995199442
GemmTunableOp_Half_TN,tn_16_26_2048_ld_2048_2048_16,Gemm_Rocblas_-1086326201,0.02575750015676022
GemmTunableOp_Half_TN,tn_16_29_2048_ld_2048_2048_16,Gemm_Rocblas_-1086326212,0.023953500017523763
GemmTunableOp_Half_TN,tn_16_2_2048_ld_2048_2048_16,Gemm_Rocblas_-1086326212,0.023835400119423866
GemmTunableOp_Half_TN,tn_16_32_2048_ld_2048_2048_16,Gemm_Rocblas_-1086326201,0.024242099933326246
GemmTunableOp_Half_TN,tn_16_34_2048_ld_2048_2048_16,Gemm_Rocblas_-1086326206,0.025578499957919124
GemmTunableOp_Half_TN,tn_16_354_2048_ld_2048_2048_16,Gemm_Rocblas_-1086326214,0.02469309996813536
GemmTunableOp_Half_TN,tn_16_37_2048_ld_2048_2048_16,Gemm_Rocblas_-1086326201,0.023040100000798702
GemmTunableOp_Half_TN,tn_16_3_2048_ld_2048_2048_16,Gemm_Rocblas_-1086326212,0.025162499770522116
GemmTunableOp_Half_TN,tn_16_413_2048_ld_2048_2048_16,Gemm_Rocblas_-1086326206,0.026551199890673165
GemmTunableOp_Half_TN,tn_16_420_2048_ld_2048_2048_16,Gemm_Rocblas_-1086326200,0.025856500118970872
GemmTunableOp_Half_TN,tn_16_427_2048_ld_2048_2048_16,Gemm_Rocblas_-1086326206,0.025608499906957148
GemmTunableOp_Half_TN,tn_16_4_2048_ld_2048_2048_16,Gemm_Rocblas_-1086326212,0.023724400065839292
GemmTunableOp_Half_TN,tn_16_58_2048_ld_2048_2048_16,Gemm_Rocblas_-1086326206,0.025021200254559516
GemmTunableOp_Half_TN,tn_16_5_2048_ld_2048_2048_16,Gemm_Rocblas_-1086326212,0.02540439981967211
GemmTunableOp_Half_TN,tn_16_63_2048_ld_2048_2048_16,Gemm_Rocblas_-1086326201,0.02610630001872778
GemmTunableOp_Half_TN,tn_16_6_2048_ld_2048_2048_16,Gemm_Rocblas_-1086326201,0.025146299973130226
GemmTunableOp_Half_TN,tn_16_7_2048_ld_2048_2048_16,Gemm_Rocblas_-1086326206,0.023408499732613563
GemmTunableOp_Half_TN,tn_16_823_2048_ld_2048_2048_16,Gemm_Rocblas_-1086326210,0.03240440022200346
GemmTunableOp_Half_TN,tn_16_835_2048_ld_2048_2048_16,Gemm_Rocblas_-1086326212,0.03180839978158474
GemmTunableOp_Half_TN,tn_16_8_2048_ld_2048_2048_16,Gemm_Rocblas_-1086326201,0.02436849996447563
GemmTunableOp_Half_TN,tn_2048_1016_1024_ld_1024_1024_2048,Gemm_Rocblas_-1086326268,0.17808399796485902
GemmTunableOp_Half_TN,tn_2048_1024_1024_ld_1024_1024_2048,Gemm_Rocblas_-1086326268,0.16451150178909302
GemmTunableOp_Half_TN,tn_2048_1024_128_ld_128_128_2048,Gemm_Rocblas_-1086326059,0.032848899625241755
GemmTunableOp_Half_TN,tn_2048_1025_1024_ld_1024_1024_2048,Gemm_Rocblas_-1086326268,0.17156350016593933
GemmTunableOp_Half_TN,tn_2048_1027_1024_ld_1024_1024_2048,Gemm_Rocblas_-1086326268,0.1723157986998558
GemmTunableOp_Half_TN,tn_2048_1030_1024_ld_1024_1024_2048,Gemm_Rocblas_-1086326268,0.17217170000076293
GemmTunableOp_Half_TN,tn_2048_1033_1024_ld_1024_1024_2048,Gemm_Rocblas_-1086326268,0.17201569825410842
GemmTunableOp_Half_TN,tn_2048_1036_1024_ld_1024_1024_2048,Gemm_Rocblas_-1086326268,0.17202759981155394
GemmTunableOp_Half_TN,tn_2048_1037_1024_ld_1024_1024_2048,Gemm_Rocblas_-1086326268,0.1722516983747482
GemmTunableOp_Half_TN,tn_2048_1039_1024_ld_1024_1024_2048,Gemm_Rocblas_-1086326268,0.1721916988492012
GemmTunableOp_Half_TN,tn_2048_1042_1024_ld_1024_1024_2048,Gemm_Rocblas_-1086326268,0.17273959964513777
GemmTunableOp_Half_TN,tn_2048_1045_1024_ld_1024_1024_2048,Gemm_Rocblas_-1086326268,0.17287940084934234
GemmTunableOp_Half_TN,tn_2048_1197_1024_ld_1024_1024_2048,Gemm_Rocblas_-1086326268,0.20913639813661578
GemmTunableOp_Half_TN,tn_2048_1200_1024_ld_1024_1024_2048,Gemm_Rocblas_-1086326268,0.20945239812135696
GemmTunableOp_Half_TN,tn_2048_12_1024_ld_1024_1024_2048,Gemm_Rocblas_-1086326175,0.027836599759757514
GemmTunableOp_Half_TN,tn_2048_1378_1024_ld_1024_1024_2048,Gemm_Rocblas_-1086326268,0.21517650038003922
GemmTunableOp_Half_TN,tn_2048_1859_1024_ld_1024_1024_2048,Gemm_Rocblas_-1086326268,0.3218389958143234
GemmTunableOp_Half_TN,tn_2048_1859_128_ld_128_128_2048,Gemm_Rocblas_-1086326071,0.05804939977824688
GemmTunableOp_Half_TN,tn_2048_1865_1024_ld_1024_1024_2048,Gemm_Rocblas_-1086326268,0.3245630025863647
GemmTunableOp_Half_TN,tn_2048_1865_128_ld_128_128_2048,Gemm_Rocblas_-1086326071,0.05806500017642975
GemmTunableOp_Half_TN,tn_2048_1_1024_ld_1024_1024_2048,Gemm_Rocblas_-9,0.022788400016725066
GemmTunableOp_Half_TN,tn_2048_2040_1024_ld_1024_1024_2048,Gemm_Rocblas_-1086326047,0.36537600159645084
GemmTunableOp_Half_TN,tn_2048_2040_128_ld_128_128_2048,Gemm_Rocblas_-1086326071,0.0630493987351656
GemmTunableOp_Half_TN,tn_2048_2048_1024_ld_1024_1024_2048,Gemm_Rocblas_-1086326047,0.35313139855861664
GemmTunableOp_Half_TN,tn_2048_2048_128_ld_128_128_2048,Gemm_Rocblas_-1086326045,0.058740999549627304
GemmTunableOp_Half_TN,tn_2048_225_1024_ld_1024_1024_2048,Gemm_Rocblas_-1086326060,0.06852960065007209
GemmTunableOp_Half_TN,tn_2048_24_1024_ld_1024_1024_2048,Gemm_Rocblas_-1086326246,0.03421299960464239
GemmTunableOp_Half_TN,tn_2048_25_1024_ld_1024_1024_2048,Gemm_Rocblas_-1086326246,0.03388099987059832
GemmTunableOp_Half_TN,tn_2048_262_1024_ld_1024_1024_2048,Gemm_Rocblas_-1086326044,0.08998200073838233
GemmTunableOp_Half_TN,tn_2048_26_1024_ld_1024_1024_2048,Gemm_Rocblas_-1086326246,0.034148799441754814
GemmTunableOp_Half_TN,tn_2048_29_1024_ld_1024_1024_2048,Gemm_Rocblas_-1086326246,0.034153000079095365
GemmTunableOp_Half_TN,tn_2048_2_1024_ld_1024_1024_2048,Gemm_Rocblas_-1086326282,0.027936699613928796
GemmTunableOp_Half_TN,tn_2048_32_1024_ld_1024_1024_2048,Gemm_Rocblas_-1086326246,0.03343660011887551
GemmTunableOp_Half_TN,tn_2048_34_1024_ld_1024_1024_2048,Gemm_Rocblas_-1086326134,0.042052900046110155
GemmTunableOp_Half_TN,tn_2048_354_1024_ld_1024_1024_2048,Gemm_Rocblas_-1086326044,0.09222589954733848
GemmTunableOp_Half_TN,tn_2048_354_128_ld_128_128_2048,Gemm_Rocblas_-1086326262,0.020956499874591826
GemmTunableOp_Half_TN,tn_2048_37_1024_ld_1024_1024_2048,Gemm_Rocblas_-1086326246,0.04190489985048771
GemmTunableOp_Half_TN,tn_2048_3_1024_ld_1024_1024_2048,Gemm_Rocblas_-1086326194,0.027824699878692627
GemmTunableOp_Half_TN,tn_2048_413_1024_ld_1024_1024_2048,Gemm_Rocblas_-1086326277,0.09839800000190735
GemmTunableOp_Half_TN,tn_2048_420_1024_ld_1024_1024_2048,Gemm_Rocblas_-1086326277,0.09901819974184037
GemmTunableOp_Half_TN,tn_2048_427_1024_ld_1024_1024_2048,Gemm_Rocblas_-1086326277,0.09915039911866187
GemmTunableOp_Half_TN,tn_2048_4_1024_ld_1024_1024_2048,Gemm_Rocblas_-1086326282,0.028040599822998048
GemmTunableOp_Half_TN,tn_2048_58_1024_ld_1024_1024_2048,Gemm_Rocblas_-1086326246,0.04261300005018711
GemmTunableOp_Half_TN,tn_2048_5_1024_ld_1024_1024_2048,Gemm_Rocblas_-1086326282,0.027920500189065934
GemmTunableOp_Half_TN,tn_2048_63_1024_ld_1024_1024_2048,Gemm_Rocblas_-1086326246,0.04226489998400212
GemmTunableOp_Half_TN,tn_2048_6_1024_ld_1024_1024_2048,Gemm_Rocblas_-1086326282,0.027984599769115447
GemmTunableOp_Half_TN,tn_2048_7_1024_ld_1024_1024_2048,Gemm_Rocblas_-1086326282,0.0281445000320673
GemmTunableOp_Half_TN,tn_2048_8_1024_ld_1024_1024_2048,Gemm_Rocblas_-1086326282,0.028584499843418598
GemmTunableOp_Half_TN,tn_24_1016_5120_ld_5120_5120_24,Gemm_Rocblas_-1086326202,0.06998099945485592
GemmTunableOp_Half_TN,tn_24_1027_5120_ld_5120_5120_24,Gemm_Rocblas_-1086326139,0.07005299925804138
GemmTunableOp_Half_TN,tn_24_1028_5120_ld_5120_5120_24,Gemm_Rocblas_-1086326139,0.07007699906826019
GemmTunableOp_Half_TN,tn_24_1029_5120_ld_5120_5120_24,Gemm_Rocblas_-1086326139,0.07008099853992461
GemmTunableOp_Half_TN,tn_24_1030_5120_ld_5120_5120_24,Gemm_Rocblas_-1086326139,0.07020500004291536
GemmTunableOp_Half_TN,tn_24_1039_5120_ld_5120_5120_24,Gemm_Rocblas_-1086326139,0.0696930006146431
GemmTunableOp_Half_TN,tn_24_1042_5120_ld_5120_5120_24,Gemm_Rocblas_-1086326139,0.06966920047998429
GemmTunableOp_Half_TN,tn_24_1045_5120_ld_5120_5120_24,Gemm_Rocblas_-1086326202,0.07010900042951107
GemmTunableOp_Half_TN,tn_24_1184_5120_ld_5120_5120_24,Gemm_Rocblas_-1086326139,0.0833732008934021
GemmTunableOp_Half_TN,tn_24_1197_5120_ld_5120_5120_24,Gemm_Rocblas_-1086326139,0.0834971994161606
GemmTunableOp_Half_TN,tn_24_11_5120_ld_5120_5120_24,Gemm_Rocblas_-1086326206,0.03098839968442917
GemmTunableOp_Half_TN,tn_24_1202_5120_ld_5120_5120_24,Gemm_Rocblas_-1086326139,0.08282520100474357
GemmTunableOp_Half_TN,tn_24_1205_5120_ld_5120_5120_24,Gemm_Rocblas_-1086326139,0.08316919952630997
GemmTunableOp_Half_TN,tn_24_1254_5120_ld_5120_5120_24,Gemm_Rocblas_-1086326139,0.08310929909348488
GemmTunableOp_Half_TN,tn_24_1263_5120_ld_5120_5120_24,Gemm_Rocblas_-1086326139,0.08374920040369034
GemmTunableOp_Half_TN,tn_24_1283_5120_ld_5120_5120_24,Gemm_Rocblas_-1086326139,0.08379720076918602
GemmTunableOp_Half_TN,tn_24_1289_5120_ld_5120_5120_24,Gemm_Rocblas_-1086326139,0.08474919870495796
GemmTunableOp_Half_TN,tn_24_12_5120_ld_5120_5120_24,Gemm_Rocblas_-1086326201,0.030964499711990355
GemmTunableOp_Half_TN,tn_24_13_5120_ld_5120_5120_24,Gemm_Rocblas_-1086326214,0.031396399810910226
GemmTunableOp_Half_TN,tn_24_1442_5120_ld_5120_5120_24,Gemm_Rocblas_-1086326139,0.08435719981789588
GemmTunableOp_Half_TN,tn_24_1464_5120_ld_5120_5120_24,Gemm_Rocblas_-1086326139,0.08440520018339158
GemmTunableOp_Half_TN,tn_24_1473_5120_ld_5120_5120_24,Gemm_Rocblas_-1086326139,0.08426109999418259
GemmTunableOp_Half_TN,tn_24_14_5120_ld_5120_5120_24,Gemm_Rocblas_-1086326214,0.030920499935746193
GemmTunableOp_Half_TN,tn_24_1574_5120_ld_5120_5120_24,Gemm_Rocblas_-1086326139,0.08450530096888542
GemmTunableOp_Half_TN,tn_24_15_5120_ld_5120_5120_24,Gemm_Rocblas_-1086326201,0.031084400042891508
GemmTunableOp_Half_TN,tn_24_1600_5120_ld_5120_5120_24,Gemm_Rocblas_-1086326139,0.08476129919290543
GemmTunableOp_Half_TN,tn_24_1612_5120_ld_5120_5120_24,Gemm_Rocblas_-1086326139,0.08443320095539092
GemmTunableOp_Half_TN,tn_24_1615_5120_ld_5120_5120_24,Gemm_Rocblas_-1086326139,0.08453720062971115
GemmTunableOp_Half_TN,tn_24_1618_5120_ld_5120_5120_24,Gemm_Rocblas_-1086326139,0.08450519889593124
GemmTunableOp_Half_TN,tn_24_1621_5120_ld_5120_5120_24,Gemm_Rocblas_-1086326139,0.08459319919347762
GemmTunableOp_Half_TN,tn_24_1645_5120_ld_5120_5120_24,Gemm_Rocblas_-1086326139,0.0846851997077465
GemmTunableOp_Half_TN,tn_24_17_5120_ld_5120_5120_24,Gemm_Rocblas_-1086326212,0.03074840009212494
GemmTunableOp_Half_TN,tn_24_1827_5120_ld_5120_5120_24,Gemm_Rocblas_-1086326139,0.0922569990158081
GemmTunableOp_Half_TN,tn_24_1836_5120_ld_5120_5120_24,Gemm_Rocblas_-1086326139,0.09236129969358443
GemmTunableOp_Half_TN,tn_24_1842_5120_ld_5120_5120_24,Gemm_Rocblas_-1086326139,0.09139740020036696
GemmTunableOp_Half_TN,tn_24_18_5120_ld_5120_5120_24,Gemm_Rocblas_-1086326206,0.030948400124907495
GemmTunableOp_Half_TN,tn_24_1987_5120_ld_5120_5120_24,Gemm_Rocblas_-1086326139,0.09242540076375007
GemmTunableOp_Half_TN,tn_24_1996_5120_ld_5120_5120_24,Gemm_Rocblas_-1086326139,0.09328949972987174
GemmTunableOp_Half_TN,tn_24_1999_5120_ld_5120_5120_24,Gemm_Rocblas_-1086326139,0.09339730069041252
GemmTunableOp_Half_TN,tn_24_2002_5120_ld_5120_5120_24,Gemm_Rocblas_-1086326139,0.09296550005674362
GemmTunableOp_Half_TN,tn_24_20_5120_ld_5120_5120_24,Gemm_Rocblas_-1086326201,0.030476600117981437
GemmTunableOp_Half_TN,tn_24_245_5120_ld_5120_5120_24,Gemm_Rocblas_-1086326204,0.03719270043075085
GemmTunableOp_Half_TN,tn_24_24_5120_ld_5120_5120_24,Gemm_Rocblas_-1086326214,0.030944399535655975
GemmTunableOp_Half_TN,tn_24_25_5120_ld_5120_5120_24,Gemm_Rocblas_-1086326201,0.030740399844944474
GemmTunableOp_Half_TN,tn_24_262_5120_ld_5120_5120_24,Gemm_Rocblas_-1086326200,0.039028599858284
GemmTunableOp_Half_TN,tn_24_26_5120_ld_5120_5120_24,Gemm_Rocblas_-1086326201,0.030680400133132932
GemmTunableOp_Half_TN,tn_24_27_5120_ld_5120_5120_24,Gemm_Rocblas_-1086326201,0.030852399952709674
GemmTunableOp_Half_TN,tn_24_28_5120_ld_5120_5120_24,Gemm_Rocblas_-1086326201,0.030856499820947646
GemmTunableOp_Half_TN,tn_24_29_5120_ld_5120_5120_24,Gemm_Rocblas_-1086326214,0.0312644999474287
GemmTunableOp_Half_TN,tn_24_32_5120_ld_5120_5120_24,Gemm_Rocblas_-1086326201,0.03109239973127842
GemmTunableOp_Half_TN,tn_24_34_5120_ld_5120_5120_24,Gemm_Rocblas_-1086326201,0.03102040011435747
GemmTunableOp_Half_TN,tn_24_354_5120_ld_5120_5120_24,Gemm_Rocblas_-1086326204,0.04400469921529294
GemmTunableOp_Half_TN,tn_24_37_5120_ld_5120_5120_24,Gemm_Rocblas_-1086326206,0.03087640013545752
GemmTunableOp_Half_TN,tn_24_427_5120_ld_5120_5120_24,Gemm_Rocblas_-1086326210,0.04341269955039024
GemmTunableOp_Half_TN,tn_24_434_5120_ld_5120_5120_24,Gemm_Rocblas_-1086326210,0.04904070012271404
GemmTunableOp_Half_TN,tn_24_61_5120_ld_5120_5120_24,Gemm_Rocblas_-1086326214,0.03100060001015663
GemmTunableOp_Half_TN,tn_24_65_5120_ld_5120_5120_24,Gemm_Rocblas_-1086326212,0.03412450030446052
GemmTunableOp_Half_TN,tn_24_667_5120_ld_5120_5120_24,Gemm_Rocblas_-1086326202,0.0595490001142025
GemmTunableOp_Half_TN,tn_24_800_5120_ld_5120_5120_24,Gemm_Rocblas_-1086326202,0.05989240035414696
GemmTunableOp_Half_TN,tn_24_821_5120_ld_5120_5120_24,Gemm_Rocblas_-1086326202,0.06022469997406006
GemmTunableOp_Half_TN,tn_24_823_5120_ld_5120_5120_24,Gemm_Rocblas_-1086326202,0.060268999263644214
GemmTunableOp_Half_TN,tn_24_835_5120_ld_5120_5120_24,Gemm_Rocblas_-1086326202,0.060416999831795694
GemmTunableOp_Half_TN,tn_24_845_5120_ld_5120_5120_24,Gemm_Rocblas_-1086326202,0.060568999871611594
GemmTunableOp_Half_TN,tn_24_9_5120_ld_5120_5120_24,Gemm_Rocblas_-1086326201,0.030712400004267698
GemmTunableOp_Half_TN,tn_2560_1016_2048_ld_2048_2048_2560,Gemm_Rocblas_-1086326077,0.4436892986297608
GemmTunableOp_Half_TN,tn_2560_1024_2048_ld_2048_2048_2560,Gemm_Rocblas_-1086326077,0.40540860295295716
GemmTunableOp_Half_TN,tn_2560_12_2048_ld_2048_2048_2560,Gemm_Rocblas_-1086326194,0.051433200016617775
GemmTunableOp_Half_TN,tn_2560_1_2048_ld_2048_2048_2560,Gemm_Rocblas_-9,0.03533279970288277
GemmTunableOp_Half_TN,tn_2560_225_2048_ld_2048_2048_2560,Gemm_Rocblas_-1086326044,0.16516350060701368
GemmTunableOp_Half_TN,tn_2560_24_2048_ld_2048_2048_2560,Gemm_Rocblas_-1086326134,0.06025699973106384
GemmTunableOp_Half_TN,tn_2560_25_2048_ld_2048_2048_2560,Gemm_Rocblas_-1086326134,0.059716999903321265
GemmTunableOp_Half_TN,tn_2560_26_2048_ld_2048_2048_2560,Gemm_Rocblas_-1086326140,0.060721300169825555
GemmTunableOp_Half_TN,tn_2560_29_2048_ld_2048_2048_2560,Gemm_Rocblas_-1086326134,0.061881300806999204
GemmTunableOp_Half_TN,tn_2560_32_2048_ld_2048_2048_2560,Gemm_Rocblas_-1086326246,0.06296550035476685
GemmTunableOp_Half_TN,tn_2560_34_2048_ld_2048_2048_2560,Gemm_Rocblas_-1086326129,0.06365330033004284
GemmTunableOp_Half_TN,tn_2560_37_2048_ld_2048_2048_2560,Gemm_Rocblas_-1086326140,0.06393720023334026
GemmTunableOp_Half_TN,tn_2560_413_2048_ld_2048_2048_2560,Gemm_Rocblas_-1086326097,0.25219339877367025
GemmTunableOp_Half_TN,tn_2560_420_2048_ld_2048_2048_2560,Gemm_Rocblas_-1086326273,0.2547611981630325
GemmTunableOp_Half_TN,tn_2560_427_2048_ld_2048_2048_2560,Gemm_Rocblas_-1086326273,0.24577730149030685
GemmTunableOp_Half_TN,tn_2560_58_2048_ld_2048_2048_2560,Gemm_Rocblas_-1086326129,0.07250540032982826
GemmTunableOp_Half_TN,tn_2560_63_2048_ld_2048_2048_2560,Gemm_Rocblas_-1086326134,0.07447769865393639
GemmTunableOp_Half_TN,tn_256_1016_2048_ld_2048_2048_256,Gemm_Rocblas_-1086326134,0.07642510011792182
GemmTunableOp_Half_TN,tn_256_1024_2048_ld_2048_2048_256,Gemm_Rocblas_-1086326134,0.07367319986224174
GemmTunableOp_Half_TN,tn_256_1025_2048_ld_2048_2048_256,Gemm_Rocblas_-1086326134,0.07450099959969521
GemmTunableOp_Half_TN,tn_256_1027_2048_ld_2048_2048_256,Gemm_Rocblas_-1086326134,0.07447699904441835
GemmTunableOp_Half_TN,tn_256_1030_2048_ld_2048_2048_256,Gemm_Rocblas_-1086326134,0.07471709847450257
GemmTunableOp_Half_TN,tn_256_1033_2048_ld_2048_2048_256,Gemm_Rocblas_-1086326134,0.07489719986915588
GemmTunableOp_Half_TN,tn_256_1036_2048_ld_2048_2048_256,Gemm_Rocblas_-1086326134,0.07426909878849984
GemmTunableOp_Half_TN,tn_256_1037_2048_ld_2048_2048_256,Gemm_Rocblas_-1086326134,0.07517729997634887
GemmTunableOp_Half_TN,tn_256_1039_2048_ld_2048_2048_256,Gemm_Rocblas_-1086326134,0.07549319863319398
GemmTunableOp_Half_TN,tn_256_1042_2048_ld_2048_2048_256,Gemm_Rocblas_-1086326134,0.07515719830989838
GemmTunableOp_Half_TN,tn_256_1045_2048_ld_2048_2048_256,Gemm_Rocblas_-1086326134,0.07658120095729827
GemmTunableOp_Half_TN,tn_256_10_2048_ld_2048_2048_256,Gemm_Rocblas_-1086326201,0.025451400130987168
GemmTunableOp_Half_TN,tn_256_1197_2048_ld_2048_2048_256,Gemm_Rocblas_-1086326134,0.08670129999518394
GemmTunableOp_Half_TN,tn_256_11_2048_ld_2048_2048_256,Gemm_Rocblas_-1086326200,0.027624399960041044
GemmTunableOp_Half_TN,tn_256_1200_2048_ld_2048_2048_256,Gemm_Rocblas_-1086326134,0.0867412991821766
GemmTunableOp_Half_TN,tn_256_12_2048_ld_2048_2048_256,Gemm_Rocblas_-1086326214,0.025736600160598755
GemmTunableOp_Half_TN,tn_256_1378_2048_ld_2048_2048_256,Gemm_Rocblas_-1086326134,0.0939855992794037
GemmTunableOp_Half_TN,tn_256_13_2048_ld_2048_2048_256,Gemm_Rocblas_-1086326214,0.027289399690926076
GemmTunableOp_Half_TN,tn_256_15_2048_ld_2048_2048_256,Gemm_Rocblas_-1086326201,0.025292399898171423
GemmTunableOp_Half_TN,tn_256_16_2048_ld_2048_2048_256,Gemm_Rocblas_-1086326201,0.02512439973652363
GemmTunableOp_Half_TN,tn_256_17_2048_ld_2048_2048_256,Gemm_Rocblas_-1086326204,0.02668440006673336
GemmTunableOp_Half_TN,tn_256_18_2048_ld_2048_2048_256,Gemm_Rocblas_-1086326201,0.026948399655520913
GemmTunableOp_Half_TN,tn_256_1_2048_ld_2048_2048_256,Gemm_Rocblas_-9,0.014944299962371588
GemmTunableOp_Half_TN,tn_256_20_2048_ld_2048_2048_256,Gemm_Rocblas_-1086326201,0.027784399688243866
GemmTunableOp_Half_TN,tn_256_225_2048_ld_2048_2048_256,Gemm_Rocblas_-1086326134,0.03940449953079224
GemmTunableOp_Half_TN,tn_256_24_2048_ld_2048_2048_256,Gemm_Rocblas_-1086326212,0.026660400070250036
GemmTunableOp_Half_TN,tn_256_25_2048_ld_2048_2048_256,Gemm_Rocblas_-1086326204,0.026128399744629858
GemmTunableOp_Half_TN,tn_256_262_2048_ld_2048_2048_256,Gemm_Rocblas_-1086326139,0.04482049979269505
GemmTunableOp_Half_TN,tn_256_26_2048_ld_2048_2048_256,Gemm_Rocblas_-1086326201,0.02670449987053871
GemmTunableOp_Half_TN,tn_256_29_2048_ld_2048_2048_256,Gemm_Rocblas_-1086326204,0.025868400000035763
GemmTunableOp_Half_TN,tn_256_2_2048_ld_2048_2048_256,Gemm_Rocblas_-1086326201,0.025863399542868138
GemmTunableOp_Half_TN,tn_256_32_2048_ld_2048_2048_256,Gemm_Rocblas_-1086326201,0.026688400097191332
GemmTunableOp_Half_TN,tn_256_34_2048_ld_2048_2048_256,Gemm_Rocblas_-1086326200,0.02881629969924688
GemmTunableOp_Half_TN,tn_256_354_2048_ld_2048_2048_256,Gemm_Rocblas_-1086326134,0.04779269993305207
GemmTunableOp_Half_TN,tn_256_37_2048_ld_2048_2048_256,Gemm_Rocblas_-1086326204,0.029776299931108956
GemmTunableOp_Half_TN,tn_256_3_2048_ld_2048_2048_256,Gemm_Rocblas_-1086326214,0.02334429994225502
GemmTunableOp_Half_TN,tn_256_413_2048_ld_2048_2048_256,Gemm_Rocblas_-1086326134,0.0483925998210907
GemmTunableOp_Half_TN,tn_256_420_2048_ld_2048_2048_256,Gemm_Rocblas_-1086326139,0.04784470014274121
GemmTunableOp_Half_TN,tn_256_427_2048_ld_2048_2048_256,Gemm_Rocblas_-1086326139,0.048540999367833126
GemmTunableOp_Half_TN,tn_256_4_2048_ld_2048_2048_256,Gemm_Rocblas_-1086326214,0.026184599474072458
GemmTunableOp_Half_TN,tn_256_58_2048_ld_2048_2048_256,Gemm_Rocblas_-1086326200,0.03021650016307831
GemmTunableOp_Half_TN,tn_256_5_2048_ld_2048_2048_256,Gemm_Rocblas_-1086326200,0.02591250017285347
GemmTunableOp_Half_TN,tn_256_63_2048_ld_2048_2048_256,Gemm_Rocblas_-1086326202,0.029488499835133554
GemmTunableOp_Half_TN,tn_256_6_2048_ld_2048_2048_256,Gemm_Rocblas_-1086326201,0.024960399791598323
GemmTunableOp_Half_TN,tn_256_7_2048_ld_2048_2048_256,Gemm_Rocblas_-1086326201,0.02613239996135235
GemmTunableOp_Half_TN,tn_256_823_2048_ld_2048_2048_256,Gemm_Rocblas_-1086326134,0.062488898634910583
GemmTunableOp_Half_TN,tn_256_835_2048_ld_2048_2048_256,Gemm_Rocblas_-1086326140,0.07065309956669806
GemmTunableOp_Half_TN,tn_256_8_2048_ld_2048_2048_256,Gemm_Rocblas_-1086326206,0.02788630034774542
GemmTunableOp_Half_TN,tn_256_9_2048_ld_2048_2048_256,Gemm_Rocblas_-1086326201,0.024716500006616116
GemmTunableOp_Half_TN,tn_3072_1016_2048_ld_2048_2048_3072,Gemm_Rocblas_-1086326047,0.5389275014400482
GemmTunableOp_Half_TN,tn_3072_1024_2048_ld_2048_2048_3072,Gemm_Rocblas_-1086326047,0.47963019609451296
GemmTunableOp_Half_TN,tn_3072_1_2048_ld_2048_2048_3072,Gemm_Rocblas_-9,0.039988799020648
GemmTunableOp_Half_TN,tn_3072_225_2048_ld_2048_2048_3072,Gemm_Rocblas_-1086326273,0.174507899582386
GemmTunableOp_Half_TN,tn_3072_24_2048_ld_2048_2048_3072,Gemm_Rocblas_-1086326246,0.0645014002919197
GemmTunableOp_Half_TN,tn_3072_25_2048_ld_2048_2048_3072,Gemm_Rocblas_-1086326246,0.06478939950466156
GemmTunableOp_Half_TN,tn_3072_26_2048_ld_2048_2048_3072,Gemm_Rocblas_-1086326246,0.06510940045118332
GemmTunableOp_Half_TN,tn_3072_29_2048_ld_2048_2048_3072,Gemm_Rocblas_-1086326246,0.06581339985132219
GemmTunableOp_Half_TN,tn_3072_32_2048_ld_2048_2048_3072,Gemm_Rocblas_-1086326246,0.06600939929485321
GemmTunableOp_Half_TN,tn_3072_34_2048_ld_2048_2048_3072,Gemm_Rocblas_-1086326131,0.07775359898805619
GemmTunableOp_Half_TN,tn_3072_37_2048_ld_2048_2048_3072,Gemm_Rocblas_-1086326142,0.07966599985957146
GemmTunableOp_Half_TN,tn_3072_413_2048_ld_2048_2048_3072,Gemm_Rocblas_-1086326268,0.27383790016174314
GemmTunableOp_Half_TN,tn_3072_420_2048_ld_2048_2048_3072,Gemm_Rocblas_-1086326277,0.2855700969696045
GemmTunableOp_Half_TN,tn_3072_427_2048_ld_2048_2048_3072,Gemm_Rocblas_-1086326277,0.285690101981163
GemmTunableOp_Half_TN,tn_3072_58_2048_ld_2048_2048_3072,Gemm_Rocblas_-1086326142,0.08778179958462715
GemmTunableOp_Half_TN,tn_3072_63_2048_ld_2048_2048_3072,Gemm_Rocblas_-1086326142,0.08826199918985367
GemmTunableOp_Half_TN,tn_32320_16_4096_ld_4096_4096_32320,Gemm_Rocblas_-1086326282,0.9583210885524749
GemmTunableOp_Half_TN,tn_32320_1_4096_ld_4096_4096_32320,Gemm_Rocblas_-9,0.7179118931293488
GemmTunableOp_Half_TN,tn_32320_261_4096_ld_4096_4096_32320,Gemm_Rocblas_-1086326054,4.69593346118927
GemmTunableOp_Half_TN,tn_32320_2_4096_ld_4096_4096_32320,Gemm_Rocblas_-1086326282,0.8698592960834504
GemmTunableOp_Half_TN,tn_32320_3_4096_ld_4096_4096_32320,Gemm_Rocblas_-1086326282,0.8683871984481811
GemmTunableOp_Half_TN,tn_32320_4_4096_ld_4096_4096_32320,Gemm_Rocblas_-1086326282,0.8816633999347686
GemmTunableOp_Half_TN,tn_32320_5_4096_ld_4096_4096_32320,Gemm_Rocblas_-1086326284,0.9005035936832428
GemmTunableOp_Half_TN,tn_32320_6_4096_ld_4096_4096_32320,Gemm_Rocblas_-1086326282,0.9007879018783569
GemmTunableOp_Half_TN,tn_32320_7_4096_ld_4096_4096_32320,Gemm_Rocblas_-1086326282,0.9015557050704955
GemmTunableOp_Half_TN,tn_32320_8_4096_ld_4096_4096_32320,Gemm_Rocblas_-1086326282,0.91075199842453
GemmTunableOp_Half_TN,tn_5120_1016_1536_ld_1536_1536_5120,Gemm_Rocblas_-1086326047,0.7120554864406585
GemmTunableOp_Half_TN,tn_5120_1024_1536_ld_1536_1536_5120,Gemm_Rocblas_-1086326047,0.6844109952449797
GemmTunableOp_Half_TN,tn_5120_1027_1536_ld_1536_1536_5120,Gemm_Rocblas_-1086326268,0.7726969003677367
GemmTunableOp_Half_TN,tn_5120_1028_1536_ld_1536_1536_5120,Gemm_Rocblas_-1086326045,0.7896814048290252
GemmTunableOp_Half_TN,tn_5120_1029_1536_ld_1536_1536_5120,Gemm_Rocblas_-1086326268,0.7715447008609772
GemmTunableOp_Half_TN,tn_5120_1030_1536_ld_1536_1536_5120,Gemm_Rocblas_-1086326268,0.7736048996448517
GemmTunableOp_Half_TN,tn_5120_1037_1536_ld_1536_1536_5120,Gemm_Rocblas_-1086326045,0.7889174103736876
GemmTunableOp_Half_TN,tn_5120_1197_1536_ld_1536_1536_5120,Gemm_Rocblas_-1086326063,0.8555027842521669
GemmTunableOp_Half_TN,tn_5120_11_1536_ld_1536_1536_5120,Gemm_Rocblas_-1086326157,0.06425350010395049
GemmTunableOp_Half_TN,tn_5120_12_1536_ld_1536_1536_5120,Gemm_Rocblas_-1086326157,0.06425339877605438
GemmTunableOp_Half_TN,tn_5120_13_1536_ld_1536_1536_5120,Gemm_Rocblas_-1086326175,0.06419329866766929
GemmTunableOp_Half_TN,tn_5120_14_1536_ld_1536_1536_5120,Gemm_Rocblas_-1086326175,0.06430539935827256
GemmTunableOp_Half_TN,tn_5120_15_1536_ld_1536_1536_5120,Gemm_Rocblas_-1086326157,0.06434540003538133
GemmTunableOp_Half_TN,tn_5120_16_1536_ld_1536_1536_5120,Gemm_Rocblas_-1086326194,0.06379749961197376
GemmTunableOp_Half_TN,tn_5120_17_1536_ld_1536_1536_5120,Gemm_Rocblas_-1086326246,0.06986550018191337
GemmTunableOp_Half_TN,tn_5120_18_1536_ld_1536_1536_5120,Gemm_Rocblas_-1086326246,0.06992149874567986
GemmTunableOp_Half_TN,tn_5120_1_1536_ld_1536_1536_5120,Gemm_Rocblas_-9,0.048973099887371065
GemmTunableOp_Half_TN,tn_5120_2048_1536_ld_1536_1536_5120,Gemm_Rocblas_-1086326063,1.330145215988159
GemmTunableOp_Half_TN,tn_5120_20_1536_ld_1536_1536_5120,Gemm_Rocblas_-1086326246,0.06878539994359016
GemmTunableOp_Half_TN,tn_5120_225_1536_ld_1536_1536_5120,Gemm_Rocblas_-1086326077,0.221076899766922
GemmTunableOp_Half_TN,tn_5120_262_1536_ld_1536_1536_5120,Gemm_Rocblas_-1086326077,0.2811182022094727
GemmTunableOp_Half_TN,tn_5120_2_1536_ld_1536_1536_5120,Gemm_Rocblas_-1086326223,0.05559320002794266
GemmTunableOp_Half_TN,tn_5120_3_1536_ld_1536_1536_5120,Gemm_Rocblas_-1086326223,0.05517729967832565
GemmTunableOp_Half_TN,tn_5120_4_1536_ld_1536_1536_5120,Gemm_Rocblas_-1086326223,0.05518130026757718
GemmTunableOp_Half_TN,tn_5120_5_1536_ld_1536_1536_5120,Gemm_Rocblas_-1086326221,0.05566519983112812
GemmTunableOp_Half_TN,tn_5120_6_1536_ld_1536_1536_5120,Gemm_Rocblas_-1086326218,0.05591310001909733
GemmTunableOp_Half_TN,tn_5120_7_1536_ld_1536_1536_5120,Gemm_Rocblas_-1086326218,0.05664499960839748
GemmTunableOp_Half_TN,tn_5120_823_1536_ld_1536_1536_5120,Gemm_Rocblas_-1086326268,0.6185536026954651
GemmTunableOp_Half_TN,tn_5120_835_1536_ld_1536_1536_5120,Gemm_Rocblas_-1086326268,0.616973501443863
GemmTunableOp_Half_TN,tn_5120_8_1536_ld_1536_1536_5120,Gemm_Rocblas_-1086326223,0.05604120008647442
GemmTunableOp_Half_TN,tn_5120_9_1536_ld_1536_1536_5120,Gemm_Rocblas_-1086326194,0.06390939988195897
GemmTunableOp_Half_TN,tn_512_1024_4096_ld_4096_4096_512,Gemm_Rocblas_-1086326268,0.2231356993317604
GemmTunableOp_Half_TN,tn_512_1025_4096_ld_4096_4096_512,Gemm_Rocblas_-1086326046,0.2237639993429184
GemmTunableOp_Half_TN,tn_512_1027_4096_ld_4096_4096_512,Gemm_Rocblas_-1086326045,0.22348399907350538
GemmTunableOp_Half_TN,tn_512_1030_4096_ld_4096_4096_512,Gemm_Rocblas_-1086326045,0.22383949905633926
GemmTunableOp_Half_TN,tn_512_1033_4096_ld_4096_4096_512,Gemm_Rocblas_-1086326045,0.22187109738588334
GemmTunableOp_Half_TN,tn_512_1036_4096_ld_4096_4096_512,Gemm_Rocblas_-1086326045,0.22183999717235564
GemmTunableOp_Half_TN,tn_512_1039_4096_ld_4096_4096_512,Gemm_Rocblas_-1086326046,0.2238035023212433
GemmTunableOp_Half_TN,tn_512_1042_4096_ld_4096_4096_512,Gemm_Rocblas_-1086326268,0.22940379977226255
GemmTunableOp_Half_TN,tn_512_1045_4096_ld_4096_4096_512,Gemm_Rocblas_-1086326268,0.2298881009221077
GemmTunableOp_Half_TN,tn_512_1197_4096_ld_4096_4096_512,Gemm_Rocblas_-1086326134,0.2966131955385208
GemmTunableOp_Half_TN,tn_512_1200_4096_ld_4096_4096_512,Gemm_Rocblas_-1086326133,0.294125097990036
GemmTunableOp_Half_TN,tn_512_12_4096_ld_4096_4096_512,Gemm_Rocblas_-1086326204,0.03612859994173051
GemmTunableOp_Half_TN,tn_512_1378_4096_ld_4096_4096_512,Gemm_Rocblas_-1086326083,0.32780199944972993
GemmTunableOp_Half_TN,tn_512_1_4096_ld_4096_4096_512,Gemm_Rocblas_-9,0.020052399858832358
GemmTunableOp_Half_TN,tn_512_24_4096_ld_4096_4096_512,Gemm_Rocblas_-1086326202,0.045284399762749665
GemmTunableOp_Half_TN,tn_512_25_4096_ld_4096_4096_512,Gemm_Rocblas_-1086326210,0.046188299730420115
GemmTunableOp_Half_TN,tn_512_262_4096_ld_4096_4096_512,Gemm_Rocblas_-1086326140,0.0960696004331112
GemmTunableOp_Half_TN,tn_512_26_4096_ld_4096_4096_512,Gemm_Rocblas_-1086326202,0.04512469992041587
GemmTunableOp_Half_TN,tn_512_29_4096_ld_4096_4096_512,Gemm_Rocblas_-1086326202,0.045940599963068963
GemmTunableOp_Half_TN,tn_512_2_4096_ld_4096_4096_512,Gemm_Rocblas_-1086326204,0.03609259985387326
GemmTunableOp_Half_TN,tn_512_32_4096_ld_4096_4096_512,Gemm_Rocblas_-1086326202,0.045452899858355524
GemmTunableOp_Half_TN,tn_512_34_4096_ld_4096_4096_512,Gemm_Rocblas_-1086326200,0.05910100042819977
GemmTunableOp_Half_TN,tn_512_37_4096_ld_4096_4096_512,Gemm_Rocblas_-1086326202,0.05975699983537197
GemmTunableOp_Half_TN,tn_512_3_4096_ld_4096_4096_512,Gemm_Rocblas_-1086326204,0.03512080013751984
GemmTunableOp_Half_TN,tn_512_4_4096_ld_4096_4096_512,Gemm_Rocblas_-1086326204,0.03664859980344772
GemmTunableOp_Half_TN,tn_512_5_4096_ld_4096_4096_512,Gemm_Rocblas_-1086326210,0.03721960000693798
GemmTunableOp_Half_TN,tn_512_63_4096_ld_4096_4096_512,Gemm_Rocblas_-1086326202,0.06106109954416752
GemmTunableOp_Half_TN,tn_512_6_4096_ld_4096_4096_512,Gemm_Rocblas_-1086326204,0.036176599562168114
GemmTunableOp_Half_TN,tn_512_7_4096_ld_4096_4096_512,Gemm_Rocblas_-1086326204,0.035616599768400196
GemmTunableOp_Half_TN,tn_512_8_4096_ld_4096_4096_512,Gemm_Rocblas_-1086326204,0.03667660057544709
GemmTunableOp_Half_TN,tn_62080_10_2048_ld_2048_2048_62080,Gemm_Rocblas_-1086326282,0.8216261982917786
GemmTunableOp_Half_TN,tn_62080_12_2048_ld_2048_2048_62080,Gemm_Rocblas_-1086326282,0.8254460990428925
GemmTunableOp_Half_TN,tn_62080_13_2048_ld_2048_2048_62080,Gemm_Rocblas_-1086326282,0.8442023873329163
GemmTunableOp_Half_TN,tn_62080_15_2048_ld_2048_2048_62080,Gemm_Rocblas_-1086326282,0.8542588055133818
GemmTunableOp_Half_TN,tn_62080_16_2048_ld_2048_2048_62080,Gemm_Rocblas_-1086326282,0.8584670066833496
GemmTunableOp_Half_TN,tn_62080_16_5120_ld_5120_5120_62080,Gemm_Rocblas_-1086326177,2.3982690095901487
GemmTunableOp_Half_TN,tn_62080_18_2048_ld_2048_2048_62080,Gemm_Rocblas_-1086326246,0.9689094066619873
GemmTunableOp_Half_TN,tn_62080_19_2048_ld_2048_2048_62080,Gemm_Rocblas_-1086326246,0.9683652997016906
GemmTunableOp_Half_TN,tn_62080_1_2048_ld_2048_2048_62080,Gemm_Rocblas_-9,0.768656998872757
GemmTunableOp_Half_TN,tn_62080_1_5120_ld_5120_5120_62080,Gemm_Rocblas_-9,1.6546444058418275
GemmTunableOp_Half_TN,tn_62080_20_2048_ld_2048_2048_62080,Gemm_Rocblas_-1086326246,0.9704454958438872
GemmTunableOp_Half_TN,tn_62080_21_2048_ld_2048_2048_62080,Gemm_Rocblas_-1086326246,0.9818015992641449
GemmTunableOp_Half_TN,tn_62080_22_2048_ld_2048_2048_62080,Gemm_Rocblas_-1086326246,0.9782818913459778
GemmTunableOp_Half_TN,tn_62080_24_2048_ld_2048_2048_62080,Gemm_Rocblas_-1086326246,0.9907100915908813
GemmTunableOp_Half_TN,tn_62080_262_2048_ld_2048_2048_62080,Gemm_Rocblas_-1086326295,4.35772008895874
GemmTunableOp_Half_TN,tn_62080_262_5120_ld_5120_5120_62080,Gemm_Rocblas_-1086326061,10.223546028137207
GemmTunableOp_Half_TN,tn_62080_2_2048_ld_2048_2048_62080,Gemm_Rocblas_-1086326282,0.7890453040599823
GemmTunableOp_Half_TN,tn_62080_2_5120_ld_5120_5120_62080,Gemm_Rocblas_-1086326223,2.0688735008239747
GemmTunableOp_Half_TN,tn_62080_32_2048_ld_2048_2048_62080,Gemm_Rocblas_-1086326246,1.0411630868911743
GemmTunableOp_Half_TN,tn_62080_3_2048_ld_2048_2048_62080,Gemm_Rocblas_-1086326282,0.7886253893375397
GemmTunableOp_Half_TN,tn_62080_3_5120_ld_5120_5120_62080,Gemm_Rocblas_-1086326218,2.0795980930328364
GemmTunableOp_Half_TN,tn_62080_4_2048_ld_2048_2048_62080,Gemm_Rocblas_-1086326282,0.7868974030017853
GemmTunableOp_Half_TN,tn_62080_4_5120_ld_5120_5120_62080,Gemm_Rocblas_-1086326218,2.0894063472747804
GemmTunableOp_Half_TN,tn_62080_5_2048_ld_2048_2048_62080,Gemm_Rocblas_-1086326282,0.7989378035068511
GemmTunableOp_Half_TN,tn_62080_5_5120_ld_5120_5120_62080,Gemm_Rocblas_-1086326221,2.1404193162918093
GemmTunableOp_Half_TN,tn_62080_6_2048_ld_2048_2048_62080,Gemm_Rocblas_-1086326282,0.8008577883243562
GemmTunableOp_Half_TN,tn_62080_6_5120_ld_5120_5120_62080,Gemm_Rocblas_-1086326223,2.143891549110413
GemmTunableOp_Half_TN,tn_62080_7_2048_ld_2048_2048_62080,Gemm_Rocblas_-1086326282,0.8048499047756195
GemmTunableOp_Half_TN,tn_62080_7_5120_ld_5120_5120_62080,Gemm_Rocblas_-1086326223,2.144555449485779
GemmTunableOp_Half_TN,tn_62080_8_2048_ld_2048_2048_62080,Gemm_Rocblas_-1086326282,0.811761999130249
GemmTunableOp_Half_TN,tn_62080_8_5120_ld_5120_5120_62080,Gemm_Rocblas_-1086326223,2.1584037065505983
GemmTunableOp_Half_TN,tn_62080_9_2048_ld_2048_2048_62080,Gemm_Rocblas_-1086326282,0.8185141026973723
GemmTunableOp_Half_TN,tn_64_1024_4096_ld_4096_4096_64,Gemm_Rocblas_-1086326139,0.06766100078821183
GemmTunableOp_Half_TN,tn_64_1027_4096_ld_4096_4096_64,Gemm_Rocblas_-1086326139,0.06766910031437873
GemmTunableOp_Half_TN,tn_64_1028_4096_ld_4096_4096_64,Gemm_Rocblas_-1086326139,0.06776899918913841
GemmTunableOp_Half_TN,tn_64_1030_4096_ld_4096_4096_64,Gemm_Rocblas_-1086326139,0.06768900007009507
GemmTunableOp_Half_TN,tn_64_1034_4096_ld_4096_4096_64,Gemm_Rocblas_-1086326139,0.06774100065231324
GemmTunableOp_Half_TN,tn_64_1037_4096_ld_4096_4096_64,Gemm_Rocblas_-1086326139,0.0674129992723465
GemmTunableOp_Half_TN,tn_64_1172_4096_ld_4096_4096_64,Gemm_Rocblas_-1086326139,0.07271699979901314
GemmTunableOp_Half_TN,tn_64_1280_4096_ld_4096_4096_64,Gemm_Rocblas_-1086326139,0.0856613002717495
GemmTunableOp_Half_TN,tn_64_155_4096_ld_4096_4096_64,Gemm_Rocblas_-1086326210,0.03588440008461475
GemmTunableOp_Half_TN,tn_64_16_4096_ld_4096_4096_64,Gemm_Rocblas_-1086326214,0.02893139999359846
GemmTunableOp_Half_TN,tn_64_17_4096_ld_4096_4096_64,Gemm_Rocblas_-1086326206,0.028384400345385072
GemmTunableOp_Half_TN,tn_64_18_4096_ld_4096_4096_64,Gemm_Rocblas_-1086326201,0.028424399718642235
GemmTunableOp_Half_TN,tn_64_1957_4096_ld_4096_4096_64,Gemm_Rocblas_-1086326139,0.09064529910683632
GemmTunableOp_Half_TN,tn_64_19_4096_ld_4096_4096_64,Gemm_Rocblas_-1086326214,0.029072399809956552
GemmTunableOp_Half_TN,tn_64_1_4096_ld_4096_4096_64,Gemm_Rocblas_-9,0.01491219997406006
GemmTunableOp_Half_TN,tn_64_2048_4096_ld_4096_4096_64,Gemm_Rocblas_-1086326139,0.0921572983264923
GemmTunableOp_Half_TN,tn_64_256_4096_ld_4096_4096_64,Gemm_Rocblas_-1086326202,0.043104699626564984
GemmTunableOp_Half_TN,tn_64_261_4096_ld_4096_4096_64,Gemm_Rocblas_-1086326202,0.044008600339293484
GemmTunableOp_Half_TN,tn_64_289_4096_ld_4096_4096_64,Gemm_Rocblas_-1086326204,0.05097669959068298
GemmTunableOp_Half_TN,tn_64_2_4096_ld_4096_4096_64,Gemm_Rocblas_-1086326206,0.0297155000269413
GemmTunableOp_Half_TN,tn_64_331_4096_ld_4096_4096_64,Gemm_Rocblas_-1086326202,0.05100479945540428
GemmTunableOp_Half_TN,tn_64_3_4096_ld_4096_4096_64,Gemm_Rocblas_-1086326214,0.028864399716258052
GemmTunableOp_Half_TN,tn_64_404_4096_ld_4096_4096_64,Gemm_Rocblas_-1086326211,0.053536999970674515
GemmTunableOp_Half_TN,tn_64_4_4096_ld_4096_4096_64,Gemm_Rocblas_-1086326214,0.028976499848067758
GemmTunableOp_Half_TN,tn_64_57_4096_ld_4096_4096_64,Gemm_Rocblas_-1086326212,0.03125639948993921
GemmTunableOp_Half_TN,tn_64_5_4096_ld_4096_4096_64,Gemm_Rocblas_-1086326201,0.029714400321245192
GemmTunableOp_Half_TN,tn_64_672_4096_ld_4096_4096_64,Gemm_Rocblas_-1086326139,0.0657530002295971
GemmTunableOp_Half_TN,tn_64_6_4096_ld_4096_4096_64,Gemm_Rocblas_-1086326201,0.029320500046014785
GemmTunableOp_Half_TN,tn_64_781_4096_ld_4096_4096_64,Gemm_Rocblas_-1086326139,0.06572100035846233
GemmTunableOp_Half_TN,tn_64_7_4096_ld_4096_4096_64,Gemm_Rocblas_-1086326201,0.031515400111675265
GemmTunableOp_Half_TN,tn_64_853_4096_ld_4096_4096_64,Gemm_Rocblas_-1086326139,0.06637299954891204
GemmTunableOp_Half_TN,tn_64_8_4096_ld_4096_4096_64,Gemm_Rocblas_-1086326214,0.028340399637818335
GemmTunableOp_Half_TN,tn_64_923_4096_ld_4096_4096_64,Gemm_Rocblas_-1086326139,0.0675249993801117
