Validator,PT_VERSION,2.12.0
Validator,HIP_VERSION,714
Validator,HIPBLASLT_VERSION,100401-cd957402
Validator,GCN_ARCH_NAME,gfx1030
Validator,ROCBLAS_VERSION,5.5.0.cd957402
GemmTunableOp_Half_NN,nn_1536_1024_5120_ld_1536_5120_1536,Gemm_Rocblas_-1086327943,0.6911521971225739
GemmTunableOp_Half_NN,nn_1536_1037_5120_ld_1536_5120_1536,Gemm_Rocblas_-1086327921,0.7233846962451935
GemmTunableOp_Half_NN,nn_1536_225_5120_ld_1536_5120_1536,Gemm_Rocblas_-1086327985,0.20040229856967923
GemmTunableOp_Half_NN,nn_1_1023_2560_ld_1_2560_1,Gemm_Rocblas_-9,0.020299999974668026
GemmTunableOp_Half_NN,nn_1_1024_2560_ld_1_2560_1,Gemm_Rocblas_-9,0.02021
GemmTunableOp_Half_NN,nn_1_1025_2560_ld_1_2560_1,Gemm_Rocblas_-9,0.020324
GemmTunableOp_Half_NN,nn_1_1026_2560_ld_1_2560_1,Gemm_Rocblas_-9,0.020203999988734723
GemmTunableOp_Half_NN,nn_1_1027_2560_ld_1_2560_1,Gemm_Rocblas_-9,0.0202164
GemmTunableOp_Half_NN,nn_1_1028_2560_ld_1_2560_1,Gemm_Rocblas_-9,0.02002399992197752
GemmTunableOp_Half_NN,nn_1_1029_2560_ld_1_2560_1,Gemm_Rocblas_-9,0.0201412
GemmTunableOp_Half_NN,nn_1_1030_2560_ld_1_2560_1,Gemm_Rocblas_-9,0.02009200006723404
GemmTunableOp_Half_NN,nn_1_1031_2560_ld_1_2560_1,Gemm_Rocblas_-9,0.0203032
GemmTunableOp_Half_NN,nn_1_1033_2560_ld_1_2560_1,Gemm_Rocblas_-9,0.01994400005787611
GemmTunableOp_Half_NN,nn_1_1036_2560_ld_1_2560_1,Gemm_Rocblas_-9,0.020168
GemmTunableOp_Half_NN,nn_1_1039_2560_ld_1_2560_1,Gemm_Rocblas_-9,0.020187999680638318
GemmTunableOp_Half_NN,nn_1_1042_2560_ld_1_2560_1,Gemm_Rocblas_-9,0.0202284
GemmTunableOp_Half_NN,nn_1_1045_2560_ld_1_2560_1,Gemm_Rocblas_-9,0.0203052
GemmTunableOp_Half_NN,nn_1_1125_2560_ld_1_2560_1,Gemm_Rocblas_-9,0.0205544
GemmTunableOp_Half_NN,nn_1_121_2560_ld_1_2560_1,Gemm_Rocblas_-9,0.0136982
GemmTunableOp_Half_NN,nn_1_1264_2560_ld_1_2560_1,Gemm_Rocblas_-9,0.0224492
GemmTunableOp_Half_NN,nn_1_127_2560_ld_1_2560_1,Gemm_Rocblas_-9,0.013559999875724316
GemmTunableOp_Half_NN,nn_1_128_2560_ld_1_2560_1,Gemm_Rocblas_-9,0.013339999970048666
GemmTunableOp_Half_NN,nn_1_1295_2560_ld_1_2560_1,Gemm_Rocblas_-9,0.0225512
GemmTunableOp_Half_NN,nn_1_12_2560_ld_1_2560_1,Gemm_Rocblas_-9,0.0130648
GemmTunableOp_Half_NN,nn_1_130_2560_ld_1_2560_1,Gemm_Rocblas_-9,0.01342799989506602
GemmTunableOp_Half_NN,nn_1_1323_2560_ld_1_2560_1,Gemm_Rocblas_-9,0.0226008
GemmTunableOp_Half_NN,nn_1_1324_2560_ld_1_2560_1,Gemm_Rocblas_-9,0.0225984
GemmTunableOp_Half_NN,nn_1_1325_2560_ld_1_2560_1,Gemm_Rocblas_-9,0.0227532
GemmTunableOp_Half_NN,nn_1_134_2560_ld_1_2560_1,Gemm_Rocblas_-9,0.013487999979406593
GemmTunableOp_Half_NN,nn_1_1392_2560_ld_1_2560_1,Gemm_Rocblas_-9,0.0228352
GemmTunableOp_Half_NN,nn_1_1399_2560_ld_1_2560_1,Gemm_Rocblas_-9,0.0305972
GemmTunableOp_Half_NN,nn_1_1445_2560_ld_1_2560_1,Gemm_Rocblas_-9,0.0304676
GemmTunableOp_Half_NN,nn_1_1495_2560_ld_1_2560_1,Gemm_Rocblas_-9,0.0310157
GemmTunableOp_Half_NN,nn_1_1693_2560_ld_1_2560_1,Gemm_Rocblas_-9,0.0313976
GemmTunableOp_Half_NN,nn_1_16_2560_ld_1_2560_1,Gemm_Rocblas_-9,0.0135286
GemmTunableOp_Half_NN,nn_1_1786_2560_ld_1_2560_1,Gemm_Rocblas_-9,0.031531999818980694
GemmTunableOp_Half_NN,nn_1_1888_2560_ld_1_2560_1,Gemm_Rocblas_-9,0.0319632
GemmTunableOp_Half_NN,nn_1_1968_2560_ld_1_2560_1,Gemm_Rocblas_-9,0.027835999429225922
GemmTunableOp_Half_NN,nn_1_1969_2560_ld_1_2560_1,Gemm_Rocblas_-9,0.03413999937474728
GemmTunableOp_Half_NN,nn_1_1_2560_ld_1_2560_1,Gemm_Rocblas_-9,0.020151999965310096
GemmTunableOp_Half_NN,nn_1_2045_2560_ld_1_2560_1,Gemm_Rocblas_-9,0.0335652
GemmTunableOp_Half_NN,nn_1_2046_2560_ld_1_2560_1,Gemm_Rocblas_-9,0.0334892
GemmTunableOp_Half_NN,nn_1_2047_2560_ld_1_2560_1,Gemm_Rocblas_-9,0.0335028
GemmTunableOp_Half_NN,nn_1_2048_2560_ld_1_2560_1,Gemm_Rocblas_-9,0.0352132
GemmTunableOp_Half_NN,nn_1_2066_2560_ld_1_2560_1,Gemm_Rocblas_-9,0.0338156
GemmTunableOp_Half_NN,nn_1_2069_2560_ld_1_2560_1,Gemm_Rocblas_-9,0.033746
GemmTunableOp_Half_NN,nn_1_225_2560_ld_1_2560_1,Gemm_Rocblas_-9,0.013627999834716319
GemmTunableOp_Half_NN,nn_1_240_2560_ld_1_2560_1,Gemm_Rocblas_-9,0.013179999962449073
GemmTunableOp_Half_NN,nn_1_24_2560_ld_1_2560_1,Gemm_Rocblas_-9,0.0130428
GemmTunableOp_Half_NN,nn_1_257_2560_ld_1_2560_1,Gemm_Rocblas_-9,0.013680099789053202
GemmTunableOp_Half_NN,nn_1_259_2560_ld_1_2560_1,Gemm_Rocblas_-9,0.013631999865174292
GemmTunableOp_Half_NN,nn_1_261_2560_ld_1_2560_1,Gemm_Rocblas_-9,0.013748000096529722
GemmTunableOp_Half_NN,nn_1_262_2560_ld_1_2560_1,Gemm_Rocblas_-9,0.013688000012189151
GemmTunableOp_Half_NN,nn_1_2_2560_ld_1_2560_1,Gemm_Rocblas_-9,0.01666399985551834
GemmTunableOp_Half_NN,nn_1_3073_2560_ld_1_2560_1,Gemm_Rocblas_-9,0.041614
GemmTunableOp_Half_NN,nn_1_3074_2560_ld_1_2560_1,Gemm_Rocblas_-9,0.0415396
GemmTunableOp_Half_NN,nn_1_3075_2560_ld_1_2560_1,Gemm_Rocblas_-9,0.0415272
GemmTunableOp_Half_NN,nn_1_3076_2560_ld_1_2560_1,Gemm_Rocblas_-9,0.041588
GemmTunableOp_Half_NN,nn_1_3077_2560_ld_1_2560_1,Gemm_Rocblas_-9,0.0416036
GemmTunableOp_Half_NN,nn_1_3078_2560_ld_1_2560_1,Gemm_Rocblas_-9,0.0415152
GemmTunableOp_Half_NN,nn_1_3079_2560_ld_1_2560_1,Gemm_Rocblas_-9,0.0415124
GemmTunableOp_Half_NN,nn_1_3081_2560_ld_1_2560_1,Gemm_Rocblas_-9,0.0416104
GemmTunableOp_Half_NN,nn_1_3084_2560_ld_1_2560_1,Gemm_Rocblas_-9,0.041532
GemmTunableOp_Half_NN,nn_1_3087_2560_ld_1_2560_1,Gemm_Rocblas_-9,0.0416228
GemmTunableOp_Half_NN,nn_1_3090_2560_ld_1_2560_1,Gemm_Rocblas_-9,0.0416284
GemmTunableOp_Half_NN,nn_1_3093_2560_ld_1_2560_1,Gemm_Rocblas_-9,0.0416204
GemmTunableOp_Half_NN,nn_1_32_2560_ld_1_2560_1,Gemm_Rocblas_-9,0.0135538
GemmTunableOp_Half_NN,nn_1_3_2560_ld_1_2560_1,Gemm_Rocblas_-9,0.01343999970704317
GemmTunableOp_Half_NN,nn_1_4096_2560_ld_1_2560_1,Gemm_Rocblas_-9,0.050408
GemmTunableOp_Half_NN,nn_1_43_2560_ld_1_2560_1,Gemm_Rocblas_-9,0.0136794
GemmTunableOp_Half_NN,nn_1_44_2560_ld_1_2560_1,Gemm_Rocblas_-9,0.013527
GemmTunableOp_Half_NN,nn_1_4_2560_ld_1_2560_1,Gemm_Rocblas_-9,0.013240000046789647
GemmTunableOp_Half_NN,nn_1_56_2560_ld_1_2560_1,Gemm_Rocblas_-9,0.013152
GemmTunableOp_Half_NN,nn_1_5_2560_ld_1_2560_1,Gemm_Rocblas_-9,0.013251999858766794
GemmTunableOp_Half_NN,nn_1_60_2560_ld_1_2560_1,Gemm_Rocblas_-9,0.0132584
GemmTunableOp_Half_NN,nn_1_64_2560_ld_1_2560_1,Gemm_Rocblas_-9,0.014145
GemmTunableOp_Half_NN,nn_1_65_2560_ld_1_2560_1,Gemm_Rocblas_-9,0.013424000050872565
GemmTunableOp_Half_NN,nn_1_66_2560_ld_1_2560_1,Gemm_Rocblas_-9,0.013223999924957753
GemmTunableOp_Half_NN,nn_1_67_2560_ld_1_2560_1,Gemm_Rocblas_-9,0.013351999968290328
GemmTunableOp_Half_NN,nn_1_68_2560_ld_1_2560_1,Gemm_Rocblas_-9,0.013383999932557343
GemmTunableOp_Half_NN,nn_1_692_2560_ld_1_2560_1,Gemm_Rocblas_-9,0.0183274
GemmTunableOp_Half_NN,nn_1_69_2560_ld_1_2560_1,Gemm_Rocblas_-9,0.013332000002264977
GemmTunableOp_Half_NN,nn_1_6_2560_ld_1_2560_1,Gemm_Rocblas_-9,0.013263999950140713
GemmTunableOp_Half_NN,nn_1_701_2560_ld_1_2560_1,Gemm_Rocblas_-9,0.01803999971598387
GemmTunableOp_Half_NN,nn_1_704_2560_ld_1_2560_1,Gemm_Rocblas_-9,0.0177704
GemmTunableOp_Half_NN,nn_1_70_2560_ld_1_2560_1,Gemm_Rocblas_-9,0.013259999919682741
GemmTunableOp_Half_NN,nn_1_71_2560_ld_1_2560_1,Gemm_Rocblas_-9,0.013251999858766794
GemmTunableOp_Half_NN,nn_1_784_2560_ld_1_2560_1,Gemm_Rocblas_-9,0.0178408
GemmTunableOp_Half_NN,nn_1_788_2560_ld_1_2560_1,Gemm_Rocblas_-9,0.017872
GemmTunableOp_Half_NN,nn_1_789_2560_ld_1_2560_1,Gemm_Rocblas_-9,0.0178228
GemmTunableOp_Half_NN,nn_1_7_2560_ld_1_2560_1,Gemm_Rocblas_-9,0.013143999967724085
GemmTunableOp_Half_NN,nn_1_804_2560_ld_1_2560_1,Gemm_Rocblas_-9,0.0177844
GemmTunableOp_Half_NN,nn_1_8_2560_ld_1_2560_1,Gemm_Rocblas_-9,0.013104000035673382
GemmTunableOp_Half_NN,nn_1_9_2560_ld_1_2560_1,Gemm_Rocblas_-9,0.013012
GemmTunableOp_Half_NN,nn_256_1024_5120_ld_256_5120_256,Gemm_Rocblas_-1086327941,0.1253814995288849
GemmTunableOp_Half_NN,nn_256_1037_5120_ld_256_5120_256,Gemm_Rocblas_-1086327943,0.14042970091104506
GemmTunableOp_Half_NN,nn_256_2048_5120_ld_256_5120_256,Gemm_Rocblas_-1086327941,0.25220270156860347
GemmTunableOp_Half_NN,nn_256_225_5120_ld_256_5120_256,Gemm_Rocblas_-1086327940,0.06104879938066006
GemmTunableOp_Half_NN,nn_3072_225_5120_ld_3072_5120_3072,Gemm_Rocblas_-1086327943,0.3741887003183365
GemmTunableOp_Half_NN,nn_4352_1024_5120_ld_4352_5120_4352,Gemm_Rocblas_-1086327927,1.8023547649383544
GemmTunableOp_Half_NN,nn_4352_1037_5120_ld_4352_5120_4352,Gemm_Rocblas_-1086327921,2.0803997993469237
GemmTunableOp_Half_NN,nn_4352_225_5120_ld_4352_5120_4352,Gemm_Rocblas_-1086328115,0.5004313915967941
GemmTunableOp_Half_NN,nn_5120_225_4352_ld_5120_4352_5120,Gemm_Rocblas_-1086327943,0.5140805065631866
GemmTunableOp_Half_NN,nn_512_1024_5120_ld_512_5120_512,Gemm_Rocblas_-1086327916,0.2492382988333702
GemmTunableOp_Half_NN,nn_512_1037_5120_ld_512_5120_512,Gemm_Rocblas_-1086327943,0.24175069928169252
GemmTunableOp_Half_NN,nn_512_225_5120_ld_512_5120_512,Gemm_Rocblas_-1086327945,0.08025299981236457
GemmTunableOp_Half_TN,tn_10240_1023_2560_ld_2560_2560_10240,Gemm_Rocblas_-1086326047,2.1423849582672116
GemmTunableOp_Half_TN,tn_10240_1024_2560_ld_2560_2560_10240,Gemm_Rocblas_-1086326047,2.05409
GemmTunableOp_Half_TN,tn_10240_1025_2560_ld_2560_2560_10240,Gemm_Rocblas_-1086326045,2.43968
GemmTunableOp_Half_TN,tn_10240_1026_2560_ld_2560_2560_10240,Gemm_Rocblas_-1086326045,2.809897150312151
GemmTunableOp_Half_TN,tn_10240_1027_2560_ld_2560_2560_10240,Gemm_Rocblas_-1086326045,2.13467
GemmTunableOp_Half_TN,tn_10240_1028_2560_ld_2560_2560_10240,Gemm_Rocblas_-1086326045,2.642817974090576
GemmTunableOp_Half_TN,tn_10240_1029_2560_ld_2560_2560_10240,Gemm_Rocblas_-1086326045,2.42651
GemmTunableOp_Half_TN,tn_10240_1030_2560_ld_2560_2560_10240,Gemm_Rocblas_-1086326045,2.644600205951267
GemmTunableOp_Half_TN,tn_10240_1031_2560_ld_2560_2560_10240,Gemm_Rocblas_-1086326045,2.34743
GemmTunableOp_Half_TN,tn_10240_1033_2560_ld_2560_2560_10240,Gemm_Rocblas_-1086326045,2.6522357728746204
GemmTunableOp_Half_TN,tn_10240_1036_2560_ld_2560_2560_10240,Gemm_Rocblas_-1086326045,2.6507068739997015
GemmTunableOp_Half_TN,tn_10240_1039_2560_ld_2560_2560_10240,Gemm_Rocblas_-1086326045,2.6581557856665716
GemmTunableOp_Half_TN,tn_10240_1042_2560_ld_2560_2560_10240,Gemm_Rocblas_-1086326045,2.6546580526563854
GemmTunableOp_Half_TN,tn_10240_1045_2560_ld_2560_2560_10240,Gemm_Rocblas_-1086326045,2.33782
GemmTunableOp_Half_TN,tn_10240_1088_320_ld_320_320_10240,Gemm_Rocblas_-1086326295,0.3074080973863602
GemmTunableOp_Half_TN,tn_10240_1125_2560_ld_2560_2560_10240,Gemm_Rocblas_-1086326045,2.718933211432563
GemmTunableOp_Half_TN,tn_10240_1152_320_ld_320_320_10240,Gemm_Rocblas_-1086326295,0.30204409658908843
GemmTunableOp_Half_TN,tn_10240_121_2560_ld_2560_2560_10240,Gemm_Rocblas_-1086326077,0.336982
GemmTunableOp_Half_TN,tn_10240_121_320_ld_320_320_10240,Gemm_Rocblas_-1086326116,0.06053999960422516
GemmTunableOp_Half_TN,tn_10240_1264_320_ld_320_320_10240,Gemm_Rocblas_-1086326295,0.318728
GemmTunableOp_Half_TN,tn_10240_127_2560_ld_2560_2560_10240,Gemm_Rocblas_-1086326077,0.35801619589328765
GemmTunableOp_Half_TN,tn_10240_128_2560_ld_2560_2560_10240,Gemm_Rocblas_-1086326077,0.34182810187339785
GemmTunableOp_Half_TN,tn_10240_128_320_ld_320_320_10240,Gemm_Rocblas_-1086326042,0.04810400009155273
GemmTunableOp_Half_TN,tn_10240_1295_320_ld_320_320_10240,Gemm_Rocblas_-1086326295,0.339083
GemmTunableOp_Half_TN,tn_10240_12_2560_ld_2560_2560_10240,Gemm_Rocblas_-1086326157,0.166367
GemmTunableOp_Half_TN,tn_10240_12_320_ld_320_320_10240,Gemm_Rocblas_-1086326152,0.02865
GemmTunableOp_Half_TN,tn_10240_130_2560_ld_2560_2560_10240,Gemm_Rocblas_-1086326077,0.5531162977218629
GemmTunableOp_Half_TN,tn_10240_1323_320_ld_320_320_10240,Gemm_Rocblas_-1086326295,0.347047
GemmTunableOp_Half_TN,tn_10240_1324_320_ld_320_320_10240,Gemm_Rocblas_-1086326295,0.346475
GemmTunableOp_Half_TN,tn_10240_1325_320_ld_320_320_10240,Gemm_Rocblas_-1086326295,0.346479
GemmTunableOp_Half_TN,tn_10240_1344_320_ld_320_320_10240,Gemm_Rocblas_-1086326295,0.3733121991157532
GemmTunableOp_Half_TN,tn_10240_134_2560_ld_2560_2560_10240,Gemm_Rocblas_-1086326077,0.5551602005958557
GemmTunableOp_Half_TN,tn_10240_1392_320_ld_320_320_10240,Gemm_Rocblas_-1086326295,0.340701
GemmTunableOp_Half_TN,tn_10240_1399_2560_ld_2560_2560_10240,Gemm_Rocblas_-1086326268,2.95732
GemmTunableOp_Half_TN,tn_10240_1399_320_ld_320_320_10240,Gemm_Rocblas_-1086326295,0.410568
GemmTunableOp_Half_TN,tn_10240_1408_320_ld_320_320_10240,Gemm_Rocblas_-1086326295,0.37034019231796267
GemmTunableOp_Half_TN,tn_10240_1445_320_ld_320_320_10240,Gemm_Rocblas_-1086326054,0.424551
GemmTunableOp_Half_TN,tn_10240_1600_320_ld_320_320_10240,Gemm_Rocblas_-1086326295,0.43409630060195925
GemmTunableOp_Half_TN,tn_10240_1664_320_ld_320_320_10240,Gemm_Rocblas_-1086326295,0.432900196313858
GemmTunableOp_Half_TN,tn_10240_1693_2560_ld_2560_2560_10240,Gemm_Rocblas_-1086326047,3.62911
GemmTunableOp_Half_TN,tn_10240_16_2560_ld_2560_2560_10240,Gemm_Rocblas_-1086326194,0.174539
GemmTunableOp_Half_TN,tn_10240_16_320_ld_320_320_10240,Gemm_Rocblas_-1086326178,0.0297492
GemmTunableOp_Half_TN,tn_10240_1888_320_ld_320_320_10240,Gemm_Rocblas_-1086326295,0.452807
GemmTunableOp_Half_TN,tn_10240_1920_320_ld_320_320_10240,Gemm_Rocblas_-1086326077,0.49944419562816617
GemmTunableOp_Half_TN,tn_10240_192_320_ld_320_320_10240,Gemm_Rocblas_-1086326044,0.06815210059285165
GemmTunableOp_Half_TN,tn_10240_1_2560_ld_2560_2560_10240,Gemm_Rocblas_-9,0.10404399931430819
GemmTunableOp_Half_TN,tn_10240_1_320_ld_320_320_10240,Gemm_Rocblas_-1086326220,0.021119899675250055
GemmTunableOp_Half_TN,tn_10240_2045_320_ld_320_320_10240,Gemm_Rocblas_-1086326056,0.559711
GemmTunableOp_Half_TN,tn_10240_2047_320_ld_320_320_10240,Gemm_Rocblas_-1086326056,0.528162
GemmTunableOp_Half_TN,tn_10240_2066_320_ld_320_320_10240,Gemm_Rocblas_-1086326295,0.609705
GemmTunableOp_Half_TN,tn_10240_2069_320_ld_320_320_10240,Gemm_Rocblas_-1086326295,0.60891
GemmTunableOp_Half_TN,tn_10240_225_2560_ld_2560_2560_10240,Gemm_Rocblas_-1086326077,0.60549
GemmTunableOp_Half_TN,tn_10240_225_320_ld_320_320_10240,Gemm_Rocblas_-1086326044,0.0873392
GemmTunableOp_Half_TN,tn_10240_240_2560_ld_2560_2560_10240,Gemm_Rocblas_-1086326277,0.592089
GemmTunableOp_Half_TN,tn_10240_240_320_ld_320_320_10240,Gemm_Rocblas_-1086326070,0.09442399889230726
GemmTunableOp_Half_TN,tn_10240_24_2560_ld_2560_2560_10240,Gemm_Rocblas_-1086326246,0.173288
GemmTunableOp_Half_TN,tn_10240_24_320_ld_320_320_10240,Gemm_Rocblas_-1086326243,0.0302
GemmTunableOp_Half_TN,tn_10240_256_320_ld_320_320_10240,Gemm_Rocblas_-1086326068,0.07840399891138078
GemmTunableOp_Half_TN,tn_10240_257_2560_ld_2560_2560_10240,Gemm_Rocblas_-1086326268,0.8161803960800171
GemmTunableOp_Half_TN,tn_10240_259_2560_ld_2560_2560_10240,Gemm_Rocblas_-1086326268,0.8139803946018218
GemmTunableOp_Half_TN,tn_10240_261_2560_ld_2560_2560_10240,Gemm_Rocblas_-1086326077,0.8229164004325866
GemmTunableOp_Half_TN,tn_10240_262_2560_ld_2560_2560_10240,Gemm_Rocblas_-1086326268,0.8228444099426269
GemmTunableOp_Half_TN,tn_10240_2_2560_ld_2560_2560_10240,Gemm_Rocblas_-1086326223,0.13672000169754026
GemmTunableOp_Half_TN,tn_10240_2_320_ld_320_320_10240,Gemm_Rocblas_-1086326222,0.022602000087499623
GemmTunableOp_Half_TN,tn_10240_3076_320_ld_320_320_10240,Gemm_Rocblas_-1086326056,0.840768
GemmTunableOp_Half_TN,tn_10240_320_320_ld_320_320_10240,Gemm_Rocblas_-1086326295,0.11162009909749031
GemmTunableOp_Half_TN,tn_10240_32_2560_ld_2560_2560_10240,Gemm_Rocblas_-1086326246,0.192082
GemmTunableOp_Half_TN,tn_10240_32_320_ld_320_320_10240,Gemm_Rocblas_-1086326242,0.0302236
GemmTunableOp_Half_TN,tn_10240_384_320_ld_320_320_10240,Gemm_Rocblas_-1086326295,0.11011599898338319
GemmTunableOp_Half_TN,tn_10240_3_2560_ld_2560_2560_10240,Gemm_Rocblas_-1086326221,0.13680399805307386
GemmTunableOp_Half_TN,tn_10240_3_320_ld_320_320_10240,Gemm_Rocblas_-1086326217,0.0217119999229908
GemmTunableOp_Half_TN,tn_10240_4096_320_ld_320_320_10240,Gemm_Rocblas_-1086326056,0.926163
GemmTunableOp_Half_TN,tn_10240_43_2560_ld_2560_2560_10240,Gemm_Rocblas_-1086326097,0.212151899933815
GemmTunableOp_Half_TN,tn_10240_43_320_ld_320_320_10240,Gemm_Rocblas_-1086326262,0.0398921
GemmTunableOp_Half_TN,tn_10240_448_320_ld_320_320_10240,Gemm_Rocblas_-1086326045,0.14866409897804259
GemmTunableOp_Half_TN,tn_10240_44_2560_ld_2560_2560_10240,Gemm_Rocblas_-1086326044,0.203517
GemmTunableOp_Half_TN,tn_10240_44_320_ld_320_320_10240,Gemm_Rocblas_-1086326262,0.0396337
GemmTunableOp_Half_TN,tn_10240_4_2560_ld_2560_2560_10240,Gemm_Rocblas_-1086326221,0.13663599938154222
GemmTunableOp_Half_TN,tn_10240_4_320_ld_320_320_10240,Gemm_Rocblas_-1086326222,0.023395999893546102
GemmTunableOp_Half_TN,tn_10240_56_2560_ld_2560_2560_10240,Gemm_Rocblas_-1086326044,0.214812
GemmTunableOp_Half_TN,tn_10240_56_320_ld_320_320_10240,Gemm_Rocblas_-1086326262,0.0399724
GemmTunableOp_Half_TN,tn_10240_576_320_ld_320_320_10240,Gemm_Rocblas_-1086326295,0.18251210004091262
GemmTunableOp_Half_TN,tn_10240_5_2560_ld_2560_2560_10240,Gemm_Rocblas_-1086326221,0.13767600059509277
GemmTunableOp_Half_TN,tn_10240_5_320_ld_320_320_10240,Gemm_Rocblas_-1086326215,0.024091999791562554
GemmTunableOp_Half_TN,tn_10240_60_2560_ld_2560_2560_10240,Gemm_Rocblas_-1086326044,0.204082
GemmTunableOp_Half_TN,tn_10240_60_320_ld_320_320_10240,Gemm_Rocblas_-1086326262,0.0407712
GemmTunableOp_Half_TN,tn_10240_64_2560_ld_2560_2560_10240,Gemm_Rocblas_-1086326044,0.197026
GemmTunableOp_Half_TN,tn_10240_64_320_ld_320_320_10240,Gemm_Rocblas_-1086326033,0.034694
GemmTunableOp_Half_TN,tn_10240_65_2560_ld_2560_2560_10240,Gemm_Rocblas_-1086326277,0.3381122022867203
GemmTunableOp_Half_TN,tn_10240_66_2560_ld_2560_2560_10240,Gemm_Rocblas_-1086326277,0.3381321996450425
GemmTunableOp_Half_TN,tn_10240_67_2560_ld_2560_2560_10240,Gemm_Rocblas_-1086326277,0.33806409537792204
GemmTunableOp_Half_TN,tn_10240_68_2560_ld_2560_2560_10240,Gemm_Rocblas_-1086326277,0.3386081993579864
GemmTunableOp_Half_TN,tn_10240_692_2560_ld_2560_2560_10240,Gemm_Rocblas_-1086326063,1.56126
GemmTunableOp_Half_TN,tn_10240_69_2560_ld_2560_2560_10240,Gemm_Rocblas_-1086326268,0.3380400955677032
GemmTunableOp_Half_TN,tn_10240_6_2560_ld_2560_2560_10240,Gemm_Rocblas_-1086326218,0.13767989873886108
GemmTunableOp_Half_TN,tn_10240_6_320_ld_320_320_10240,Gemm_Rocblas_-1086326163,0.025407999940216544
GemmTunableOp_Half_TN,tn_10240_701_2560_ld_2560_2560_10240,Gemm_Rocblas_-1086326063,1.53871
GemmTunableOp_Half_TN,tn_10240_704_2560_ld_2560_2560_10240,Gemm_Rocblas_-1086326063,1.59952
GemmTunableOp_Half_TN,tn_10240_70_2560_ld_2560_2560_10240,Gemm_Rocblas_-1086326268,0.33933209776878354
GemmTunableOp_Half_TN,tn_10240_71_2560_ld_2560_2560_10240,Gemm_Rocblas_-1086326268,0.3388920962810516
GemmTunableOp_Half_TN,tn_10240_784_2560_ld_2560_2560_10240,Gemm_Rocblas_-1086326045,1.8842
GemmTunableOp_Half_TN,tn_10240_788_2560_ld_2560_2560_10240,Gemm_Rocblas_-1086326045,1.90832
GemmTunableOp_Half_TN,tn_10240_789_2560_ld_2560_2560_10240,Gemm_Rocblas_-1086326045,1.90352
GemmTunableOp_Half_TN,tn_10240_7_2560_ld_2560_2560_10240,Gemm_Rocblas_-1086326218,0.13837600350379944
GemmTunableOp_Half_TN,tn_10240_7_320_ld_320_320_10240,Gemm_Rocblas_-1086326220,0.025352000072598458
GemmTunableOp_Half_TN,tn_10240_804_2560_ld_2560_2560_10240,Gemm_Rocblas_-1086326045,1.85368
GemmTunableOp_Half_TN,tn_10240_8_2560_ld_2560_2560_10240,Gemm_Rocblas_-1086326218,0.13933199793100357
GemmTunableOp_Half_TN,tn_10240_8_320_ld_320_320_10240,Gemm_Rocblas_-1086326215,0.024268000014126302
GemmTunableOp_Half_TN,tn_10240_9_2560_ld_2560_2560_10240,Gemm_Rocblas_-1086326159,0.165085
GemmTunableOp_Half_TN,tn_10240_9_320_ld_320_320_10240,Gemm_Rocblas_-1086326180,0.0298796
GemmTunableOp_Half_TN,tn_1152_1568_4608_ld_4608_4608_1152,Gemm_Rocblas_-1086326063,0.781231
GemmTunableOp_Half_TN,tn_1152_3136_4608_ld_4608_4608_1152,Gemm_Rocblas_-1086326063,1.51283
GemmTunableOp_Half_TN,tn_1152_6272_1536_ld_1536_1536_1152,Gemm_Rocblas_-1086326077,0.8946399986743927
GemmTunableOp_Half_TN,tn_24_1023_2560_ld_2560_2560_24,Gemm_Rocblas_-1086326202,0.042399999871850017
GemmTunableOp_Half_TN,tn_24_1024_2560_ld_2560_2560_24,Gemm_Rocblas_-1086326202,0.043476
GemmTunableOp_Half_TN,tn_24_1024_5120_ld_5120_5120_24,Gemm_Rocblas_-1086326202,0.07061289921402931
GemmTunableOp_Half_TN,tn_24_1025_2560_ld_2560_2560_24,Gemm_Rocblas_-1086326202,0.0438156
GemmTunableOp_Half_TN,tn_24_1026_2560_ld_2560_2560_24,Gemm_Rocblas_-1086326202,0.04184399954974652
GemmTunableOp_Half_TN,tn_24_1027_2560_ld_2560_2560_24,Gemm_Rocblas_-1086326202,0.043612
GemmTunableOp_Half_TN,tn_24_1028_2560_ld_2560_2560_24,Gemm_Rocblas_-1086326211,0.04168800078332424
GemmTunableOp_Half_TN,tn_24_1029_2560_ld_2560_2560_24,Gemm_Rocblas_-1086326202,0.0438388
GemmTunableOp_Half_TN,tn_24_1030_2560_ld_2560_2560_24,Gemm_Rocblas_-1086326202,0.041871999576687816
GemmTunableOp_Half_TN,tn_24_1031_2560_ld_2560_2560_24,Gemm_Rocblas_-1086326202,0.0438768
GemmTunableOp_Half_TN,tn_24_1033_2560_ld_2560_2560_24,Gemm_Rocblas_-1086326202,0.042176099866628645
GemmTunableOp_Half_TN,tn_24_1036_2560_ld_2560_2560_24,Gemm_Rocblas_-1086326202,0.0438844
GemmTunableOp_Half_TN,tn_24_1037_5120_ld_5120_5120_24,Gemm_Rocblas_-1086326139,0.0700008012354374
GemmTunableOp_Half_TN,tn_24_1039_2560_ld_2560_2560_24,Gemm_Rocblas_-1086326211,0.04172810018062592
GemmTunableOp_Half_TN,tn_24_1042_2560_ld_2560_2560_24,Gemm_Rocblas_-1086326202,0.043792
GemmTunableOp_Half_TN,tn_24_1045_2560_ld_2560_2560_24,Gemm_Rocblas_-1086326202,0.0436892
GemmTunableOp_Half_TN,tn_24_1125_2560_ld_2560_2560_24,Gemm_Rocblas_-1086326202,0.043956
GemmTunableOp_Half_TN,tn_24_121_2560_ld_2560_2560_24,Gemm_Rocblas_-1086326201,0.0251051
GemmTunableOp_Half_TN,tn_24_1264_2560_ld_2560_2560_24,Gemm_Rocblas_-1086326202,0.0506864
GemmTunableOp_Half_TN,tn_24_127_2560_ld_2560_2560_24,Gemm_Rocblas_-1086326214,0.027651000022888186
GemmTunableOp_Half_TN,tn_24_128_2560_ld_2560_2560_24,Gemm_Rocblas_-1086326201,0.025433999672532084
GemmTunableOp_Half_TN,tn_24_1295_2560_ld_2560_2560_24,Gemm_Rocblas_-1086326202,0.0510148
GemmTunableOp_Half_TN,tn_24_12_2560_ld_2560_2560_24,Gemm_Rocblas_-1086326212,0.0224692
GemmTunableOp_Half_TN,tn_24_130_2560_ld_2560_2560_24,Gemm_Rocblas_-1086326201,0.026584999822080138
GemmTunableOp_Half_TN,tn_24_1323_2560_ld_2560_2560_24,Gemm_Rocblas_-1086326202,0.051236
GemmTunableOp_Half_TN,tn_24_1324_2560_ld_2560_2560_24,Gemm_Rocblas_-1086326202,0.0512508
GemmTunableOp_Half_TN,tn_24_1325_2560_ld_2560_2560_24,Gemm_Rocblas_-1086326202,0.0514188
GemmTunableOp_Half_TN,tn_24_134_2560_ld_2560_2560_24,Gemm_Rocblas_-1086326201,0.024808000028133395
GemmTunableOp_Half_TN,tn_24_1392_2560_ld_2560_2560_24,Gemm_Rocblas_-1086326202,0.051124
GemmTunableOp_Half_TN,tn_24_1399_2560_ld_2560_2560_24,Gemm_Rocblas_-1086326202,0.0530596
GemmTunableOp_Half_TN,tn_24_1445_2560_ld_2560_2560_24,Gemm_Rocblas_-1086326139,0.0523404
GemmTunableOp_Half_TN,tn_24_1495_2560_ld_2560_2560_24,Gemm_Rocblas_-1086326139,0.0541025
GemmTunableOp_Half_TN,tn_24_1693_2560_ld_2560_2560_24,Gemm_Rocblas_-1086326139,0.0544963
GemmTunableOp_Half_TN,tn_24_16_2560_ld_2560_2560_24,Gemm_Rocblas_-1086326201,0.0234607
GemmTunableOp_Half_TN,tn_24_16_5120_ld_5120_5120_24,Gemm_Rocblas_-1086326201,0.031104500032961363
GemmTunableOp_Half_TN,tn_24_1786_2560_ld_2560_2560_24,Gemm_Rocblas_-1086326139,0.05502810031175613
GemmTunableOp_Half_TN,tn_24_1888_2560_ld_2560_2560_24,Gemm_Rocblas_-1086326139,0.0557756
GemmTunableOp_Half_TN,tn_24_1968_2560_ld_2560_2560_24,Gemm_Rocblas_-1086326139,0.0563424
GemmTunableOp_Half_TN,tn_24_1969_2560_ld_2560_2560_24,Gemm_Rocblas_-1086326139,0.0619115
GemmTunableOp_Half_TN,tn_24_1_2560_ld_2560_2560_24,Gemm_Rocblas_-9,0.013204000052064655
GemmTunableOp_Half_TN,tn_24_1_5120_ld_5120_5120_24,Gemm_Rocblas_-9,0.015468200016766787
GemmTunableOp_Half_TN,tn_24_2045_2560_ld_2560_2560_24,Gemm_Rocblas_-1086326139,0.0567065
GemmTunableOp_Half_TN,tn_24_2046_2560_ld_2560_2560_24,Gemm_Rocblas_-1086326139,0.0566708
GemmTunableOp_Half_TN,tn_24_2047_2560_ld_2560_2560_24,Gemm_Rocblas_-1086326139,0.0565908
GemmTunableOp_Half_TN,tn_24_2048_2560_ld_2560_2560_24,Gemm_Rocblas_-1086326139,0.0588471
GemmTunableOp_Half_TN,tn_24_2048_5120_ld_5120_5120_24,Gemm_Rocblas_-1086326139,0.09290900006890297
GemmTunableOp_Half_TN,tn_24_2066_2560_ld_2560_2560_24,Gemm_Rocblas_-1086326139,0.0568568
GemmTunableOp_Half_TN,tn_24_2069_2560_ld_2560_2560_24,Gemm_Rocblas_-1086326139,0.0577688
GemmTunableOp_Half_TN,tn_24_225_2560_ld_2560_2560_24,Gemm_Rocblas_-1086326210,0.025138
GemmTunableOp_Half_TN,tn_24_225_5120_ld_5120_5120_24,Gemm_Rocblas_-1086326210,0.03763649947941303
GemmTunableOp_Half_TN,tn_24_240_2560_ld_2560_2560_24,Gemm_Rocblas_-1086326210,0.0241356
GemmTunableOp_Half_TN,tn_24_24_2560_ld_2560_2560_24,Gemm_Rocblas_-1086326201,0.0223808
GemmTunableOp_Half_TN,tn_24_257_2560_ld_2560_2560_24,Gemm_Rocblas_-1086326200,0.02720800004899502
GemmTunableOp_Half_TN,tn_24_259_2560_ld_2560_2560_24,Gemm_Rocblas_-1086326210,0.026915999501943587
GemmTunableOp_Half_TN,tn_24_261_2560_ld_2560_2560_24,Gemm_Rocblas_-1086326210,0.02813009973615408
GemmTunableOp_Half_TN,tn_24_262_2560_ld_2560_2560_24,Gemm_Rocblas_-1086326201,0.027271999791264535
GemmTunableOp_Half_TN,tn_24_2_2560_ld_2560_2560_24,Gemm_Rocblas_-1086326201,0.02547009959816933
GemmTunableOp_Half_TN,tn_24_2_5120_ld_5120_5120_24,Gemm_Rocblas_-1086326201,0.030544400028884408
GemmTunableOp_Half_TN,tn_24_3073_2560_ld_2560_2560_24,Gemm_Rocblas_-1086326246,0.070844
GemmTunableOp_Half_TN,tn_24_3074_2560_ld_2560_2560_24,Gemm_Rocblas_-1086326246,0.0704116
GemmTunableOp_Half_TN,tn_24_3075_2560_ld_2560_2560_24,Gemm_Rocblas_-1086326246,0.0706264
GemmTunableOp_Half_TN,tn_24_3076_2560_ld_2560_2560_24,Gemm_Rocblas_-1086326246,0.0704784
GemmTunableOp_Half_TN,tn_24_3077_2560_ld_2560_2560_24,Gemm_Rocblas_-1086326246,0.0706892
GemmTunableOp_Half_TN,tn_24_3078_2560_ld_2560_2560_24,Gemm_Rocblas_-1086326246,0.0712828
GemmTunableOp_Half_TN,tn_24_3079_2560_ld_2560_2560_24,Gemm_Rocblas_-1086326246,0.0714116
GemmTunableOp_Half_TN,tn_24_3081_2560_ld_2560_2560_24,Gemm_Rocblas_-1086326246,0.0703724
GemmTunableOp_Half_TN,tn_24_3084_2560_ld_2560_2560_24,Gemm_Rocblas_-1086326246,0.0705064
GemmTunableOp_Half_TN,tn_24_3087_2560_ld_2560_2560_24,Gemm_Rocblas_-1086326246,0.0709072
GemmTunableOp_Half_TN,tn_24_3090_2560_ld_2560_2560_24,Gemm_Rocblas_-1086326246,0.0709912
GemmTunableOp_Half_TN,tn_24_3093_2560_ld_2560_2560_24,Gemm_Rocblas_-1086326246,0.0710172
GemmTunableOp_Half_TN,tn_24_32_2560_ld_2560_2560_24,Gemm_Rocblas_-1086326201,0.0234163
GemmTunableOp_Half_TN,tn_24_3_2560_ld_2560_2560_24,Gemm_Rocblas_-1086326206,0.024525999836623666
GemmTunableOp_Half_TN,tn_24_3_5120_ld_5120_5120_24,Gemm_Rocblas_-1086326201,0.03069649990648031
GemmTunableOp_Half_TN,tn_24_4096_2560_ld_2560_2560_24,Gemm_Rocblas_-1086326246,0.0814872
GemmTunableOp_Half_TN,tn_24_43_2560_ld_2560_2560_24,Gemm_Rocblas_-1086326201,0.0233715
GemmTunableOp_Half_TN,tn_24_44_2560_ld_2560_2560_24,Gemm_Rocblas_-1086326206,0.0235915
GemmTunableOp_Half_TN,tn_24_4_2560_ld_2560_2560_24,Gemm_Rocblas_-1086326201,0.025120999850332736
GemmTunableOp_Half_TN,tn_24_4_5120_ld_5120_5120_24,Gemm_Rocblas_-1086326214,0.031112300045788285
GemmTunableOp_Half_TN,tn_24_56_2560_ld_2560_2560_24,Gemm_Rocblas_-1086326212,0.0224968
GemmTunableOp_Half_TN,tn_24_57_5120_ld_5120_5120_24,Gemm_Rocblas_-1086326201,0.030852299556136133
GemmTunableOp_Half_TN,tn_24_5_2560_ld_2560_2560_24,Gemm_Rocblas_-1086326201,0.024416000209748743
GemmTunableOp_Half_TN,tn_24_5_5120_ld_5120_5120_24,Gemm_Rocblas_-1086326201,0.03074849992990494
GemmTunableOp_Half_TN,tn_24_60_2560_ld_2560_2560_24,Gemm_Rocblas_-1086326201,0.022618
GemmTunableOp_Half_TN,tn_24_64_2560_ld_2560_2560_24,Gemm_Rocblas_-1086326201,0.0234759
GemmTunableOp_Half_TN,tn_24_65_2560_ld_2560_2560_24,Gemm_Rocblas_-1086326212,0.026638999953866
GemmTunableOp_Half_TN,tn_24_66_2560_ld_2560_2560_24,Gemm_Rocblas_-1086326201,0.025406000204384323
GemmTunableOp_Half_TN,tn_24_67_2560_ld_2560_2560_24,Gemm_Rocblas_-1086326201,0.027202999778091905
GemmTunableOp_Half_TN,tn_24_68_2560_ld_2560_2560_24,Gemm_Rocblas_-1086326212,0.02689199987798929
GemmTunableOp_Half_TN,tn_24_692_2560_ld_2560_2560_24,Gemm_Rocblas_-1086326202,0.0395589
GemmTunableOp_Half_TN,tn_24_69_2560_ld_2560_2560_24,Gemm_Rocblas_-1086326200,0.026849999465048312
GemmTunableOp_Half_TN,tn_24_6_2560_ld_2560_2560_24,Gemm_Rocblas_-1086326212,0.024433999694883825
GemmTunableOp_Half_TN,tn_24_6_5120_ld_5120_5120_24,Gemm_Rocblas_-1086326201,0.030628500133752824
GemmTunableOp_Half_TN,tn_24_701_2560_ld_2560_2560_24,Gemm_Rocblas_-1086326202,0.0395165
GemmTunableOp_Half_TN,tn_24_704_2560_ld_2560_2560_24,Gemm_Rocblas_-1086326202,0.0385176
GemmTunableOp_Half_TN,tn_24_70_2560_ld_2560_2560_24,Gemm_Rocblas_-1086326206,0.025954999960958958
GemmTunableOp_Half_TN,tn_24_71_2560_ld_2560_2560_24,Gemm_Rocblas_-1086326201,0.025028000026941298
GemmTunableOp_Half_TN,tn_24_784_2560_ld_2560_2560_24,Gemm_Rocblas_-1086326202,0.038628
GemmTunableOp_Half_TN,tn_24_788_2560_ld_2560_2560_24,Gemm_Rocblas_-1086326202,0.0386812
GemmTunableOp_Half_TN,tn_24_789_2560_ld_2560_2560_24,Gemm_Rocblas_-1086326202,0.0386804
GemmTunableOp_Half_TN,tn_24_7_2560_ld_2560_2560_24,Gemm_Rocblas_-1086326201,0.023928999714553357
GemmTunableOp_Half_TN,tn_24_7_5120_ld_5120_5120_24,Gemm_Rocblas_-1086326214,0.03133619967848062
GemmTunableOp_Half_TN,tn_24_804_2560_ld_2560_2560_24,Gemm_Rocblas_-1086326202,0.0388436
GemmTunableOp_Half_TN,tn_24_8_2560_ld_2560_2560_24,Gemm_Rocblas_-1086326201,0.024475000053644183
GemmTunableOp_Half_TN,tn_24_8_5120_ld_5120_5120_24,Gemm_Rocblas_-1086326212,0.03080830033868551
GemmTunableOp_Half_TN,tn_24_9_2560_ld_2560_2560_24,Gemm_Rocblas_-1086326201,0.024624999985098837
GemmTunableOp_Half_TN,tn_2560_1023_2560_ld_2560_2560_2560,Gemm_Rocblas_-1086326077,0.6036322951316834
GemmTunableOp_Half_TN,tn_2560_1024_2560_ld_2560_2560_2560,Gemm_Rocblas_-1086326277,0.554948
GemmTunableOp_Half_TN,tn_2560_121_1536_ld_1536_1536_2560,Gemm_Rocblas_-1086326122,0.0924368
GemmTunableOp_Half_TN,tn_2560_121_2560_ld_2560_2560_2560,Gemm_Rocblas_-1086326133,0.140327
GemmTunableOp_Half_TN,tn_2560_1264_2560_ld_2560_2560_2560,Gemm_Rocblas_-1086326079,0.716284
GemmTunableOp_Half_TN,tn_2560_127_1536_ld_1536_1536_2560,Gemm_Rocblas_-1086326108,0.09011599943041801
GemmTunableOp_Half_TN,tn_2560_128_1536_ld_1536_1536_2560,Gemm_Rocblas_-1086326133,0.07523999884724616
GemmTunableOp_Half_TN,tn_2560_128_2560_ld_2560_2560_2560,Gemm_Rocblas_-1086326128,0.11136409938335419
GemmTunableOp_Half_TN,tn_2560_1295_160_ld_160_160_2560,Gemm_Rocblas_-1086326068,0.0624556
GemmTunableOp_Half_TN,tn_2560_1295_2560_ld_2560_2560_2560,Gemm_Rocblas_-1086326277,0.842687
GemmTunableOp_Half_TN,tn_2560_12_1536_ld_1536_1536_2560,Gemm_Rocblas_-1086326194,0.04148410037159919
GemmTunableOp_Half_TN,tn_2560_12_2560_ld_2560_2560_2560,Gemm_Rocblas_-1086326194,0.0593548
GemmTunableOp_Half_TN,tn_2560_130_1536_ld_1536_1536_2560,Gemm_Rocblas_-1086326060,0.08975599929690362
GemmTunableOp_Half_TN,tn_2560_130_2560_ld_2560_2560_2560,Gemm_Rocblas_-1086326060,0.14620809853076935
GemmTunableOp_Half_TN,tn_2560_1323_160_ld_160_160_2560,Gemm_Rocblas_-1086326038,0.0578804
GemmTunableOp_Half_TN,tn_2560_1323_2560_ld_2560_2560_2560,Gemm_Rocblas_-1086326277,0.8456
GemmTunableOp_Half_TN,tn_2560_1324_160_ld_160_160_2560,Gemm_Rocblas_-1086326068,0.0623332
GemmTunableOp_Half_TN,tn_2560_1324_2560_ld_2560_2560_2560,Gemm_Rocblas_-1086326277,0.843554
GemmTunableOp_Half_TN,tn_2560_1325_160_ld_160_160_2560,Gemm_Rocblas_-1086326068,0.0626616
GemmTunableOp_Half_TN,tn_2560_1325_2560_ld_2560_2560_2560,Gemm_Rocblas_-1086326277,0.845924
GemmTunableOp_Half_TN,tn_2560_134_1536_ld_1536_1536_2560,Gemm_Rocblas_-1086326060,0.08911209776997567
GemmTunableOp_Half_TN,tn_2560_134_2560_ld_2560_2560_2560,Gemm_Rocblas_-1086326060,0.14608409851789475
GemmTunableOp_Half_TN,tn_2560_1392_2560_ld_2560_2560_2560,Gemm_Rocblas_-1086326277,0.839519
GemmTunableOp_Half_TN,tn_2560_1399_2560_ld_2560_2560_2560,Gemm_Rocblas_-1086326277,0.896697
GemmTunableOp_Half_TN,tn_2560_1445_2560_ld_2560_2560_2560,Gemm_Rocblas_-1086326277,0.83681
GemmTunableOp_Half_TN,tn_2560_1568_1152_ld_1152_1152_2560,Gemm_Rocblas_-1086326056,0.398594
GemmTunableOp_Half_TN,tn_2560_1693_2560_ld_2560_2560_2560,Gemm_Rocblas_-1086326063,0.986781
GemmTunableOp_Half_TN,tn_2560_16_1536_ld_1536_1536_2560,Gemm_Rocblas_-1086326157,0.0425034
GemmTunableOp_Half_TN,tn_2560_16_2560_ld_2560_2560_2560,Gemm_Rocblas_-1086326157,0.0618436
GemmTunableOp_Half_TN,tn_2560_1888_2560_ld_2560_2560_2560,Gemm_Rocblas_-1086326277,1.07874
GemmTunableOp_Half_TN,tn_2560_1_1536_ld_1536_1536_2560,Gemm_Rocblas_-9,0.03106799982488155
GemmTunableOp_Half_TN,tn_2560_1_2560_ld_2560_2560_2560,Gemm_Rocblas_-9,0.03691999986767769
GemmTunableOp_Half_TN,tn_2560_2048_2560_ld_2560_2560_2560,Gemm_Rocblas_-1086326063,1.10171
GemmTunableOp_Half_TN,tn_2560_2066_1536_ld_1536_1536_2560,Gemm_Rocblas_-1086326063,0.693515
GemmTunableOp_Half_TN,tn_2560_2069_1536_ld_1536_1536_2560,Gemm_Rocblas_-1086326063,0.702155
GemmTunableOp_Half_TN,tn_2560_225_1536_ld_1536_1536_2560,Gemm_Rocblas_-1086326044,0.130374
GemmTunableOp_Half_TN,tn_2560_225_2560_ld_2560_2560_2560,Gemm_Rocblas_-1086326128,0.2196
GemmTunableOp_Half_TN,tn_2560_240_1536_ld_1536_1536_2560,Gemm_Rocblas_-1086326044,0.125746
GemmTunableOp_Half_TN,tn_2560_240_160_ld_160_160_2560,Gemm_Rocblas_-1086326262,0.0280372
GemmTunableOp_Half_TN,tn_2560_240_2560_ld_2560_2560_2560,Gemm_Rocblas_-1086326128,0.220441
GemmTunableOp_Half_TN,tn_2560_24_1536_ld_1536_1536_2560,Gemm_Rocblas_-1086326246,0.0477996
GemmTunableOp_Half_TN,tn_2560_24_2560_ld_2560_2560_2560,Gemm_Rocblas_-1086326140,0.0682752
GemmTunableOp_Half_TN,tn_2560_257_1536_ld_1536_1536_2560,Gemm_Rocblas_-1086326044,0.1312080979347229
GemmTunableOp_Half_TN,tn_2560_259_1536_ld_1536_1536_2560,Gemm_Rocblas_-1086326044,0.12678810060024262
GemmTunableOp_Half_TN,tn_2560_261_1536_ld_1536_1536_2560,Gemm_Rocblas_-1086326044,0.12752400189638136
GemmTunableOp_Half_TN,tn_2560_262_1536_ld_1536_1536_2560,Gemm_Rocblas_-1086326044,0.12800009921193123
GemmTunableOp_Half_TN,tn_2560_3073_2560_ld_2560_2560_2560,Gemm_Rocblas_-1086326079,1.81378
GemmTunableOp_Half_TN,tn_2560_3074_2560_ld_2560_2560_2560,Gemm_Rocblas_-1086326063,1.79107
GemmTunableOp_Half_TN,tn_2560_3075_1536_ld_1536_1536_2560,Gemm_Rocblas_-1086326063,1.03252
GemmTunableOp_Half_TN,tn_2560_3075_2560_ld_2560_2560_2560,Gemm_Rocblas_-1086326277,1.72939
GemmTunableOp_Half_TN,tn_2560_3076_2560_ld_2560_2560_2560,Gemm_Rocblas_-1086326277,1.72486
GemmTunableOp_Half_TN,tn_2560_3078_1536_ld_1536_1536_2560,Gemm_Rocblas_-1086326063,0.998196
GemmTunableOp_Half_TN,tn_2560_3078_2560_ld_2560_2560_2560,Gemm_Rocblas_-1086326277,1.69348
GemmTunableOp_Half_TN,tn_2560_3079_2560_ld_2560_2560_2560,Gemm_Rocblas_-1086326277,1.64891
GemmTunableOp_Half_TN,tn_2560_3081_2560_ld_2560_2560_2560,Gemm_Rocblas_-1086326063,1.78066
GemmTunableOp_Half_TN,tn_2560_3087_1536_ld_1536_1536_2560,Gemm_Rocblas_-1086326063,1.05627
GemmTunableOp_Half_TN,tn_2560_3090_1536_ld_1536_1536_2560,Gemm_Rocblas_-1086326063,1.06231
GemmTunableOp_Half_TN,tn_2560_3090_2560_ld_2560_2560_2560,Gemm_Rocblas_-1086326277,1.76734
GemmTunableOp_Half_TN,tn_2560_3093_1536_ld_1536_1536_2560,Gemm_Rocblas_-1086326063,1.08123
GemmTunableOp_Half_TN,tn_2560_3093_2560_ld_2560_2560_2560,Gemm_Rocblas_-1086326063,1.7682
GemmTunableOp_Half_TN,tn_2560_32_1536_ld_1536_1536_2560,Gemm_Rocblas_-1086326246,0.050649
GemmTunableOp_Half_TN,tn_2560_32_2560_ld_2560_2560_2560,Gemm_Rocblas_-1086326134,0.0748833
GemmTunableOp_Half_TN,tn_2560_4096_2560_ld_2560_2560_2560,Gemm_Rocblas_-1086326063,1.70785
GemmTunableOp_Half_TN,tn_2560_43_1536_ld_1536_1536_2560,Gemm_Rocblas_-1086326134,0.0612284
GemmTunableOp_Half_TN,tn_2560_43_2560_ld_2560_2560_2560,Gemm_Rocblas_-1086326134,0.077941
GemmTunableOp_Half_TN,tn_2560_44_1536_ld_1536_1536_2560,Gemm_Rocblas_-1086326140,0.0617716
GemmTunableOp_Half_TN,tn_2560_44_2560_ld_2560_2560_2560,Gemm_Rocblas_-1086326140,0.0788078
GemmTunableOp_Half_TN,tn_2560_4_1536_ld_1536_1536_2560,Gemm_Rocblas_-1086326223,0.04003999941051007
GemmTunableOp_Half_TN,tn_2560_56_1536_ld_1536_1536_2560,Gemm_Rocblas_-1086326140,0.0624264
GemmTunableOp_Half_TN,tn_2560_56_2560_ld_2560_2560_2560,Gemm_Rocblas_-1086326129,0.0790684
GemmTunableOp_Half_TN,tn_2560_5_1536_ld_1536_1536_2560,Gemm_Rocblas_-1086326218,0.03852000050246715
GemmTunableOp_Half_TN,tn_2560_60_1536_ld_1536_1536_2560,Gemm_Rocblas_-1086326134,0.0634912
GemmTunableOp_Half_TN,tn_2560_60_2560_ld_2560_2560_2560,Gemm_Rocblas_-1086326129,0.080584
GemmTunableOp_Half_TN,tn_2560_64_1536_ld_1536_1536_2560,Gemm_Rocblas_-1086326140,0.0527402
GemmTunableOp_Half_TN,tn_2560_64_2560_ld_2560_2560_2560,Gemm_Rocblas_-1086326140,0.0721813
GemmTunableOp_Half_TN,tn_2560_65_1536_ld_1536_1536_2560,Gemm_Rocblas_-1086326129,0.07026809975504873
GemmTunableOp_Half_TN,tn_2560_65_2560_ld_2560_2560_2560,Gemm_Rocblas_-1086326127,0.10907999947667123
GemmTunableOp_Half_TN,tn_2560_66_1536_ld_1536_1536_2560,Gemm_Rocblas_-1086326129,0.06975600048899651
GemmTunableOp_Half_TN,tn_2560_66_2560_ld_2560_2560_2560,Gemm_Rocblas_-1086326127,0.10932399928569793
GemmTunableOp_Half_TN,tn_2560_67_1536_ld_1536_1536_2560,Gemm_Rocblas_-1086326129,0.0715279996395111
GemmTunableOp_Half_TN,tn_2560_67_2560_ld_2560_2560_2560,Gemm_Rocblas_-1086326127,0.1096840001642704
GemmTunableOp_Half_TN,tn_2560_68_1536_ld_1536_1536_2560,Gemm_Rocblas_-1086326129,0.07259200140833855
GemmTunableOp_Half_TN,tn_2560_68_2560_ld_2560_2560_2560,Gemm_Rocblas_-1086326128,0.11114409938454628
GemmTunableOp_Half_TN,tn_2560_692_2560_ld_2560_2560_2560,Gemm_Rocblas_-1086326063,0.460849
GemmTunableOp_Half_TN,tn_2560_69_1536_ld_1536_1536_2560,Gemm_Rocblas_-1086326129,0.07329210042953492
GemmTunableOp_Half_TN,tn_2560_69_2560_ld_2560_2560_2560,Gemm_Rocblas_-1086326128,0.11221999973058701
GemmTunableOp_Half_TN,tn_2560_6_1536_ld_1536_1536_2560,Gemm_Rocblas_-1086326221,0.04002010002732277
GemmTunableOp_Half_TN,tn_2560_701_2560_ld_2560_2560_2560,Gemm_Rocblas_-1086326079,0.459616
GemmTunableOp_Half_TN,tn_2560_704_2560_ld_2560_2560_2560,Gemm_Rocblas_-1086326063,0.453492
GemmTunableOp_Half_TN,tn_2560_70_1536_ld_1536_1536_2560,Gemm_Rocblas_-1086326129,0.07145199850201607
GemmTunableOp_Half_TN,tn_2560_70_2560_ld_2560_2560_2560,Gemm_Rocblas_-1086326128,0.11205200031399727
GemmTunableOp_Half_TN,tn_2560_71_1536_ld_1536_1536_2560,Gemm_Rocblas_-1086326129,0.07290409952402116
GemmTunableOp_Half_TN,tn_2560_71_2560_ld_2560_2560_2560,Gemm_Rocblas_-1086326128,0.11287199929356574
GemmTunableOp_Half_TN,tn_2560_784_1536_ld_1536_1536_2560,Gemm_Rocblas_-1086326277,0.292381
GemmTunableOp_Half_TN,tn_2560_784_160_ld_160_160_2560,Gemm_Rocblas_-1086326051,0.0416156
GemmTunableOp_Half_TN,tn_2560_788_1536_ld_1536_1536_2560,Gemm_Rocblas_-1086326277,0.299363
GemmTunableOp_Half_TN,tn_2560_788_160_ld_160_160_2560,Gemm_Rocblas_-1086326276,0.0434008
GemmTunableOp_Half_TN,tn_2560_789_1536_ld_1536_1536_2560,Gemm_Rocblas_-1086326277,0.292467
GemmTunableOp_Half_TN,tn_2560_789_160_ld_160_160_2560,Gemm_Rocblas_-1086326276,0.0438344
GemmTunableOp_Half_TN,tn_2560_804_1536_ld_1536_1536_2560,Gemm_Rocblas_-1086326277,0.29867
GemmTunableOp_Half_TN,tn_2560_9_1536_ld_1536_1536_2560,Gemm_Rocblas_-1086326284,0.0410064
GemmTunableOp_Half_TN,tn_2560_9_2560_ld_2560_2560_2560,Gemm_Rocblas_-1086326284,0.0590812
GemmTunableOp_Half_TN,tn_320_1023_2560_ld_2560_2560_320,Gemm_Rocblas_-1086326128,0.12074810042977335
GemmTunableOp_Half_TN,tn_320_1024_10240_ld_10240_10240_320,Gemm_Rocblas_-1086326082,0.402021
GemmTunableOp_Half_TN,tn_320_1024_2560_ld_2560_2560_320,Gemm_Rocblas_-1086326128,0.12309
GemmTunableOp_Half_TN,tn_320_1025_10240_ld_10240_10240_320,Gemm_Rocblas_-1086326082,0.435467
GemmTunableOp_Half_TN,tn_320_1025_2560_ld_2560_2560_320,Gemm_Rocblas_-1086326128,0.125786
GemmTunableOp_Half_TN,tn_320_1026_10240_ld_10240_10240_320,Gemm_Rocblas_-1086326082,0.4244359940290451
GemmTunableOp_Half_TN,tn_320_1026_2560_ld_2560_2560_320,Gemm_Rocblas_-1086326128,0.11302399933338164
GemmTunableOp_Half_TN,tn_320_1027_10240_ld_10240_10240_320,Gemm_Rocblas_-1086326082,0.446597
GemmTunableOp_Half_TN,tn_320_1027_2560_ld_2560_2560_320,Gemm_Rocblas_-1086326128,0.122838
GemmTunableOp_Half_TN,tn_320_1028_10240_ld_10240_10240_320,Gemm_Rocblas_-1086326082,0.4306964010000229
GemmTunableOp_Half_TN,tn_320_1028_2560_ld_2560_2560_320,Gemm_Rocblas_-1086326128,0.12483209893107415
GemmTunableOp_Half_TN,tn_320_1029_10240_ld_10240_10240_320,Gemm_Rocblas_-1086326082,0.45484
GemmTunableOp_Half_TN,tn_320_1029_2560_ld_2560_2560_320,Gemm_Rocblas_-1086326128,0.131804
GemmTunableOp_Half_TN,tn_320_1030_10240_ld_10240_10240_320,Gemm_Rocblas_-1086326082,0.4291810989379883
GemmTunableOp_Half_TN,tn_320_1030_2560_ld_2560_2560_320,Gemm_Rocblas_-1086326128,0.12563209906220435
GemmTunableOp_Half_TN,tn_320_1031_10240_ld_10240_10240_320,Gemm_Rocblas_-1086326082,0.438767
GemmTunableOp_Half_TN,tn_320_1031_2560_ld_2560_2560_320,Gemm_Rocblas_-1086326128,0.128897
GemmTunableOp_Half_TN,tn_320_1033_10240_ld_10240_10240_320,Gemm_Rocblas_-1086326082,0.43360849618911745
GemmTunableOp_Half_TN,tn_320_1033_2560_ld_2560_2560_320,Gemm_Rocblas_-1086326128,0.1260042004287243
GemmTunableOp_Half_TN,tn_320_1036_10240_ld_10240_10240_320,Gemm_Rocblas_-1086326082,0.455753
GemmTunableOp_Half_TN,tn_320_1036_2560_ld_2560_2560_320,Gemm_Rocblas_-1086326128,0.131973
GemmTunableOp_Half_TN,tn_320_1039_10240_ld_10240_10240_320,Gemm_Rocblas_-1086326082,0.43192449808120725
GemmTunableOp_Half_TN,tn_320_1039_2560_ld_2560_2560_320,Gemm_Rocblas_-1086326128,0.12678009942173957
GemmTunableOp_Half_TN,tn_320_1042_10240_ld_10240_10240_320,Gemm_Rocblas_-1086326082,0.4340440988540649
GemmTunableOp_Half_TN,tn_320_1042_2560_ld_2560_2560_320,Gemm_Rocblas_-1086326128,0.127411
GemmTunableOp_Half_TN,tn_320_1045_10240_ld_10240_10240_320,Gemm_Rocblas_-1086326082,0.439119
GemmTunableOp_Half_TN,tn_320_1045_2560_ld_2560_2560_320,Gemm_Rocblas_-1086326083,0.131679
GemmTunableOp_Half_TN,tn_320_1088_10240_ld_10240_10240_320,Gemm_Rocblas_-1086326082,0.4346722006797791
GemmTunableOp_Half_TN,tn_320_1125_10240_ld_10240_10240_320,Gemm_Rocblas_-1086326084,0.463559
GemmTunableOp_Half_TN,tn_320_1125_2560_ld_2560_2560_320,Gemm_Rocblas_-1086326128,0.133558
GemmTunableOp_Half_TN,tn_320_121_10240_ld_10240_10240_320,Gemm_Rocblas_-1086326134,0.129718
GemmTunableOp_Half_TN,tn_320_121_2560_ld_2560_2560_320,Gemm_Rocblas_-1086326134,0.0459682
GemmTunableOp_Half_TN,tn_320_1264_10240_ld_10240_10240_320,Gemm_Rocblas_-1086326098,0.521503
GemmTunableOp_Half_TN,tn_320_1264_2560_ld_2560_2560_320,Gemm_Rocblas_-1086326078,0.142271
GemmTunableOp_Half_TN,tn_320_127_2560_ld_2560_2560_320,Gemm_Rocblas_-1086326134,0.04338409975171089
GemmTunableOp_Half_TN,tn_320_128_10240_ld_10240_10240_320,Gemm_Rocblas_-1086326127,0.12244809940457344
GemmTunableOp_Half_TN,tn_320_128_2560_ld_2560_2560_320,Gemm_Rocblas_-1086326129,0.041895999759435656
GemmTunableOp_Half_TN,tn_320_1295_10240_ld_10240_10240_320,Gemm_Rocblas_-1086326082,0.48746
GemmTunableOp_Half_TN,tn_320_1295_2560_ld_2560_2560_320,Gemm_Rocblas_-1086326062,0.145424
GemmTunableOp_Half_TN,tn_320_12_10240_ld_10240_10240_320,Gemm_Rocblas_-1086326214,0.0591872
GemmTunableOp_Half_TN,tn_320_12_2560_ld_2560_2560_320,Gemm_Rocblas_-1086326200,0.0237404
GemmTunableOp_Half_TN,tn_320_130_2560_ld_2560_2560_320,Gemm_Rocblas_-1086326132,0.04130799993872642
GemmTunableOp_Half_TN,tn_320_1323_10240_ld_10240_10240_320,Gemm_Rocblas_-1086326098,0.5280321955680848
GemmTunableOp_Half_TN,tn_320_1323_2560_ld_2560_2560_320,Gemm_Rocblas_-1086326062,0.145642
GemmTunableOp_Half_TN,tn_320_1324_10240_ld_10240_10240_320,Gemm_Rocblas_-1086326098,0.530794
GemmTunableOp_Half_TN,tn_320_1324_2560_ld_2560_2560_320,Gemm_Rocblas_-1086326062,0.144937
GemmTunableOp_Half_TN,tn_320_1325_10240_ld_10240_10240_320,Gemm_Rocblas_-1086326082,0.489372
GemmTunableOp_Half_TN,tn_320_1325_2560_ld_2560_2560_320,Gemm_Rocblas_-1086326062,0.144766
GemmTunableOp_Half_TN,tn_320_134_2560_ld_2560_2560_320,Gemm_Rocblas_-1086326132,0.0412760004401207
GemmTunableOp_Half_TN,tn_320_1392_10240_ld_10240_10240_320,Gemm_Rocblas_-1086326078,0.526777
GemmTunableOp_Half_TN,tn_320_1392_2560_ld_2560_2560_320,Gemm_Rocblas_-1086326062,0.141222
GemmTunableOp_Half_TN,tn_320_1399_10240_ld_10240_10240_320,Gemm_Rocblas_-1086326062,0.54648
GemmTunableOp_Half_TN,tn_320_1399_2560_ld_2560_2560_320,Gemm_Rocblas_-1086326098,0.151781
GemmTunableOp_Half_TN,tn_320_1445_10240_ld_10240_10240_320,Gemm_Rocblas_-1086326098,0.548996
GemmTunableOp_Half_TN,tn_320_1445_2560_ld_2560_2560_320,Gemm_Rocblas_-1086326098,0.149144
GemmTunableOp_Half_TN,tn_320_1495_10240_ld_10240_10240_320,Gemm_Rocblas_-1086326062,0.557718
GemmTunableOp_Half_TN,tn_320_1495_2560_ld_2560_2560_320,Gemm_Rocblas_-1086326077,0.157253
GemmTunableOp_Half_TN,tn_320_1693_10240_ld_10240_10240_320,Gemm_Rocblas_-1086326082,0.724076
GemmTunableOp_Half_TN,tn_320_1693_2560_ld_2560_2560_320,Gemm_Rocblas_-1086326122,0.187535
GemmTunableOp_Half_TN,tn_320_16_10240_ld_10240_10240_320,Gemm_Rocblas_-1086326214,0.0618968
GemmTunableOp_Half_TN,tn_320_16_2560_ld_2560_2560_320,Gemm_Rocblas_-1086326210,0.0245927
GemmTunableOp_Half_TN,tn_320_1792_10240_ld_10240_10240_320,Gemm_Rocblas_-1086326082,0.6932963967323303
GemmTunableOp_Half_TN,tn_320_1888_10240_ld_10240_10240_320,Gemm_Rocblas_-1086326084,0.753403
GemmTunableOp_Half_TN,tn_320_192_10240_ld_10240_10240_320,Gemm_Rocblas_-1086326134,0.12475610002875329
GemmTunableOp_Half_TN,tn_320_1968_10240_ld_10240_10240_320,Gemm_Rocblas_-1086326082,0.8251642048358917
GemmTunableOp_Half_TN,tn_320_1969_10240_ld_10240_10240_320,Gemm_Rocblas_-1086326082,0.7781642019748688
GemmTunableOp_Half_TN,tn_320_1_10240_ld_10240_10240_320,Gemm_Rocblas_-9,0.030315999686717984
GemmTunableOp_Half_TN,tn_320_1_2560_ld_2560_2560_320,Gemm_Rocblas_-9,0.016048000194132328
GemmTunableOp_Half_TN,tn_320_2045_10240_ld_10240_10240_320,Gemm_Rocblas_-1086326082,0.8045888006687164
GemmTunableOp_Half_TN,tn_320_2046_10240_ld_10240_10240_320,Gemm_Rocblas_-1086326082,0.835879
GemmTunableOp_Half_TN,tn_320_2047_10240_ld_10240_10240_320,Gemm_Rocblas_-1086326082,0.831791
GemmTunableOp_Half_TN,tn_320_2048_10240_ld_10240_10240_320,Gemm_Rocblas_-1086326082,0.8153922975063325
GemmTunableOp_Half_TN,tn_320_2048_2560_ld_2560_2560_320,Gemm_Rocblas_-1086326044,0.19499209970235823
GemmTunableOp_Half_TN,tn_320_2066_10240_ld_10240_10240_320,Gemm_Rocblas_-1086326128,0.836258
GemmTunableOp_Half_TN,tn_320_2069_10240_ld_10240_10240_320,Gemm_Rocblas_-1086326063,0.863618
GemmTunableOp_Half_TN,tn_320_225_10240_ld_10240_10240_320,Gemm_Rocblas_-1086326140,0.149812
GemmTunableOp_Half_TN,tn_320_225_2560_ld_2560_2560_320,Gemm_Rocblas_-1086326139,0.0538704
GemmTunableOp_Half_TN,tn_320_240_10240_ld_10240_10240_320,Gemm_Rocblas_-1086326134,0.143428
GemmTunableOp_Half_TN,tn_320_240_2560_ld_2560_2560_320,Gemm_Rocblas_-1086326139,0.0532232
GemmTunableOp_Half_TN,tn_320_24_10240_ld_10240_10240_320,Gemm_Rocblas_-1086326200,0.06331
GemmTunableOp_Half_TN,tn_320_24_2560_ld_2560_2560_320,Gemm_Rocblas_-1086326200,0.0246812
GemmTunableOp_Half_TN,tn_320_257_2560_ld_2560_2560_320,Gemm_Rocblas_-1086326133,0.05275999940931797
GemmTunableOp_Half_TN,tn_320_259_2560_ld_2560_2560_320,Gemm_Rocblas_-1086326139,0.05187200009822846
GemmTunableOp_Half_TN,tn_320_261_2560_ld_2560_2560_320,Gemm_Rocblas_-1086326133,0.05278399996459484
GemmTunableOp_Half_TN,tn_320_262_2560_ld_2560_2560_320,Gemm_Rocblas_-1086326139,0.051287999004125596
GemmTunableOp_Half_TN,tn_320_2_10240_ld_10240_10240_320,Gemm_Rocblas_-1086326214,0.058628099784255025
GemmTunableOp_Half_TN,tn_320_2_2560_ld_2560_2560_320,Gemm_Rocblas_-1086326200,0.027910000085830687
GemmTunableOp_Half_TN,tn_320_3073_10240_ld_10240_10240_320,Gemm_Rocblas_-1086326082,1.1289
GemmTunableOp_Half_TN,tn_320_3074_10240_ld_10240_10240_320,Gemm_Rocblas_-1086326082,1.15697
GemmTunableOp_Half_TN,tn_320_3075_10240_ld_10240_10240_320,Gemm_Rocblas_-1086326082,1.19526
GemmTunableOp_Half_TN,tn_320_3076_10240_ld_10240_10240_320,Gemm_Rocblas_-1086326082,1.17144
GemmTunableOp_Half_TN,tn_320_3077_10240_ld_10240_10240_320,Gemm_Rocblas_-1086326082,1.18565
GemmTunableOp_Half_TN,tn_320_3078_10240_ld_10240_10240_320,Gemm_Rocblas_-1086326082,1.19231
GemmTunableOp_Half_TN,tn_320_3079_10240_ld_10240_10240_320,Gemm_Rocblas_-1086326082,1.18616
GemmTunableOp_Half_TN,tn_320_3081_10240_ld_10240_10240_320,Gemm_Rocblas_-1086326082,1.19527
GemmTunableOp_Half_TN,tn_320_3084_10240_ld_10240_10240_320,Gemm_Rocblas_-1086326082,1.21495
GemmTunableOp_Half_TN,tn_320_3087_10240_ld_10240_10240_320,Gemm_Rocblas_-1086326082,1.20207
GemmTunableOp_Half_TN,tn_320_3090_10240_ld_10240_10240_320,Gemm_Rocblas_-1086326082,1.19474
GemmTunableOp_Half_TN,tn_320_3093_10240_ld_10240_10240_320,Gemm_Rocblas_-1086326082,1.19495
GemmTunableOp_Half_TN,tn_320_320_10240_ld_10240_10240_320,Gemm_Rocblas_-1086326129,0.14653599858283997
GemmTunableOp_Half_TN,tn_320_32_10240_ld_10240_10240_320,Gemm_Rocblas_-1086326200,0.0671097
GemmTunableOp_Half_TN,tn_320_32_2560_ld_2560_2560_320,Gemm_Rocblas_-1086326204,0.0254779
GemmTunableOp_Half_TN,tn_320_3_10240_ld_10240_10240_320,Gemm_Rocblas_-1086326201,0.058552100136876103
GemmTunableOp_Half_TN,tn_320_3_2560_ld_2560_2560_320,Gemm_Rocblas_-1086326200,0.025008000060915945
GemmTunableOp_Half_TN,tn_320_4096_10240_ld_10240_10240_320,Gemm_Rocblas_-1086326077,1.20561
GemmTunableOp_Half_TN,tn_320_43_10240_ld_10240_10240_320,Gemm_Rocblas_-1086326200,0.0874
GemmTunableOp_Half_TN,tn_320_43_2560_ld_2560_2560_320,Gemm_Rocblas_-1086326200,0.0342737
GemmTunableOp_Half_TN,tn_320_44_10240_ld_10240_10240_320,Gemm_Rocblas_-1086326210,0.0877411
GemmTunableOp_Half_TN,tn_320_44_2560_ld_2560_2560_320,Gemm_Rocblas_-1086326200,0.0344593
GemmTunableOp_Half_TN,tn_320_4_10240_ld_10240_10240_320,Gemm_Rocblas_-1086326214,0.058155999332666394
GemmTunableOp_Half_TN,tn_320_4_2560_ld_2560_2560_320,Gemm_Rocblas_-1086326201,0.027658999897539612
GemmTunableOp_Half_TN,tn_320_56_10240_ld_10240_10240_320,Gemm_Rocblas_-1086326202,0.0994972
GemmTunableOp_Half_TN,tn_320_56_2560_ld_2560_2560_320,Gemm_Rocblas_-1086326200,0.0378184
GemmTunableOp_Half_TN,tn_320_5_10240_ld_10240_10240_320,Gemm_Rocblas_-1086326214,0.057951999828219414
GemmTunableOp_Half_TN,tn_320_5_2560_ld_2560_2560_320,Gemm_Rocblas_-1086326214,0.025937000289559368
GemmTunableOp_Half_TN,tn_320_60_10240_ld_10240_10240_320,Gemm_Rocblas_-1086326202,0.0997828
GemmTunableOp_Half_TN,tn_320_60_2560_ld_2560_2560_320,Gemm_Rocblas_-1086326200,0.0379532
GemmTunableOp_Half_TN,tn_320_64_10240_ld_10240_10240_320,Gemm_Rocblas_-1086326202,0.103375
GemmTunableOp_Half_TN,tn_320_64_2560_ld_2560_2560_320,Gemm_Rocblas_-1086326204,0.0389709
GemmTunableOp_Half_TN,tn_320_65_2560_ld_2560_2560_320,Gemm_Rocblas_-1086326132,0.040435999631881714
GemmTunableOp_Half_TN,tn_320_66_2560_ld_2560_2560_320,Gemm_Rocblas_-1086326132,0.04012800008058548
GemmTunableOp_Half_TN,tn_320_67_2560_ld_2560_2560_320,Gemm_Rocblas_-1086326132,0.041152000054717065
GemmTunableOp_Half_TN,tn_320_68_2560_ld_2560_2560_320,Gemm_Rocblas_-1086326129,0.040775999799370764
GemmTunableOp_Half_TN,tn_320_692_10240_ld_10240_10240_320,Gemm_Rocblas_-1086326082,0.265256
GemmTunableOp_Half_TN,tn_320_692_2560_ld_2560_2560_320,Gemm_Rocblas_-1086326082,0.0870831
GemmTunableOp_Half_TN,tn_320_69_2560_ld_2560_2560_320,Gemm_Rocblas_-1086326129,0.04063999950885773
GemmTunableOp_Half_TN,tn_320_6_10240_ld_10240_10240_320,Gemm_Rocblas_-1086326214,0.0588639996945858
GemmTunableOp_Half_TN,tn_320_6_2560_ld_2560_2560_320,Gemm_Rocblas_-1086326200,0.025464000180363655
GemmTunableOp_Half_TN,tn_320_701_10240_ld_10240_10240_320,Gemm_Rocblas_-1086326082,0.273472
GemmTunableOp_Half_TN,tn_320_701_2560_ld_2560_2560_320,Gemm_Rocblas_-1086326082,0.0871861
GemmTunableOp_Half_TN,tn_320_704_10240_ld_10240_10240_320,Gemm_Rocblas_-1086326082,0.258739
GemmTunableOp_Half_TN,tn_320_704_2560_ld_2560_2560_320,Gemm_Rocblas_-1086326082,0.087186
GemmTunableOp_Half_TN,tn_320_70_2560_ld_2560_2560_320,Gemm_Rocblas_-1086326140,0.040647999197244634
GemmTunableOp_Half_TN,tn_320_71_2560_ld_2560_2560_320,Gemm_Rocblas_-1086326140,0.04082400053739548
GemmTunableOp_Half_TN,tn_320_784_10240_ld_10240_10240_320,Gemm_Rocblas_-1086326140,0.374791
GemmTunableOp_Half_TN,tn_320_784_2560_ld_2560_2560_320,Gemm_Rocblas_-1086326122,0.105975
GemmTunableOp_Half_TN,tn_320_788_10240_ld_10240_10240_320,Gemm_Rocblas_-1086326140,0.380391
GemmTunableOp_Half_TN,tn_320_788_2560_ld_2560_2560_320,Gemm_Rocblas_-1086326122,0.107712
GemmTunableOp_Half_TN,tn_320_789_10240_ld_10240_10240_320,Gemm_Rocblas_-1086326140,0.376324
GemmTunableOp_Half_TN,tn_320_789_2560_ld_2560_2560_320,Gemm_Rocblas_-1086326122,0.107294
GemmTunableOp_Half_TN,tn_320_7_10240_ld_10240_10240_320,Gemm_Rocblas_-1086326214,0.05864799991250038
GemmTunableOp_Half_TN,tn_320_7_2560_ld_2560_2560_320,Gemm_Rocblas_-1086326200,0.027149999886751174
GemmTunableOp_Half_TN,tn_320_804_10240_ld_10240_10240_320,Gemm_Rocblas_-1086326140,0.375911
GemmTunableOp_Half_TN,tn_320_804_2560_ld_2560_2560_320,Gemm_Rocblas_-1086326122,0.108125
GemmTunableOp_Half_TN,tn_320_8_10240_ld_10240_10240_320,Gemm_Rocblas_-1086326214,0.058704000338912
GemmTunableOp_Half_TN,tn_320_8_2560_ld_2560_2560_320,Gemm_Rocblas_-1086326200,0.02541600000113249
GemmTunableOp_Half_TN,tn_320_9_10240_ld_10240_10240_320,Gemm_Rocblas_-1086326214,0.0585996
GemmTunableOp_Half_TN,tn_320_9_2560_ld_2560_2560_320,Gemm_Rocblas_-1086326200,0.0236712
GemmTunableOp_Half_TN,tn_336_1024_10240_ld_10240_10240_336,Gemm_Rocblas_-1086326082,0.397346
GemmTunableOp_Half_TN,tn_336_1025_10240_ld_10240_10240_336,Gemm_Rocblas_-1086326082,0.43909610211849215
GemmTunableOp_Half_TN,tn_336_1026_10240_ld_10240_10240_336,Gemm_Rocblas_-1086326082,0.48005210161209105
GemmTunableOp_Half_TN,tn_336_1027_10240_ld_10240_10240_336,Gemm_Rocblas_-1086326082,0.38294
GemmTunableOp_Half_TN,tn_336_1028_10240_ld_10240_10240_336,Gemm_Rocblas_-1086326082,0.472088098526001
GemmTunableOp_Half_TN,tn_336_1029_10240_ld_10240_10240_336,Gemm_Rocblas_-1086326082,0.428047
GemmTunableOp_Half_TN,tn_336_1030_10240_ld_10240_10240_336,Gemm_Rocblas_-1086326082,0.43201209902763366
GemmTunableOp_Half_TN,tn_336_1031_10240_ld_10240_10240_336,Gemm_Rocblas_-1086326082,0.434947
GemmTunableOp_Half_TN,tn_336_1033_10240_ld_10240_10240_336,Gemm_Rocblas_-1086326082,0.4407522976398468
GemmTunableOp_Half_TN,tn_336_1036_10240_ld_10240_10240_336,Gemm_Rocblas_-1086326082,0.425622
GemmTunableOp_Half_TN,tn_336_1039_10240_ld_10240_10240_336,Gemm_Rocblas_-1086326082,0.44388429820537567
GemmTunableOp_Half_TN,tn_336_1042_10240_ld_10240_10240_336,Gemm_Rocblas_-1086326082,0.455212
GemmTunableOp_Half_TN,tn_336_1045_10240_ld_10240_10240_336,Gemm_Rocblas_-1086326082,0.457636
GemmTunableOp_Half_TN,tn_336_1088_10240_ld_10240_10240_336,Gemm_Rocblas_-1086326082,0.4367801994085312
GemmTunableOp_Half_TN,tn_336_1125_10240_ld_10240_10240_336,Gemm_Rocblas_-1086326084,0.466664
GemmTunableOp_Half_TN,tn_336_1152_10240_ld_10240_10240_336,Gemm_Rocblas_-1086326082,0.4569122016429902
GemmTunableOp_Half_TN,tn_336_1216_10240_ld_10240_10240_336,Gemm_Rocblas_-1086326082,0.4899962931871414
GemmTunableOp_Half_TN,tn_336_121_10240_ld_10240_10240_336,Gemm_Rocblas_-1086326139,0.128359
GemmTunableOp_Half_TN,tn_336_1264_10240_ld_10240_10240_336,Gemm_Rocblas_-1086326082,0.5146564066410064
GemmTunableOp_Half_TN,tn_336_1280_10240_ld_10240_10240_336,Gemm_Rocblas_-1086326082,0.5119961977005005
GemmTunableOp_Half_TN,tn_336_128_10240_ld_10240_10240_336,Gemm_Rocblas_-1086326139,0.12282010093331337
GemmTunableOp_Half_TN,tn_336_1295_10240_ld_10240_10240_336,Gemm_Rocblas_-1086326098,0.508412
GemmTunableOp_Half_TN,tn_336_12_10240_ld_10240_10240_336,Gemm_Rocblas_-1086326214,0.0588408
GemmTunableOp_Half_TN,tn_336_1323_10240_ld_10240_10240_336,Gemm_Rocblas_-1086326062,0.528958
GemmTunableOp_Half_TN,tn_336_1324_10240_ld_10240_10240_336,Gemm_Rocblas_-1086326062,0.528178
GemmTunableOp_Half_TN,tn_336_1325_10240_ld_10240_10240_336,Gemm_Rocblas_-1086326062,0.529184
GemmTunableOp_Half_TN,tn_336_1344_10240_ld_10240_10240_336,Gemm_Rocblas_-1086326082,0.5413481950759887
GemmTunableOp_Half_TN,tn_336_1392_10240_ld_10240_10240_336,Gemm_Rocblas_-1086326098,0.512137
GemmTunableOp_Half_TN,tn_336_1399_10240_ld_10240_10240_336,Gemm_Rocblas_-1086326124,0.582266
GemmTunableOp_Half_TN,tn_336_1408_10240_ld_10240_10240_336,Gemm_Rocblas_-1086326082,0.5510722994804383
GemmTunableOp_Half_TN,tn_336_1445_10240_ld_10240_10240_336,Gemm_Rocblas_-1086326046,0.563247
GemmTunableOp_Half_TN,tn_336_1472_10240_ld_10240_10240_336,Gemm_Rocblas_-1086326082,0.5745762884616852
GemmTunableOp_Half_TN,tn_336_1495_10240_ld_10240_10240_336,Gemm_Rocblas_-1086326078,0.606159
GemmTunableOp_Half_TN,tn_336_1536_10240_ld_10240_10240_336,Gemm_Rocblas_-1086326078,0.576008105278015
GemmTunableOp_Half_TN,tn_336_1600_10240_ld_10240_10240_336,Gemm_Rocblas_-1086326082,0.6948763072490691
GemmTunableOp_Half_TN,tn_336_1664_10240_ld_10240_10240_336,Gemm_Rocblas_-1086326082,0.7012283027172088
GemmTunableOp_Half_TN,tn_336_1693_10240_ld_10240_10240_336,Gemm_Rocblas_-1086326082,0.756918
GemmTunableOp_Half_TN,tn_336_16_10240_ld_10240_10240_336,Gemm_Rocblas_-1086326214,0.0611848
GemmTunableOp_Half_TN,tn_336_1728_10240_ld_10240_10240_336,Gemm_Rocblas_-1086326082,0.6852362990379335
GemmTunableOp_Half_TN,tn_336_1792_10240_ld_10240_10240_336,Gemm_Rocblas_-1086326082,0.6888482987880706
GemmTunableOp_Half_TN,tn_336_1856_10240_ld_10240_10240_336,Gemm_Rocblas_-1086326084,0.7288442969322205
GemmTunableOp_Half_TN,tn_336_1888_10240_ld_10240_10240_336,Gemm_Rocblas_-1086326084,0.741109
GemmTunableOp_Half_TN,tn_336_1920_10240_ld_10240_10240_336,Gemm_Rocblas_-1086326085,0.7319924056529998
GemmTunableOp_Half_TN,tn_336_192_10240_ld_10240_10240_336,Gemm_Rocblas_-1086326140,0.12366410121321679
GemmTunableOp_Half_TN,tn_336_1968_10240_ld_10240_10240_336,Gemm_Rocblas_-1086326082,0.804749
GemmTunableOp_Half_TN,tn_336_1969_10240_ld_10240_10240_336,Gemm_Rocblas_-1086326082,0.7492725014686584
GemmTunableOp_Half_TN,tn_336_1984_10240_ld_10240_10240_336,Gemm_Rocblas_-1086326082,0.8029843866825104
GemmTunableOp_Half_TN,tn_336_1_10240_ld_10240_10240_336,Gemm_Rocblas_-9,0.028603999875485894
GemmTunableOp_Half_TN,tn_336_2045_10240_ld_10240_10240_336,Gemm_Rocblas_-1086326079,0.844708
GemmTunableOp_Half_TN,tn_336_2046_10240_ld_10240_10240_336,Gemm_Rocblas_-1086326079,0.811354
GemmTunableOp_Half_TN,tn_336_2047_10240_ld_10240_10240_336,Gemm_Rocblas_-1086326082,0.844708490371704
GemmTunableOp_Half_TN,tn_336_2048_10240_ld_10240_10240_336,Gemm_Rocblas_-1086326082,0.8549842000007629
GemmTunableOp_Half_TN,tn_336_2066_10240_ld_10240_10240_336,Gemm_Rocblas_-1086326123,0.8464240968227387
GemmTunableOp_Half_TN,tn_336_2069_10240_ld_10240_10240_336,Gemm_Rocblas_-1086326123,0.838725
GemmTunableOp_Half_TN,tn_336_225_10240_ld_10240_10240_336,Gemm_Rocblas_-1086326134,0.151287
GemmTunableOp_Half_TN,tn_336_240_10240_ld_10240_10240_336,Gemm_Rocblas_-1086326129,0.14713
GemmTunableOp_Half_TN,tn_336_24_10240_ld_10240_10240_336,Gemm_Rocblas_-1086326200,0.0643936
GemmTunableOp_Half_TN,tn_336_256_10240_ld_10240_10240_336,Gemm_Rocblas_-1086326134,0.1450601011514664
GemmTunableOp_Half_TN,tn_336_2_10240_ld_10240_10240_336,Gemm_Rocblas_-1086326214,0.05887999981641769
GemmTunableOp_Half_TN,tn_336_3073_10240_ld_10240_10240_336,Gemm_Rocblas_-1086326082,1.23704
GemmTunableOp_Half_TN,tn_336_3074_10240_ld_10240_10240_336,Gemm_Rocblas_-1086326082,1.16452
GemmTunableOp_Half_TN,tn_336_3075_10240_ld_10240_10240_336,Gemm_Rocblas_-1086326082,1.18509
GemmTunableOp_Half_TN,tn_336_3076_10240_ld_10240_10240_336,Gemm_Rocblas_-1086326082,1.14201
GemmTunableOp_Half_TN,tn_336_3077_10240_ld_10240_10240_336,Gemm_Rocblas_-1086326082,1.13862
GemmTunableOp_Half_TN,tn_336_3078_10240_ld_10240_10240_336,Gemm_Rocblas_-1086326082,1.14039
GemmTunableOp_Half_TN,tn_336_3079_10240_ld_10240_10240_336,Gemm_Rocblas_-1086326082,1.14606
GemmTunableOp_Half_TN,tn_336_3081_10240_ld_10240_10240_336,Gemm_Rocblas_-1086326082,1.18837
GemmTunableOp_Half_TN,tn_336_3084_10240_ld_10240_10240_336,Gemm_Rocblas_-1086326082,1.17781
GemmTunableOp_Half_TN,tn_336_3087_10240_ld_10240_10240_336,Gemm_Rocblas_-1086326082,1.22006
GemmTunableOp_Half_TN,tn_336_3090_10240_ld_10240_10240_336,Gemm_Rocblas_-1086326082,1.24827
GemmTunableOp_Half_TN,tn_336_3093_10240_ld_10240_10240_336,Gemm_Rocblas_-1086326082,1.25533
GemmTunableOp_Half_TN,tn_336_320_10240_ld_10240_10240_336,Gemm_Rocblas_-1086326140,0.1488521009683609
GemmTunableOp_Half_TN,tn_336_32_10240_ld_10240_10240_336,Gemm_Rocblas_-1086326204,0.0676965
GemmTunableOp_Half_TN,tn_336_384_10240_ld_10240_10240_336,Gemm_Rocblas_-1086326129,0.1522160992026329
GemmTunableOp_Half_TN,tn_336_3_10240_ld_10240_10240_336,Gemm_Rocblas_-1086326214,0.05865599997341633
GemmTunableOp_Half_TN,tn_336_4096_10240_ld_10240_10240_336,Gemm_Rocblas_-1086326077,1.38895
GemmTunableOp_Half_TN,tn_336_43_10240_ld_10240_10240_336,Gemm_Rocblas_-1086326210,0.0883636
GemmTunableOp_Half_TN,tn_336_448_10240_ld_10240_10240_336,Gemm_Rocblas_-1086326134,0.20542810410261153
GemmTunableOp_Half_TN,tn_336_44_10240_ld_10240_10240_336,Gemm_Rocblas_-1086326204,0.0884283
GemmTunableOp_Half_TN,tn_336_4_10240_ld_10240_10240_336,Gemm_Rocblas_-1086326214,0.05886799991130828
GemmTunableOp_Half_TN,tn_336_512_10240_ld_10240_10240_336,Gemm_Rocblas_-1086326129,0.21963210105895997
GemmTunableOp_Half_TN,tn_336_56_10240_ld_10240_10240_336,Gemm_Rocblas_-1086326202,0.099436
GemmTunableOp_Half_TN,tn_336_576_10240_ld_10240_10240_336,Gemm_Rocblas_-1086326082,0.22832809835672377
GemmTunableOp_Half_TN,tn_336_5_10240_ld_10240_10240_336,Gemm_Rocblas_-1086326214,0.05849199928343296
GemmTunableOp_Half_TN,tn_336_60_10240_ld_10240_10240_336,Gemm_Rocblas_-1086326202,0.1004
GemmTunableOp_Half_TN,tn_336_640_10240_ld_10240_10240_336,Gemm_Rocblas_-1086326082,0.23100809752941132
GemmTunableOp_Half_TN,tn_336_64_10240_ld_10240_10240_336,Gemm_Rocblas_-1086326202,0.103812
GemmTunableOp_Half_TN,tn_336_692_10240_ld_10240_10240_336,Gemm_Rocblas_-1086326082,0.260892
GemmTunableOp_Half_TN,tn_336_6_10240_ld_10240_10240_336,Gemm_Rocblas_-1086326214,0.05869999974966049
GemmTunableOp_Half_TN,tn_336_701_10240_ld_10240_10240_336,Gemm_Rocblas_-1086326082,0.267275
GemmTunableOp_Half_TN,tn_336_704_10240_ld_10240_10240_336,Gemm_Rocblas_-1086326082,0.263609
GemmTunableOp_Half_TN,tn_336_768_10240_ld_10240_10240_336,Gemm_Rocblas_-1086326082,0.25797609835863117
GemmTunableOp_Half_TN,tn_336_784_10240_ld_10240_10240_336,Gemm_Rocblas_-1086326140,0.370599
GemmTunableOp_Half_TN,tn_336_788_10240_ld_10240_10240_336,Gemm_Rocblas_-1086326140,0.382887
GemmTunableOp_Half_TN,tn_336_789_10240_ld_10240_10240_336,Gemm_Rocblas_-1086326140,0.380136
GemmTunableOp_Half_TN,tn_336_7_10240_ld_10240_10240_336,Gemm_Rocblas_-1086326214,0.05897999927401542
GemmTunableOp_Half_TN,tn_336_804_10240_ld_10240_10240_336,Gemm_Rocblas_-1086326128,0.399367
GemmTunableOp_Half_TN,tn_336_832_10240_ld_10240_10240_336,Gemm_Rocblas_-1086326140,0.37911619842052463
GemmTunableOp_Half_TN,tn_336_896_10240_ld_10240_10240_336,Gemm_Rocblas_-1086326128,0.3950561970472336
GemmTunableOp_Half_TN,tn_336_8_10240_ld_10240_10240_336,Gemm_Rocblas_-1086326214,0.058883999660611155
GemmTunableOp_Half_TN,tn_336_960_10240_ld_10240_10240_336,Gemm_Rocblas_-1086326082,0.3991721004247666
GemmTunableOp_Half_TN,tn_336_9_10240_ld_10240_10240_336,Gemm_Rocblas_-1086326214,0.0586888
GemmTunableOp_Half_TN,tn_3584_1028_2560_ld_2560_2560_3584,Gemm_Rocblas_-1086326077,1.1340680122375488
GemmTunableOp_Half_TN,tn_3584_1031_2560_ld_2560_2560_3584,Gemm_Rocblas_-1086326045,1.0682120978832246
GemmTunableOp_Half_TN,tn_3584_12_2560_ld_2560_2560_3584,Gemm_Rocblas_-1086326284,0.0743304
GemmTunableOp_Half_TN,tn_3584_130_2560_ld_2560_2560_3584,Gemm_Rocblas_-1086326273,0.20770009756088256
GemmTunableOp_Half_TN,tn_3584_134_2560_ld_2560_2560_3584,Gemm_Rocblas_-1086326273,0.20812009871006013
GemmTunableOp_Half_TN,tn_3584_1399_2560_ld_2560_2560_3584,Gemm_Rocblas_-1086326063,1.20049
GemmTunableOp_Half_TN,tn_3584_1693_2560_ld_2560_2560_3584,Gemm_Rocblas_-1086326063,1.42404
GemmTunableOp_Half_TN,tn_3584_16_2560_ld_2560_2560_3584,Gemm_Rocblas_-1086326282,0.0777878
GemmTunableOp_Half_TN,tn_3584_1786_2560_ld_2560_2560_3584,Gemm_Rocblas_-1086326063,1.3354366183280946
GemmTunableOp_Half_TN,tn_3584_1969_2560_ld_2560_2560_3584,Gemm_Rocblas_-1086326063,1.5845160126686095
GemmTunableOp_Half_TN,tn_3584_1_2560_ld_2560_2560_3584,Gemm_Rocblas_-9,0.04635199978947639
GemmTunableOp_Half_TN,tn_3584_2045_2560_ld_2560_2560_3584,Gemm_Rocblas_-1086326063,1.6012200117111206
GemmTunableOp_Half_TN,tn_3584_2048_2560_ld_2560_2560_3584,Gemm_Rocblas_-1086326063,1.5921519875526429
GemmTunableOp_Half_TN,tn_3584_2066_2560_ld_2560_2560_3584,Gemm_Rocblas_-1086326063,1.6689399123191835
GemmTunableOp_Half_TN,tn_3584_2069_2560_ld_2560_2560_3584,Gemm_Rocblas_-1086326063,1.6727198958396912
GemmTunableOp_Half_TN,tn_3584_225_2560_ld_2560_2560_3584,Gemm_Rocblas_-1086326277,0.261289
GemmTunableOp_Half_TN,tn_3584_240_2560_ld_2560_2560_3584,Gemm_Rocblas_-1086326277,0.247124
GemmTunableOp_Half_TN,tn_3584_24_2560_ld_2560_2560_3584,Gemm_Rocblas_-1086326246,0.0804224
GemmTunableOp_Half_TN,tn_3584_257_2560_ld_2560_2560_3584,Gemm_Rocblas_-1086326123,0.31699209511280063
GemmTunableOp_Half_TN,tn_3584_259_2560_ld_2560_2560_3584,Gemm_Rocblas_-1086326123,0.31834419965744026
GemmTunableOp_Half_TN,tn_3584_262_2560_ld_2560_2560_3584,Gemm_Rocblas_-1086326123,0.31138810217380525
GemmTunableOp_Half_TN,tn_3584_32_2560_ld_2560_2560_3584,Gemm_Rocblas_-1086326246,0.0848079
GemmTunableOp_Half_TN,tn_3584_4096_2560_ld_2560_2560_3584,Gemm_Rocblas_-1086326063,2.42429
GemmTunableOp_Half_TN,tn_3584_43_2560_ld_2560_2560_3584,Gemm_Rocblas_-1086326127,0.103016
GemmTunableOp_Half_TN,tn_3584_44_2560_ld_2560_2560_3584,Gemm_Rocblas_-1086326129,0.104056
GemmTunableOp_Half_TN,tn_3584_56_2560_ld_2560_2560_3584,Gemm_Rocblas_-1086326044,0.10939199924468994
GemmTunableOp_Half_TN,tn_3584_60_2560_ld_2560_2560_3584,Gemm_Rocblas_-1086326044,0.109024
GemmTunableOp_Half_TN,tn_3584_64_2560_ld_2560_2560_3584,Gemm_Rocblas_-1086326129,0.0916924
GemmTunableOp_Half_TN,tn_3584_65_2560_ld_2560_2560_3584,Gemm_Rocblas_-1086326046,0.1411320999264717
GemmTunableOp_Half_TN,tn_3584_66_2560_ld_2560_2560_3584,Gemm_Rocblas_-1086326078,0.14040010124444963
GemmTunableOp_Half_TN,tn_3584_67_2560_ld_2560_2560_3584,Gemm_Rocblas_-1086326273,0.13809999972581863
GemmTunableOp_Half_TN,tn_3584_68_2560_ld_2560_2560_3584,Gemm_Rocblas_-1086326078,0.1419319987297058
GemmTunableOp_Half_TN,tn_3584_692_2560_ld_2560_2560_3584,Gemm_Rocblas_-1086326077,0.650478
GemmTunableOp_Half_TN,tn_3584_69_2560_ld_2560_2560_3584,Gemm_Rocblas_-1086326078,0.14247200042009353
GemmTunableOp_Half_TN,tn_3584_701_2560_ld_2560_2560_3584,Gemm_Rocblas_-1086326077,0.663555
GemmTunableOp_Half_TN,tn_3584_704_2560_ld_2560_2560_3584,Gemm_Rocblas_-1086326077,0.6298520028591157
GemmTunableOp_Half_TN,tn_3584_70_2560_ld_2560_2560_3584,Gemm_Rocblas_-1086326078,0.14158809930086136
GemmTunableOp_Half_TN,tn_3584_71_2560_ld_2560_2560_3584,Gemm_Rocblas_-1086326078,0.1432359978556633
GemmTunableOp_Half_TN,tn_3584_784_2560_ld_2560_2560_3584,Gemm_Rocblas_-1086326077,0.7065560042858123
GemmTunableOp_Half_TN,tn_3584_788_2560_ld_2560_2560_3584,Gemm_Rocblas_-1086326077,0.7067519962787628
GemmTunableOp_Half_TN,tn_3584_789_2560_ld_2560_2560_3584,Gemm_Rocblas_-1086326061,0.648028
GemmTunableOp_Half_TN,tn_3584_804_2560_ld_2560_2560_3584,Gemm_Rocblas_-1086326077,0.7094879984855652
GemmTunableOp_Half_TN,tn_3584_9_2560_ld_2560_2560_3584,Gemm_Rocblas_-1086326157,0.0741315
GemmTunableOp_Half_TN,tn_4096_1025_2560_ld_2560_2560_4096,Gemm_Rocblas_-1086326277,1.03381
GemmTunableOp_Half_TN,tn_4096_1027_2560_ld_2560_2560_4096,Gemm_Rocblas_-1086326277,1.00025
GemmTunableOp_Half_TN,tn_4096_1028_2560_ld_2560_2560_4096,Gemm_Rocblas_-1086326045,1.158955991268158
GemmTunableOp_Half_TN,tn_4096_1029_2560_ld_2560_2560_4096,Gemm_Rocblas_-1086326277,0.915169
GemmTunableOp_Half_TN,tn_4096_1030_2560_ld_2560_2560_4096,Gemm_Rocblas_-1086326268,1.3035839915275573
GemmTunableOp_Half_TN,tn_4096_1031_2560_ld_2560_2560_4096,Gemm_Rocblas_-1086326277,0.953798
GemmTunableOp_Half_TN,tn_4096_1036_2560_ld_2560_2560_4096,Gemm_Rocblas_-1086326277,0.998875
GemmTunableOp_Half_TN,tn_4096_1042_2560_ld_2560_2560_4096,Gemm_Rocblas_-1086326277,1.00521
GemmTunableOp_Half_TN,tn_4096_1045_2560_ld_2560_2560_4096,Gemm_Rocblas_-1086326277,1.03194
GemmTunableOp_Half_TN,tn_4096_1125_2560_ld_2560_2560_4096,Gemm_Rocblas_-1086326277,1.03532
GemmTunableOp_Half_TN,tn_4096_121_2560_ld_2560_2560_4096,Gemm_Rocblas_-1086326098,0.162963
GemmTunableOp_Half_TN,tn_4096_1295_2560_ld_2560_2560_4096,Gemm_Rocblas_-1086326277,1.24072
GemmTunableOp_Half_TN,tn_4096_12_2560_ld_2560_2560_4096,Gemm_Rocblas_-1086326157,0.080224
GemmTunableOp_Half_TN,tn_4096_130_2560_ld_2560_2560_4096,Gemm_Rocblas_-1086326273,0.21016809940338135
GemmTunableOp_Half_TN,tn_4096_1323_2560_ld_2560_2560_4096,Gemm_Rocblas_-1086326277,1.23846
GemmTunableOp_Half_TN,tn_4096_1324_2560_ld_2560_2560_4096,Gemm_Rocblas_-1086326277,1.24052
GemmTunableOp_Half_TN,tn_4096_1325_2560_ld_2560_2560_4096,Gemm_Rocblas_-1086326277,1.22113
GemmTunableOp_Half_TN,tn_4096_134_2560_ld_2560_2560_4096,Gemm_Rocblas_-1086326044,0.21277200281620023
GemmTunableOp_Half_TN,tn_4096_1392_2560_ld_2560_2560_4096,Gemm_Rocblas_-1086326268,1.25811
GemmTunableOp_Half_TN,tn_4096_1399_2560_ld_2560_2560_4096,Gemm_Rocblas_-1086326277,1.2528
GemmTunableOp_Half_TN,tn_4096_16_2560_ld_2560_2560_4096,Gemm_Rocblas_-1086326157,0.0838263
GemmTunableOp_Half_TN,tn_4096_1888_2560_ld_2560_2560_4096,Gemm_Rocblas_-1086326268,1.71799
GemmTunableOp_Half_TN,tn_4096_1968_2560_ld_2560_2560_4096,Gemm_Rocblas_-1086326063,1.79632
GemmTunableOp_Half_TN,tn_4096_1969_2560_ld_2560_2560_4096,Gemm_Rocblas_-1086326063,1.8032680034637452
GemmTunableOp_Half_TN,tn_4096_1_2560_ld_2560_2560_4096,Gemm_Rocblas_-9,0.05096799992024899
GemmTunableOp_Half_TN,tn_4096_2045_2560_ld_2560_2560_4096,Gemm_Rocblas_-1086326063,1.78989
GemmTunableOp_Half_TN,tn_4096_2046_2560_ld_2560_2560_4096,Gemm_Rocblas_-1086326063,1.64521
GemmTunableOp_Half_TN,tn_4096_2047_2560_ld_2560_2560_4096,Gemm_Rocblas_-1086326063,1.703
GemmTunableOp_Half_TN,tn_4096_2048_2560_ld_2560_2560_4096,Gemm_Rocblas_-1086326063,1.80694
GemmTunableOp_Half_TN,tn_4096_2066_2560_ld_2560_2560_4096,Gemm_Rocblas_-1086326063,1.89469
GemmTunableOp_Half_TN,tn_4096_2069_2560_ld_2560_2560_4096,Gemm_Rocblas_-1086326047,1.73108
GemmTunableOp_Half_TN,tn_4096_225_2560_ld_2560_2560_4096,Gemm_Rocblas_-1086326277,0.268793
GemmTunableOp_Half_TN,tn_4096_240_2560_ld_2560_2560_4096,Gemm_Rocblas_-1086326277,0.258837
GemmTunableOp_Half_TN,tn_4096_24_2560_ld_2560_2560_4096,Gemm_Rocblas_-1086326246,0.081316
GemmTunableOp_Half_TN,tn_4096_257_2560_ld_2560_2560_4096,Gemm_Rocblas_-1086326077,0.3493800967931747
GemmTunableOp_Half_TN,tn_4096_259_2560_ld_2560_2560_4096,Gemm_Rocblas_-1086326077,0.34937219917774204
GemmTunableOp_Half_TN,tn_4096_261_2560_ld_2560_2560_4096,Gemm_Rocblas_-1086326077,0.3492120921611786
GemmTunableOp_Half_TN,tn_4096_262_2560_ld_2560_2560_4096,Gemm_Rocblas_-1086326077,0.34932409822940824
GemmTunableOp_Half_TN,tn_4096_3073_2560_ld_2560_2560_4096,Gemm_Rocblas_-1086326063,2.764490246772766
GemmTunableOp_Half_TN,tn_4096_3074_2560_ld_2560_2560_4096,Gemm_Rocblas_-1086326063,2.68794
GemmTunableOp_Half_TN,tn_4096_3075_2560_ld_2560_2560_4096,Gemm_Rocblas_-1086326063,2.66092
GemmTunableOp_Half_TN,tn_4096_3076_2560_ld_2560_2560_4096,Gemm_Rocblas_-1086326063,2.73606
GemmTunableOp_Half_TN,tn_4096_3077_2560_ld_2560_2560_4096,Gemm_Rocblas_-1086326063,2.62309
GemmTunableOp_Half_TN,tn_4096_3078_2560_ld_2560_2560_4096,Gemm_Rocblas_-1086326063,2.74694
GemmTunableOp_Half_TN,tn_4096_3079_2560_ld_2560_2560_4096,Gemm_Rocblas_-1086326063,2.76434
GemmTunableOp_Half_TN,tn_4096_3081_2560_ld_2560_2560_4096,Gemm_Rocblas_-1086326063,2.72015
GemmTunableOp_Half_TN,tn_4096_3084_2560_ld_2560_2560_4096,Gemm_Rocblas_-1086326063,2.66843
GemmTunableOp_Half_TN,tn_4096_3087_2560_ld_2560_2560_4096,Gemm_Rocblas_-1086326063,2.7783
GemmTunableOp_Half_TN,tn_4096_3090_2560_ld_2560_2560_4096,Gemm_Rocblas_-1086326047,2.8281097412109375
GemmTunableOp_Half_TN,tn_4096_3093_2560_ld_2560_2560_4096,Gemm_Rocblas_-1086326063,2.75278
GemmTunableOp_Half_TN,tn_4096_32_2560_ld_2560_2560_4096,Gemm_Rocblas_-1086326246,0.0863007
GemmTunableOp_Half_TN,tn_4096_43_2560_ld_2560_2560_4096,Gemm_Rocblas_-1086326096,0.111533
GemmTunableOp_Half_TN,tn_4096_44_2560_ld_2560_2560_4096,Gemm_Rocblas_-1086326140,0.110168
GemmTunableOp_Half_TN,tn_4096_56_2560_ld_2560_2560_4096,Gemm_Rocblas_-1086326044,0.109091
GemmTunableOp_Half_TN,tn_4096_60_2560_ld_2560_2560_4096,Gemm_Rocblas_-1086326123,0.113554
GemmTunableOp_Half_TN,tn_4096_64_2560_ld_2560_2560_4096,Gemm_Rocblas_-1086326129,0.100024
GemmTunableOp_Half_TN,tn_4096_65_2560_ld_2560_2560_4096,Gemm_Rocblas_-1086326078,0.1451600968837738
GemmTunableOp_Half_TN,tn_4096_66_2560_ld_2560_2560_4096,Gemm_Rocblas_-1086326078,0.14602809995412827
GemmTunableOp_Half_TN,tn_4096_67_2560_ld_2560_2560_4096,Gemm_Rocblas_-1086326078,0.1463961020112038
GemmTunableOp_Half_TN,tn_4096_68_2560_ld_2560_2560_4096,Gemm_Rocblas_-1086326078,0.14682810008525848
GemmTunableOp_Half_TN,tn_4096_69_2560_ld_2560_2560_4096,Gemm_Rocblas_-1086326078,0.14648399949073793
GemmTunableOp_Half_TN,tn_4096_70_2560_ld_2560_2560_4096,Gemm_Rocblas_-1086326078,0.14710809886455536
GemmTunableOp_Half_TN,tn_4096_71_2560_ld_2560_2560_4096,Gemm_Rocblas_-1086326078,0.14683609902858732
GemmTunableOp_Half_TN,tn_4096_784_2560_ld_2560_2560_4096,Gemm_Rocblas_-1086326277,0.793532
GemmTunableOp_Half_TN,tn_4096_788_2560_ld_2560_2560_4096,Gemm_Rocblas_-1086326277,0.810549
GemmTunableOp_Half_TN,tn_4096_789_2560_ld_2560_2560_4096,Gemm_Rocblas_-1086326277,0.804678
GemmTunableOp_Half_TN,tn_4096_804_2560_ld_2560_2560_4096,Gemm_Rocblas_-1086326277,0.814423
GemmTunableOp_Half_TN,tn_4096_9_2560_ld_2560_2560_4096,Gemm_Rocblas_-1086326194,0.0799064
GemmTunableOp_Half_TN,tn_512_1023_2560_ld_2560_2560_512,Gemm_Rocblas_-1086326046,0.1359240010380745
GemmTunableOp_Half_TN,tn_512_1024_2560_ld_2560_2560_512,Gemm_Rocblas_-1086326046,0.131509
GemmTunableOp_Half_TN,tn_512_1025_2560_ld_2560_2560_512,Gemm_Rocblas_-1086326046,0.131147
GemmTunableOp_Half_TN,tn_512_1026_2560_ld_2560_2560_512,Gemm_Rocblas_-1086326098,0.13760410100221632
GemmTunableOp_Half_TN,tn_512_1027_2560_ld_2560_2560_512,Gemm_Rocblas_-1086326046,0.131766
GemmTunableOp_Half_TN,tn_512_1028_2560_ld_2560_2560_512,Gemm_Rocblas_-1086326098,0.1370480999350548
GemmTunableOp_Half_TN,tn_512_1029_2560_ld_2560_2560_512,Gemm_Rocblas_-1086326098,0.13818809986114503
GemmTunableOp_Half_TN,tn_512_1030_2560_ld_2560_2560_512,Gemm_Rocblas_-1086326098,0.13771210014820098
GemmTunableOp_Half_TN,tn_512_1031_2560_ld_2560_2560_512,Gemm_Rocblas_-1086326046,0.133311
GemmTunableOp_Half_TN,tn_512_1033_2560_ld_2560_2560_512,Gemm_Rocblas_-1086326098,0.1376599997282028
GemmTunableOp_Half_TN,tn_512_1036_2560_ld_2560_2560_512,Gemm_Rocblas_-1086326045,0.137912
GemmTunableOp_Half_TN,tn_512_1039_2560_ld_2560_2560_512,Gemm_Rocblas_-1086326098,0.13829610049724578
GemmTunableOp_Half_TN,tn_512_1042_2560_ld_2560_2560_512,Gemm_Rocblas_-1086326045,0.136945
GemmTunableOp_Half_TN,tn_512_1045_2560_ld_2560_2560_512,Gemm_Rocblas_-1086326045,0.137185
GemmTunableOp_Half_TN,tn_512_1125_2560_ld_2560_2560_512,Gemm_Rocblas_-1086326045,0.138945
GemmTunableOp_Half_TN,tn_512_121_2560_ld_2560_2560_512,Gemm_Rocblas_-1086326129,0.0519346
GemmTunableOp_Half_TN,tn_512_1264_2560_ld_2560_2560_512,Gemm_Rocblas_-1086326128,0.1937040001153946
GemmTunableOp_Half_TN,tn_512_127_2560_ld_2560_2560_512,Gemm_Rocblas_-1086326129,0.049943999201059346
GemmTunableOp_Half_TN,tn_512_128_2560_ld_2560_2560_512,Gemm_Rocblas_-1086326129,0.04449200034141541
GemmTunableOp_Half_TN,tn_512_1295_2560_ld_2560_2560_512,Gemm_Rocblas_-1086326082,0.19458400160074235
GemmTunableOp_Half_TN,tn_512_12_2560_ld_2560_2560_512,Gemm_Rocblas_-1086326200,0.0243624
GemmTunableOp_Half_TN,tn_512_130_2560_ld_2560_2560_512,Gemm_Rocblas_-1086326128,0.04970399998128414
GemmTunableOp_Half_TN,tn_512_1323_2560_ld_2560_2560_512,Gemm_Rocblas_-1086326082,0.19632399827241898
GemmTunableOp_Half_TN,tn_512_1324_2560_ld_2560_2560_512,Gemm_Rocblas_-1086326082,0.20903199762105942
GemmTunableOp_Half_TN,tn_512_1325_2560_ld_2560_2560_512,Gemm_Rocblas_-1086326082,0.1978319972753525
GemmTunableOp_Half_TN,tn_512_134_2560_ld_2560_2560_512,Gemm_Rocblas_-1086326128,0.050208099558949476
GemmTunableOp_Half_TN,tn_512_1392_2560_ld_2560_2560_512,Gemm_Rocblas_-1086326082,0.20724409967660903
GemmTunableOp_Half_TN,tn_512_1399_2560_ld_2560_2560_512,Gemm_Rocblas_-1086326082,0.218444
GemmTunableOp_Half_TN,tn_512_1445_2560_ld_2560_2560_512,Gemm_Rocblas_-1086326082,0.2044481009244919
GemmTunableOp_Half_TN,tn_512_1495_2560_ld_2560_2560_512,Gemm_Rocblas_-1086326082,0.21271209865808488
GemmTunableOp_Half_TN,tn_512_1693_2560_ld_2560_2560_512,Gemm_Rocblas_-1086326097,0.246222
GemmTunableOp_Half_TN,tn_512_16_2560_ld_2560_2560_512,Gemm_Rocblas_-1086326204,0.0251639
GemmTunableOp_Half_TN,tn_512_1_2560_ld_2560_2560_512,Gemm_Rocblas_-9,0.015903999749571088
GemmTunableOp_Half_TN,tn_512_2045_2560_ld_2560_2560_512,Gemm_Rocblas_-1086326047,0.24769599735736847
GemmTunableOp_Half_TN,tn_512_2046_2560_ld_2560_2560_512,Gemm_Rocblas_-1086326047,0.2466879993677139
GemmTunableOp_Half_TN,tn_512_2047_2560_ld_2560_2560_512,Gemm_Rocblas_-1086326047,0.2466720998287201
GemmTunableOp_Half_TN,tn_512_2048_2560_ld_2560_2560_512,Gemm_Rocblas_-1086326063,0.227723
GemmTunableOp_Half_TN,tn_512_2066_2560_ld_2560_2560_512,Gemm_Rocblas_-1086326047,0.24716799855232238
GemmTunableOp_Half_TN,tn_512_2069_2560_ld_2560_2560_512,Gemm_Rocblas_-1086326047,0.24686810076236723
GemmTunableOp_Half_TN,tn_512_225_2560_ld_2560_2560_512,Gemm_Rocblas_-1086326129,0.0574644
GemmTunableOp_Half_TN,tn_512_240_2560_ld_2560_2560_512,Gemm_Rocblas_-1086326127,0.056498
GemmTunableOp_Half_TN,tn_512_24_2560_ld_2560_2560_512,Gemm_Rocblas_-1086326210,0.034068
GemmTunableOp_Half_TN,tn_512_257_2560_ld_2560_2560_512,Gemm_Rocblas_-1086326140,0.06525209918618202
GemmTunableOp_Half_TN,tn_512_259_2560_ld_2560_2560_512,Gemm_Rocblas_-1086326127,0.06555599942803383
GemmTunableOp_Half_TN,tn_512_261_2560_ld_2560_2560_512,Gemm_Rocblas_-1086326140,0.06471999920904636
GemmTunableOp_Half_TN,tn_512_262_2560_ld_2560_2560_512,Gemm_Rocblas_-1086326140,0.06573600023984909
GemmTunableOp_Half_TN,tn_512_2_2560_ld_2560_2560_512,Gemm_Rocblas_-1086326204,0.024803999997675418
GemmTunableOp_Half_TN,tn_512_32_2560_ld_2560_2560_512,Gemm_Rocblas_-1086326210,0.035174
GemmTunableOp_Half_TN,tn_512_3_2560_ld_2560_2560_512,Gemm_Rocblas_-1086326200,0.0276479996740818
GemmTunableOp_Half_TN,tn_512_43_2560_ld_2560_2560_512,Gemm_Rocblas_-1086326200,0.0440018
GemmTunableOp_Half_TN,tn_512_44_2560_ld_2560_2560_512,Gemm_Rocblas_-1086326200,0.041135999560356136
GemmTunableOp_Half_TN,tn_512_4_2560_ld_2560_2560_512,Gemm_Rocblas_-1086326200,0.026071999780833726
GemmTunableOp_Half_TN,tn_512_56_2560_ld_2560_2560_512,Gemm_Rocblas_-1086326205,0.0433952
GemmTunableOp_Half_TN,tn_512_5_2560_ld_2560_2560_512,Gemm_Rocblas_-1086326200,0.02542399987578392
GemmTunableOp_Half_TN,tn_512_60_2560_ld_2560_2560_512,Gemm_Rocblas_-1086326205,0.0435972
GemmTunableOp_Half_TN,tn_512_64_2560_ld_2560_2560_512,Gemm_Rocblas_-1086326211,0.0443302
GemmTunableOp_Half_TN,tn_512_65_2560_ld_2560_2560_512,Gemm_Rocblas_-1086326129,0.0432279996573925
GemmTunableOp_Half_TN,tn_512_66_2560_ld_2560_2560_512,Gemm_Rocblas_-1086326137,0.042867999896407126
GemmTunableOp_Half_TN,tn_512_67_2560_ld_2560_2560_512,Gemm_Rocblas_-1086326129,0.04284809976816177
GemmTunableOp_Half_TN,tn_512_68_2560_ld_2560_2560_512,Gemm_Rocblas_-1086326140,0.042692000046372414
GemmTunableOp_Half_TN,tn_512_692_2560_ld_2560_2560_512,Gemm_Rocblas_-1086326134,0.125259
GemmTunableOp_Half_TN,tn_512_69_2560_ld_2560_2560_512,Gemm_Rocblas_-1086326129,0.04316809996962547
GemmTunableOp_Half_TN,tn_512_6_2560_ld_2560_2560_512,Gemm_Rocblas_-1086326200,0.027682999894022942
GemmTunableOp_Half_TN,tn_512_701_2560_ld_2560_2560_512,Gemm_Rocblas_-1086326134,0.12632
GemmTunableOp_Half_TN,tn_512_704_2560_ld_2560_2560_512,Gemm_Rocblas_-1086326134,0.11472399905323982
GemmTunableOp_Half_TN,tn_512_70_2560_ld_2560_2560_512,Gemm_Rocblas_-1086326129,0.04257209971547127
GemmTunableOp_Half_TN,tn_512_71_2560_ld_2560_2560_512,Gemm_Rocblas_-1086326140,0.043220000341534615
GemmTunableOp_Half_TN,tn_512_784_2560_ld_2560_2560_512,Gemm_Rocblas_-1086326082,0.1256160005927086
GemmTunableOp_Half_TN,tn_512_788_2560_ld_2560_2560_512,Gemm_Rocblas_-1086326082,0.12582799866795538
GemmTunableOp_Half_TN,tn_512_789_2560_ld_2560_2560_512,Gemm_Rocblas_-1086326082,0.12490800097584724
GemmTunableOp_Half_TN,tn_512_7_2560_ld_2560_2560_512,Gemm_Rocblas_-1086326200,0.02651599980890751
GemmTunableOp_Half_TN,tn_512_804_2560_ld_2560_2560_512,Gemm_Rocblas_-1086326082,0.12902410030364989
GemmTunableOp_Half_TN,tn_512_8_2560_ld_2560_2560_512,Gemm_Rocblas_-1086326200,0.026515999995172023
GemmTunableOp_Half_TN,tn_512_9_2560_ld_2560_2560_512,Gemm_Rocblas_-1086326204,0.0243488
GemmTunableOp_Half_TN,tn_62080_10_2560_ld_2560_2560_62080,Gemm_Rocblas_-1086326159,1.12644
GemmTunableOp_Half_TN,tn_62080_11_2560_ld_2560_2560_62080,Gemm_Rocblas_-1086326177,1.13007
GemmTunableOp_Half_TN,tn_62080_12_2560_ld_2560_2560_62080,Gemm_Rocblas_-1086326177,1.055
GemmTunableOp_Half_TN,tn_62080_13_2560_ld_2560_2560_62080,Gemm_Rocblas_-1086326196,1.11294
GemmTunableOp_Half_TN,tn_62080_14_2560_ld_2560_2560_62080,Gemm_Rocblas_-1086326159,1.11342
GemmTunableOp_Half_TN,tn_62080_15_2560_ld_2560_2560_62080,Gemm_Rocblas_-1086326159,1.0722
GemmTunableOp_Half_TN,tn_62080_16_2560_ld_2560_2560_62080,Gemm_Rocblas_-1086326159,1.05159
GemmTunableOp_Half_TN,tn_62080_17_2560_ld_2560_2560_62080,Gemm_Rocblas_-1086326246,1.23769
GemmTunableOp_Half_TN,tn_62080_18_2560_ld_2560_2560_62080,Gemm_Rocblas_-1086326246,1.18268
GemmTunableOp_Half_TN,tn_62080_19_2560_ld_2560_2560_62080,Gemm_Rocblas_-1086326246,1.27031
GemmTunableOp_Half_TN,tn_62080_1_2560_ld_2560_2560_62080,Gemm_Rocblas_-9,0.8718318939208984
GemmTunableOp_Half_TN,tn_62080_20_2560_ld_2560_2560_62080,Gemm_Rocblas_-1086326246,1.2574
GemmTunableOp_Half_TN,tn_62080_21_2560_ld_2560_2560_62080,Gemm_Rocblas_-1086326246,1.21048
GemmTunableOp_Half_TN,tn_62080_22_2560_ld_2560_2560_62080,Gemm_Rocblas_-1086326246,1.20435
GemmTunableOp_Half_TN,tn_62080_24_2560_ld_2560_2560_62080,Gemm_Rocblas_-1086326246,1.3297557950019836
GemmTunableOp_Half_TN,tn_62080_2_2560_ld_2560_2560_62080,Gemm_Rocblas_-1086326223,0.9687278985977172
GemmTunableOp_Half_TN,tn_62080_32_2560_ld_2560_2560_62080,Gemm_Rocblas_-1086326064,1.19107
GemmTunableOp_Half_TN,tn_62080_3_2560_ld_2560_2560_62080,Gemm_Rocblas_-1086326223,0.9786518931388855
GemmTunableOp_Half_TN,tn_62080_4_2560_ld_2560_2560_62080,Gemm_Rocblas_-1086326223,0.9783999025821686
GemmTunableOp_Half_TN,tn_62080_5_2560_ld_2560_2560_62080,Gemm_Rocblas_-1086326221,1.0023638963699342
GemmTunableOp_Half_TN,tn_62080_6_2560_ld_2560_2560_62080,Gemm_Rocblas_-1086326221,1.0097798943519594
GemmTunableOp_Half_TN,tn_62080_7_2560_ld_2560_2560_62080,Gemm_Rocblas_-1086326221,1.0116638898849488
GemmTunableOp_Half_TN,tn_62080_8_2560_ld_2560_2560_62080,Gemm_Rocblas_-1086326223,1.0193878889083863
GemmTunableOp_Half_TN,tn_62080_9_2560_ld_2560_2560_62080,Gemm_Rocblas_-1086326282,1.03559
GemmTunableOp_Half_TN,tn_640_1023_2560_ld_2560_2560_640,Gemm_Rocblas_-1086326044,0.19740809947252272
GemmTunableOp_Half_TN,tn_640_1024_2560_ld_2560_2560_640,Gemm_Rocblas_-1086326082,0.1942
GemmTunableOp_Half_TN,tn_640_1025_2560_ld_2560_2560_640,Gemm_Rocblas_-1086326085,0.212356
GemmTunableOp_Half_TN,tn_640_1026_2560_ld_2560_2560_640,Gemm_Rocblas_-1086326083,0.19516009986400604
GemmTunableOp_Half_TN,tn_640_1027_2560_ld_2560_2560_640,Gemm_Rocblas_-1086326085,0.209648
GemmTunableOp_Half_TN,tn_640_1028_2560_ld_2560_2560_640,Gemm_Rocblas_-1086326083,0.19576410204172134
GemmTunableOp_Half_TN,tn_640_1029_2560_ld_2560_2560_640,Gemm_Rocblas_-1086326083,0.209874
GemmTunableOp_Half_TN,tn_640_1030_2560_ld_2560_2560_640,Gemm_Rocblas_-1086326083,0.19567610025405885
GemmTunableOp_Half_TN,tn_640_1031_2560_ld_2560_2560_640,Gemm_Rocblas_-1086326085,0.211978
GemmTunableOp_Half_TN,tn_640_1033_2560_ld_2560_2560_640,Gemm_Rocblas_-1086326083,0.1964960992336273
GemmTunableOp_Half_TN,tn_640_1036_2560_ld_2560_2560_640,Gemm_Rocblas_-1086326083,0.211256
GemmTunableOp_Half_TN,tn_640_1039_2560_ld_2560_2560_640,Gemm_Rocblas_-1086326083,0.19675210118293762
GemmTunableOp_Half_TN,tn_640_1042_2560_ld_2560_2560_640,Gemm_Rocblas_-1086326083,0.21354
GemmTunableOp_Half_TN,tn_640_1045_2560_ld_2560_2560_640,Gemm_Rocblas_-1086326085,0.214214
GemmTunableOp_Half_TN,tn_640_1125_2560_ld_2560_2560_640,Gemm_Rocblas_-1086326085,0.217071
GemmTunableOp_Half_TN,tn_640_121_2560_ld_2560_2560_640,Gemm_Rocblas_-1086326140,0.0560759
GemmTunableOp_Half_TN,tn_640_12300_2560_ld_2560_2560_640,Gemm_Rocblas_-1086326079,1.62338
GemmTunableOp_Half_TN,tn_640_12312_2560_ld_2560_2560_640,Gemm_Rocblas_-1086326079,1.65068
GemmTunableOp_Half_TN,tn_640_1264_2560_ld_2560_2560_640,Gemm_Rocblas_-1086326047,0.237952
GemmTunableOp_Half_TN,tn_640_127_2560_ld_2560_2560_640,Gemm_Rocblas_-1086326134,0.05332799963653087
GemmTunableOp_Half_TN,tn_640_128_2560_ld_2560_2560_640,Gemm_Rocblas_-1086326129,0.0507144
GemmTunableOp_Half_TN,tn_640_1295_2560_ld_2560_2560_640,Gemm_Rocblas_-1086326047,0.241499
GemmTunableOp_Half_TN,tn_640_12_2560_ld_2560_2560_640,Gemm_Rocblas_-1086326204,0.0250032
GemmTunableOp_Half_TN,tn_640_130_2560_ld_2560_2560_640,Gemm_Rocblas_-1086326134,0.0548760998994112
GemmTunableOp_Half_TN,tn_640_1323_2560_ld_2560_2560_640,Gemm_Rocblas_-1086326047,0.23759
GemmTunableOp_Half_TN,tn_640_1324_2560_ld_2560_2560_640,Gemm_Rocblas_-1086326047,0.240407
GemmTunableOp_Half_TN,tn_640_1325_2560_ld_2560_2560_640,Gemm_Rocblas_-1086326047,0.23821609616279601
GemmTunableOp_Half_TN,tn_640_134_2560_ld_2560_2560_640,Gemm_Rocblas_-1086326140,0.054695999994874005
GemmTunableOp_Half_TN,tn_640_1392_2560_ld_2560_2560_640,Gemm_Rocblas_-1086326047,0.236947
GemmTunableOp_Half_TN,tn_640_1399_2560_ld_2560_2560_640,Gemm_Rocblas_-1086326047,0.25075
GemmTunableOp_Half_TN,tn_640_1445_2560_ld_2560_2560_640,Gemm_Rocblas_-1086326047,0.237829
GemmTunableOp_Half_TN,tn_640_1495_2560_ld_2560_2560_640,Gemm_Rocblas_-1086326047,0.24105200022459028
GemmTunableOp_Half_TN,tn_640_16384_2560_ld_2560_2560_640,Gemm_Rocblas_-1086326063,1.65084
GemmTunableOp_Half_TN,tn_640_16_2560_ld_2560_2560_640,Gemm_Rocblas_-1086326204,0.024818
GemmTunableOp_Half_TN,tn_640_1888_2560_ld_2560_2560_640,Gemm_Rocblas_-1086326082,0.326803
GemmTunableOp_Half_TN,tn_640_1_2560_ld_2560_2560_640,Gemm_Rocblas_-9,0.01818000003695488
GemmTunableOp_Half_TN,tn_640_224_2560_ld_2560_2560_640,Gemm_Rocblas_-1086326134,0.069904
GemmTunableOp_Half_TN,tn_640_225_2560_ld_2560_2560_640,Gemm_Rocblas_-1086326134,0.0721542
GemmTunableOp_Half_TN,tn_640_240_2560_ld_2560_2560_640,Gemm_Rocblas_-1086326129,0.071636
GemmTunableOp_Half_TN,tn_640_24_2560_ld_2560_2560_640,Gemm_Rocblas_-1086326204,0.0373676
GemmTunableOp_Half_TN,tn_640_257_2560_ld_2560_2560_640,Gemm_Rocblas_-1086326140,0.07432809919118881
GemmTunableOp_Half_TN,tn_640_259_2560_ld_2560_2560_640,Gemm_Rocblas_-1086326140,0.0750320002436638
GemmTunableOp_Half_TN,tn_640_261_2560_ld_2560_2560_640,Gemm_Rocblas_-1086326129,0.07503200024366379
GemmTunableOp_Half_TN,tn_640_262_2560_ld_2560_2560_640,Gemm_Rocblas_-1086326134,0.07351600006222725
GemmTunableOp_Half_TN,tn_640_2_2560_ld_2560_2560_640,Gemm_Rocblas_-1086326200,0.028590999916195868
GemmTunableOp_Half_TN,tn_640_3073_2560_ld_2560_2560_640,Gemm_Rocblas_-1086326047,0.46862
GemmTunableOp_Half_TN,tn_640_3074_2560_ld_2560_2560_640,Gemm_Rocblas_-1086326047,0.468724
GemmTunableOp_Half_TN,tn_640_3075_2560_ld_2560_2560_640,Gemm_Rocblas_-1086326047,0.444512
GemmTunableOp_Half_TN,tn_640_3076_2560_ld_2560_2560_640,Gemm_Rocblas_-1086326047,0.430359
GemmTunableOp_Half_TN,tn_640_3077_2560_ld_2560_2560_640,Gemm_Rocblas_-1086326047,0.455917
GemmTunableOp_Half_TN,tn_640_3078_2560_ld_2560_2560_640,Gemm_Rocblas_-1086326047,0.469008
GemmTunableOp_Half_TN,tn_640_3079_2560_ld_2560_2560_640,Gemm_Rocblas_-1086326047,0.454941
GemmTunableOp_Half_TN,tn_640_3081_2560_ld_2560_2560_640,Gemm_Rocblas_-1086326063,0.470433
GemmTunableOp_Half_TN,tn_640_3084_2560_ld_2560_2560_640,Gemm_Rocblas_-1086326047,0.429115
GemmTunableOp_Half_TN,tn_640_3087_2560_ld_2560_2560_640,Gemm_Rocblas_-1086326047,0.464887
GemmTunableOp_Half_TN,tn_640_3090_2560_ld_2560_2560_640,Gemm_Rocblas_-1086326047,0.465877
GemmTunableOp_Half_TN,tn_640_3093_2560_ld_2560_2560_640,Gemm_Rocblas_-1086326047,0.464596
GemmTunableOp_Half_TN,tn_640_32_2560_ld_2560_2560_640,Gemm_Rocblas_-1086326202,0.0378556
GemmTunableOp_Half_TN,tn_640_3_2560_ld_2560_2560_640,Gemm_Rocblas_-1086326200,0.028397999331355093
GemmTunableOp_Half_TN,tn_640_4096_2560_ld_2560_2560_640,Gemm_Rocblas_-1086326277,0.599833
GemmTunableOp_Half_TN,tn_640_4108_2560_ld_2560_2560_640,Gemm_Rocblas_-1086326077,0.6076560974121094
GemmTunableOp_Half_TN,tn_640_4120_2560_ld_2560_2560_640,Gemm_Rocblas_-1086326077,0.6086603045463561
GemmTunableOp_Half_TN,tn_640_4132_2560_ld_2560_2560_640,Gemm_Rocblas_-1086326077,0.6199682056903839
GemmTunableOp_Half_TN,tn_640_4156_2560_ld_2560_2560_640,Gemm_Rocblas_-1086326077,0.6129881978034973
GemmTunableOp_Half_TN,tn_640_4168_2560_ld_2560_2560_640,Gemm_Rocblas_-1086326077,0.6110481977462769
GemmTunableOp_Half_TN,tn_640_4180_2560_ld_2560_2560_640,Gemm_Rocblas_-1086326077,0.6281041920185089
GemmTunableOp_Half_TN,tn_640_43_2560_ld_2560_2560_640,Gemm_Rocblas_-1086326129,0.047953
GemmTunableOp_Half_TN,tn_640_44_2560_ld_2560_2560_640,Gemm_Rocblas_-1086326140,0.0473394
GemmTunableOp_Half_TN,tn_640_48_2560_ld_2560_2560_640,Gemm_Rocblas_-1086326129,0.0457552
GemmTunableOp_Half_TN,tn_640_4_2560_ld_2560_2560_640,Gemm_Rocblas_-1086326200,0.027311999909579755
GemmTunableOp_Half_TN,tn_640_56_2560_ld_2560_2560_640,Gemm_Rocblas_-1086326140,0.0469256
GemmTunableOp_Half_TN,tn_640_5_2560_ld_2560_2560_640,Gemm_Rocblas_-1086326200,0.02878599986433983
GemmTunableOp_Half_TN,tn_640_60_2560_ld_2560_2560_640,Gemm_Rocblas_-1086326140,0.046652
GemmTunableOp_Half_TN,tn_640_64_2560_ld_2560_2560_640,Gemm_Rocblas_-1086326134,0.04205210022628308
GemmTunableOp_Half_TN,tn_640_65_2560_ld_2560_2560_640,Gemm_Rocblas_-1086326134,0.04978809952735901
GemmTunableOp_Half_TN,tn_640_66_2560_ld_2560_2560_640,Gemm_Rocblas_-1086326139,0.049804000183939934
GemmTunableOp_Half_TN,tn_640_67_2560_ld_2560_2560_640,Gemm_Rocblas_-1086326139,0.049704099819064144
GemmTunableOp_Half_TN,tn_640_68_2560_ld_2560_2560_640,Gemm_Rocblas_-1086326129,0.050235999375581736
GemmTunableOp_Half_TN,tn_640_692_2560_ld_2560_2560_640,Gemm_Rocblas_-1086326098,0.14804
GemmTunableOp_Half_TN,tn_640_69_2560_ld_2560_2560_640,Gemm_Rocblas_-1086326134,0.049947999790310865
GemmTunableOp_Half_TN,tn_640_6_2560_ld_2560_2560_640,Gemm_Rocblas_-1086326204,0.02594000045210123
GemmTunableOp_Half_TN,tn_640_701_2560_ld_2560_2560_640,Gemm_Rocblas_-1086326098,0.148949
GemmTunableOp_Half_TN,tn_640_704_2560_ld_2560_2560_640,Gemm_Rocblas_-1086326078,0.142274
GemmTunableOp_Half_TN,tn_640_70_2560_ld_2560_2560_640,Gemm_Rocblas_-1086326139,0.04990799985826016
GemmTunableOp_Half_TN,tn_640_71_2560_ld_2560_2560_640,Gemm_Rocblas_-1086326137,0.04985200054943561
GemmTunableOp_Half_TN,tn_640_784_2560_ld_2560_2560_640,Gemm_Rocblas_-1086326077,0.148874
GemmTunableOp_Half_TN,tn_640_788_2560_ld_2560_2560_640,Gemm_Rocblas_-1086326098,0.150464
GemmTunableOp_Half_TN,tn_640_789_2560_ld_2560_2560_640,Gemm_Rocblas_-1086326098,0.148544
GemmTunableOp_Half_TN,tn_640_7_2560_ld_2560_2560_640,Gemm_Rocblas_-1086326200,0.03049199990928173
GemmTunableOp_Half_TN,tn_640_804_2560_ld_2560_2560_640,Gemm_Rocblas_-1086326098,0.150536
GemmTunableOp_Half_TN,tn_640_8_2560_ld_2560_2560_640,Gemm_Rocblas_-1086326200,0.029709999822080134
GemmTunableOp_Half_TN,tn_640_96_2560_ld_2560_2560_640,Gemm_Rocblas_-1086326129,0.0523272
GemmTunableOp_Half_TN,tn_640_9_2560_ld_2560_2560_640,Gemm_Rocblas_-1086326204,0.031356000341475
GemmTunableOp_Half_TN,tn_864_6272_1152_ld_1152_1152_864,Gemm_Rocblas_-1086326036,0.377769
GemmTunableOp_Half_NN,nn_1024_1027_4096_ld_1024_4096_1024,Gemm_Rocblas_-1086328130,0.3845339983701706
GemmTunableOp_Half_NN,nn_1024_1028_4096_ld_1024_4096_1024,Gemm_Rocblas_-1086328130,0.38529009819030763
GemmTunableOp_Half_NN,nn_1024_1172_4096_ld_1024_4096_1024,Gemm_Rocblas_-1086327943,0.45687530040740965
GemmTunableOp_Half_NN,nn_1024_1280_4096_ld_1024_4096_1024,Gemm_Rocblas_-1086327943,0.46374320089817045
GemmTunableOp_Half_NN,nn_1024_289_4096_ld_1024_4096_1024,Gemm_Rocblas_-1086327985,0.13831429779529572
GemmTunableOp_Half_NN,nn_1024_331_4096_ld_1024_4096_1024,Gemm_Rocblas_-1086327985,0.15959030240774152
GemmTunableOp_Half_NN,nn_1024_404_4096_ld_1024_4096_1024,Gemm_Rocblas_-1086327985,0.1911070019006729
GemmTunableOp_Half_NN,nn_1024_672_4096_ld_1024_4096_1024,Gemm_Rocblas_-1086327940,0.2754963994026184
GemmTunableOp_Half_NN,nn_1024_853_4096_ld_1024_4096_1024,Gemm_Rocblas_-1086327943,0.3425371974706649
GemmTunableOp_Half_NN,nn_1280_1024_10240_ld_1280_10240_1280,Gemm_Rocblas_-1086327941,1.1422422766685487
GemmTunableOp_Half_NN,nn_1280_1039_10240_ld_1280_10240_1280,Gemm_Rocblas_-1086327941,1.1056977868080138
GemmTunableOp_Half_NN,nn_1280_1042_10240_ld_1280_10240_1280,Gemm_Rocblas_-1086327941,1.2480480909347536
GemmTunableOp_Half_NN,nn_1280_1045_10240_ld_1280_10240_1280,Gemm_Rocblas_-1086327941,1.2475842833518982
GemmTunableOp_Half_NN,nn_1280_1184_10240_ld_1280_10240_1280,Gemm_Rocblas_-1086327942,1.260456383228302
GemmTunableOp_Half_NN,nn_1280_1202_10240_ld_1280_10240_1280,Gemm_Rocblas_-1086327942,1.4212070226669313
GemmTunableOp_Half_NN,nn_1280_1205_10240_ld_1280_10240_1280,Gemm_Rocblas_-1086327942,1.4184071898460389
GemmTunableOp_Half_NN,nn_1280_1254_10240_ld_1280_10240_1280,Gemm_Rocblas_-1086327942,1.2707246899604798
GemmTunableOp_Half_NN,nn_1280_1263_10240_ld_1280_10240_1280,Gemm_Rocblas_-1086327942,1.4399114727973938
GemmTunableOp_Half_NN,nn_1280_1283_10240_ld_1280_10240_1280,Gemm_Rocblas_-1086327941,1.554265594482422
GemmTunableOp_Half_NN,nn_1280_1289_10240_ld_1280_10240_1280,Gemm_Rocblas_-1086327941,1.5549138069152832
GemmTunableOp_Half_NN,nn_1280_1442_10240_ld_1280_10240_1280,Gemm_Rocblas_-1086327942,1.6726717114448548
GemmTunableOp_Half_NN,nn_1280_1464_10240_ld_1280_10240_1280,Gemm_Rocblas_-1086327942,1.6737720012664794
GemmTunableOp_Half_NN,nn_1280_1473_10240_ld_1280_10240_1280,Gemm_Rocblas_-1086327942,1.678655993938446
GemmTunableOp_Half_NN,nn_1280_1827_10240_ld_1280_10240_1280,Gemm_Rocblas_-1086328138,2.2576942205429074
GemmTunableOp_Half_NN,nn_1280_1836_10240_ld_1280_10240_1280,Gemm_Rocblas_-1086328138,2.2618942975997927
GemmTunableOp_Half_NN,nn_1280_1842_10240_ld_1280_10240_1280,Gemm_Rocblas_-1086328138,2.2633024454116826
GemmTunableOp_Half_NN,nn_1280_1987_10240_ld_1280_10240_1280,Gemm_Rocblas_-1086328138,2.3177555084228514
GemmTunableOp_Half_NN,nn_1280_1996_10240_ld_1280_10240_1280,Gemm_Rocblas_-1086328138,2.326151466369629
GemmTunableOp_Half_NN,nn_1280_1999_10240_ld_1280_10240_1280,Gemm_Rocblas_-1086328138,2.326663613319397
GemmTunableOp_Half_NN,nn_1280_2002_10240_ld_1280_10240_1280,Gemm_Rocblas_-1086328138,2.3253958940505983
GemmTunableOp_Half_NN,nn_1280_2048_10240_ld_1280_10240_1280,Gemm_Rocblas_-1086328138,2.3278640508651733
GemmTunableOp_Half_NN,nn_1280_245_10240_ld_1280_10240_1280,Gemm_Rocblas_-1086327985,0.3359252989292145
GemmTunableOp_Half_NN,nn_1280_262_10240_ld_1280_10240_1280,Gemm_Rocblas_-1086327985,0.3985905051231384
GemmTunableOp_Half_NN,nn_1280_65_10240_ld_1280_10240_1280,Gemm_Rocblas_-1086327945,0.18232689946889877
GemmTunableOp_Half_NN,nn_1280_667_10240_ld_1280_10240_1280,Gemm_Rocblas_-1086327943,0.8497693896293641
GemmTunableOp_Half_NN,nn_1280_800_10240_ld_1280_10240_1280,Gemm_Rocblas_-1086327906,0.9661475896835326
GemmTunableOp_Half_NN,nn_1280_821_10240_ld_1280_10240_1280,Gemm_Rocblas_-1086327943,0.9898717045783997
GemmTunableOp_Half_NN,nn_1280_845_10240_ld_1280_10240_1280,Gemm_Rocblas_-1086327943,0.999451905488968
GemmTunableOp_Half_NN,nn_1536_1024_4096_ld_1536_4096_1536,Gemm_Rocblas_-1086328130,0.5646775066852571
GemmTunableOp_Half_NN,nn_1536_1027_4096_ld_1536_4096_1536,Gemm_Rocblas_-1086328130,0.5893781960010529
GemmTunableOp_Half_NN,nn_1536_1028_4096_ld_1536_4096_1536,Gemm_Rocblas_-1086328130,0.5895542025566101
GemmTunableOp_Half_NN,nn_1536_1030_4096_ld_1536_4096_1536,Gemm_Rocblas_-1086328130,0.5898501038551329
GemmTunableOp_Half_NN,nn_1536_1034_4096_ld_1536_4096_1536,Gemm_Rocblas_-1086328130,0.5902101993560791
GemmTunableOp_Half_NN,nn_1536_1037_4096_ld_1536_4096_1536,Gemm_Rocblas_-1086327921,0.589854097366333
GemmTunableOp_Half_NN,nn_1536_1039_5120_ld_1536_5120_1536,Gemm_Rocblas_-1086328115,0.7007201015949249
GemmTunableOp_Half_NN,nn_1536_1042_5120_ld_1536_5120_1536,Gemm_Rocblas_-1086327921,0.7019401013851166
GemmTunableOp_Half_NN,nn_1536_1045_5120_ld_1536_5120_1536,Gemm_Rocblas_-1086328115,0.7003959953784942
GemmTunableOp_Half_NN,nn_1536_1254_5120_ld_1536_5120_1536,Gemm_Rocblas_-1086327941,0.8941073894500733
GemmTunableOp_Half_NN,nn_1536_1263_5120_ld_1536_5120_1536,Gemm_Rocblas_-1086327943,0.8954755008220673
GemmTunableOp_Half_NN,nn_1536_1280_4096_ld_1536_4096_1536,Gemm_Rocblas_-1086327927,0.7207766950130463
GemmTunableOp_Half_NN,nn_1536_1283_5120_ld_1536_5120_1536,Gemm_Rocblas_-1086328116,0.9341561973094941
GemmTunableOp_Half_NN,nn_1536_1289_5120_ld_1536_5120_1536,Gemm_Rocblas_-1086328116,0.9344681978225708
GemmTunableOp_Half_NN,nn_1536_1827_5120_ld_1536_5120_1536,Gemm_Rocblas_-1086327921,1.1904805779457093
GemmTunableOp_Half_NN,nn_1536_1836_5120_ld_1536_5120_1536,Gemm_Rocblas_-1086327921,1.1893446803092955
GemmTunableOp_Half_NN,nn_1536_1842_5120_ld_1536_5120_1536,Gemm_Rocblas_-1086327921,1.1901527881622316
GemmTunableOp_Half_NN,nn_1536_245_5120_ld_1536_5120_1536,Gemm_Rocblas_-1086327985,0.21127959936857224
GemmTunableOp_Half_NN,nn_1536_261_4096_ld_1536_4096_1536,Gemm_Rocblas_-1086327985,0.20088730007410047
GemmTunableOp_Half_NN,nn_1536_262_5120_ld_1536_5120_1536,Gemm_Rocblas_-1086327985,0.24844810068607331
GemmTunableOp_Half_NN,nn_1536_289_4096_ld_1536_4096_1536,Gemm_Rocblas_-1086327985,0.20778349786996841
GemmTunableOp_Half_NN,nn_1536_404_4096_ld_1536_4096_1536,Gemm_Rocblas_-1086327985,0.26600060462951663
GemmTunableOp_Half_NN,nn_1536_65_5120_ld_1536_5120_1536,Gemm_Rocblas_-1086327940,0.10351349934935569
GemmTunableOp_Half_NN,nn_1536_667_5120_ld_1536_5120_1536,Gemm_Rocblas_-1086327921,0.5065087974071503
GemmTunableOp_Half_NN,nn_1536_672_4096_ld_1536_4096_1536,Gemm_Rocblas_-1086327921,0.4067110031843185
GemmTunableOp_Half_NN,nn_1536_781_4096_ld_1536_4096_1536,Gemm_Rocblas_-1086327943,0.5037246942520142
GemmTunableOp_Half_NN,nn_1536_800_5120_ld_1536_5120_1536,Gemm_Rocblas_-1086327943,0.6239266991615295
GemmTunableOp_Half_NN,nn_1536_821_5120_ld_1536_5120_1536,Gemm_Rocblas_-1086327943,0.6267668008804321
GemmTunableOp_Half_NN,nn_1536_845_5120_ld_1536_5120_1536,Gemm_Rocblas_-1086327943,0.6311107039451599
GemmTunableOp_Half_NN,nn_1536_853_4096_ld_1536_4096_1536,Gemm_Rocblas_-1086327943,0.5178049027919769
GemmTunableOp_Half_NN,nn_1536_923_4096_ld_1536_4096_1536,Gemm_Rocblas_-1086327920,0.5570015013217926
GemmTunableOp_Half_NN,nn_1_1016_2048_ld_1_2048_1,Gemm_Rocblas_-9,0.020388200134038928
GemmTunableOp_Half_NN,nn_1_1024_2048_ld_1_2048_1,Gemm_Rocblas_-9,0.020980199798941612
GemmTunableOp_Half_NN,nn_1_1025_2048_ld_1_2048_1,Gemm_Rocblas_-9,0.020720299519598483
GemmTunableOp_Half_NN,nn_1_1027_2048_ld_1_2048_1,Gemm_Rocblas_-9,0.02045219987630844
GemmTunableOp_Half_NN,nn_1_1030_2048_ld_1_2048_1,Gemm_Rocblas_-9,0.020584200136363508
GemmTunableOp_Half_NN,nn_1_1033_2048_ld_1_2048_1,Gemm_Rocblas_-9,0.02061219997704029
GemmTunableOp_Half_NN,nn_1_1036_2048_ld_1_2048_1,Gemm_Rocblas_-9,0.020552299916744232
GemmTunableOp_Half_NN,nn_1_1037_2048_ld_1_2048_1,Gemm_Rocblas_-9,0.020748299919068812
GemmTunableOp_Half_NN,nn_1_1039_2048_ld_1_2048_1,Gemm_Rocblas_-9,0.02049229983240366
GemmTunableOp_Half_NN,nn_1_1042_2048_ld_1_2048_1,Gemm_Rocblas_-9,0.020512200146913528
GemmTunableOp_Half_NN,nn_1_1045_2048_ld_1_2048_1,Gemm_Rocblas_-9,0.020596200041472914
GemmTunableOp_Half_NN,nn_1_10_2048_ld_1_2048_1,Gemm_Rocblas_-9,0.013360199704766273
GemmTunableOp_Half_NN,nn_1_1197_2048_ld_1_2048_1,Gemm_Rocblas_-9,0.022492299601435662
GemmTunableOp_Half_NN,nn_1_11_2048_ld_1_2048_1,Gemm_Rocblas_-9,0.013388199917972087
GemmTunableOp_Half_NN,nn_1_1200_2048_ld_1_2048_1,Gemm_Rocblas_-9,0.022380200028419495
GemmTunableOp_Half_NN,nn_1_12_2048_ld_1_2048_1,Gemm_Rocblas_-9,0.013676099851727484
GemmTunableOp_Half_NN,nn_1_1378_2048_ld_1_2048_1,Gemm_Rocblas_-9,0.022948400117456913
GemmTunableOp_Half_NN,nn_1_13_2048_ld_1_2048_1,Gemm_Rocblas_-9,0.013128199893981217
GemmTunableOp_Half_NN,nn_1_15_2048_ld_1_2048_1,Gemm_Rocblas_-9,0.013292100001126527
GemmTunableOp_Half_NN,nn_1_16_2048_ld_1_2048_1,Gemm_Rocblas_-9,0.013352199923247099
GemmTunableOp_Half_NN,nn_1_17_2048_ld_1_2048_1,Gemm_Rocblas_-9,0.01389609994366765
GemmTunableOp_Half_NN,nn_1_1859_2048_ld_1_2048_1,Gemm_Rocblas_-9,0.030428499914705753
GemmTunableOp_Half_NN,nn_1_1865_2048_ld_1_2048_1,Gemm_Rocblas_-9,0.031628399901092064
GemmTunableOp_Half_NN,nn_1_18_2048_ld_1_2048_1,Gemm_Rocblas_-9,0.013348099868744611
GemmTunableOp_Half_NN,nn_1_1_2048_ld_1_2048_1,Gemm_Rocblas_-9,0.035596500337123874
GemmTunableOp_Half_NN,nn_1_2040_2048_ld_1_2048_1,Gemm_Rocblas_-9,0.03351640067994595
GemmTunableOp_Half_NN,nn_1_2048_2048_ld_1_2048_1,Gemm_Rocblas_-9,0.032344499975442885
GemmTunableOp_Half_NN,nn_1_20_2048_ld_1_2048_1,Gemm_Rocblas_-9,0.013380199763923883
GemmTunableOp_Half_NN,nn_1_225_2048_ld_1_2048_1,Gemm_Rocblas_-9,0.014832299947738646
GemmTunableOp_Half_NN,nn_1_24_2048_ld_1_2048_1,Gemm_Rocblas_-9,0.013452199846506118
GemmTunableOp_Half_NN,nn_1_25_2048_ld_1_2048_1,Gemm_Rocblas_-9,0.01355619989335537
GemmTunableOp_Half_NN,nn_1_262_2048_ld_1_2048_1,Gemm_Rocblas_-9,0.014968200121074915
GemmTunableOp_Half_NN,nn_1_26_2048_ld_1_2048_1,Gemm_Rocblas_-9,0.013220199942588808
GemmTunableOp_Half_NN,nn_1_29_2048_ld_1_2048_1,Gemm_Rocblas_-9,0.013468199782073496
GemmTunableOp_Half_NN,nn_1_2_2048_ld_1_2048_1,Gemm_Rocblas_-9,0.017808100022375584
GemmTunableOp_Half_NN,nn_1_32_2048_ld_1_2048_1,Gemm_Rocblas_-9,0.01325219990685582
GemmTunableOp_Half_NN,nn_1_34_2048_ld_1_2048_1,Gemm_Rocblas_-9,0.013568099867552518
GemmTunableOp_Half_NN,nn_1_354_2048_ld_1_2048_1,Gemm_Rocblas_-9,0.01610429994761944
GemmTunableOp_Half_NN,nn_1_37_2048_ld_1_2048_1,Gemm_Rocblas_-9,0.01332009993493557
GemmTunableOp_Half_NN,nn_1_3_2048_ld_1_2048_1,Gemm_Rocblas_-9,0.01765229981392622
GemmTunableOp_Half_NN,nn_1_413_2048_ld_1_2048_1,Gemm_Rocblas_-9,0.016712299920618533
GemmTunableOp_Half_NN,nn_1_420_2048_ld_1_2048_1,Gemm_Rocblas_-9,0.01623630002140999
GemmTunableOp_Half_NN,nn_1_427_2048_ld_1_2048_1,Gemm_Rocblas_-9,0.016936299949884416
GemmTunableOp_Half_NN,nn_1_4_2048_ld_1_2048_1,Gemm_Rocblas_-9,0.013340200111269952
GemmTunableOp_Half_NN,nn_1_58_2048_ld_1_2048_1,Gemm_Rocblas_-9,0.013384099770337343
GemmTunableOp_Half_NN,nn_1_5_2048_ld_1_2048_1,Gemm_Rocblas_-9,0.013548099994659425
GemmTunableOp_Half_NN,nn_1_63_2048_ld_1_2048_1,Gemm_Rocblas_-9,0.013240200001746418
GemmTunableOp_Half_NN,nn_1_6_2048_ld_1_2048_1,Gemm_Rocblas_-9,0.013172199949622154
GemmTunableOp_Half_NN,nn_1_7_2048_ld_1_2048_1,Gemm_Rocblas_-9,0.013300199992954733
GemmTunableOp_Half_NN,nn_1_823_2048_ld_1_2048_1,Gemm_Rocblas_-9,0.01918019987642765
GemmTunableOp_Half_NN,nn_1_835_2048_ld_1_2048_1,Gemm_Rocblas_-9,0.019140199571847913
GemmTunableOp_Half_NN,nn_1_8_2048_ld_1_2048_1,Gemm_Rocblas_-9,0.013628199975937606
GemmTunableOp_Half_NN,nn_1_9_2048_ld_1_2048_1,Gemm_Rocblas_-9,0.013404199946671724
GemmTunableOp_Half_NN,nn_256_1039_5120_ld_256_5120_256,Gemm_Rocblas_-1086327943,0.14390599876642227
GemmTunableOp_Half_NN,nn_256_1042_5120_ld_256_5120_256,Gemm_Rocblas_-1086327943,0.14379790276288984
GemmTunableOp_Half_NN,nn_256_1045_5120_ld_256_5120_256,Gemm_Rocblas_-1086327943,0.14387399852275848
GemmTunableOp_Half_NN,nn_256_1184_5120_ld_256_5120_256,Gemm_Rocblas_-1086327985,0.1693901985883713
GemmTunableOp_Half_NN,nn_256_1202_5120_ld_256_5120_256,Gemm_Rocblas_-1086327985,0.17055409997701645
GemmTunableOp_Half_NN,nn_256_1205_5120_ld_256_5120_256,Gemm_Rocblas_-1086327985,0.17042649984359742
GemmTunableOp_Half_NN,nn_256_1254_5120_ld_256_5120_256,Gemm_Rocblas_-1086327985,0.17261039912700654
GemmTunableOp_Half_NN,nn_256_1263_5120_ld_256_5120_256,Gemm_Rocblas_-1086327985,0.1733502998948097
GemmTunableOp_Half_NN,nn_256_1283_5120_ld_256_5120_256,Gemm_Rocblas_-1086327985,0.1733905002474785
GemmTunableOp_Half_NN,nn_256_1289_5120_ld_256_5120_256,Gemm_Rocblas_-1086327985,0.17456239908933638
GemmTunableOp_Half_NN,nn_256_1442_5120_ld_256_5120_256,Gemm_Rocblas_-1086327941,0.19835879653692245
GemmTunableOp_Half_NN,nn_256_1464_5120_ld_256_5120_256,Gemm_Rocblas_-1086327941,0.19920699745416642
GemmTunableOp_Half_NN,nn_256_1473_5120_ld_256_5120_256,Gemm_Rocblas_-1086327943,0.19995860010385513
GemmTunableOp_Half_NN,nn_256_1574_5120_ld_256_5120_256,Gemm_Rocblas_-1086327941,0.2041225001215935
GemmTunableOp_Half_NN,nn_256_1600_5120_ld_256_5120_256,Gemm_Rocblas_-1086327941,0.20394620001316072
GemmTunableOp_Half_NN,nn_256_1612_5120_ld_256_5120_256,Gemm_Rocblas_-1086327941,0.20644289851188657
GemmTunableOp_Half_NN,nn_256_1615_5120_ld_256_5120_256,Gemm_Rocblas_-1086327941,0.2063787966966629
GemmTunableOp_Half_NN,nn_256_1618_5120_ld_256_5120_256,Gemm_Rocblas_-1086327941,0.20773090124130247
GemmTunableOp_Half_NN,nn_256_1621_5120_ld_256_5120_256,Gemm_Rocblas_-1086327941,0.20720299780368806
GemmTunableOp_Half_NN,nn_256_1645_5120_ld_256_5120_256,Gemm_Rocblas_-1086327941,0.20922290086746217
GemmTunableOp_Half_NN,nn_256_1827_5120_ld_256_5120_256,Gemm_Rocblas_-1086327940,0.24774759858846665
GemmTunableOp_Half_NN,nn_256_1836_5120_ld_256_5120_256,Gemm_Rocblas_-1086327985,0.2465154990553856
GemmTunableOp_Half_NN,nn_256_1842_5120_ld_256_5120_256,Gemm_Rocblas_-1086327985,0.2501594990491867
GemmTunableOp_Half_NN,nn_256_1987_5120_ld_256_5120_256,Gemm_Rocblas_-1086327916,0.25169160515069966
GemmTunableOp_Half_NN,nn_256_1996_5120_ld_256_5120_256,Gemm_Rocblas_-1086327943,0.2586596995592117
GemmTunableOp_Half_NN,nn_256_1999_5120_ld_256_5120_256,Gemm_Rocblas_-1086327943,0.2586836993694306
GemmTunableOp_Half_NN,nn_256_2002_5120_ld_256_5120_256,Gemm_Rocblas_-1086327941,0.2599395990371704
GemmTunableOp_Half_NN,nn_256_245_5120_ld_256_5120_256,Gemm_Rocblas_-1086327940,0.06095699965953827
GemmTunableOp_Half_NN,nn_256_667_5120_ld_256_5120_256,Gemm_Rocblas_-1086327945,0.10575340017676355
GemmTunableOp_Half_NN,nn_256_800_5120_ld_256_5120_256,Gemm_Rocblas_-1086327940,0.10851330012083053
GemmTunableOp_Half_NN,nn_256_821_5120_ld_256_5120_256,Gemm_Rocblas_-1086327940,0.10939740017056465
GemmTunableOp_Half_NN,nn_256_845_5120_ld_256_5120_256,Gemm_Rocblas_-1086327941,0.12795369997620581
GemmTunableOp_Half_NN,nn_3072_245_5120_ld_3072_5120_3072,Gemm_Rocblas_-1086327943,0.3502943992614746
GemmTunableOp_Half_NN,nn_3072_65_5120_ld_3072_5120_3072,Gemm_Rocblas_-1086328122,0.19027529805898666
GemmTunableOp_Half_NN,nn_4096_1037_2048_ld_4096_2048_4096,Gemm_Rocblas_-1086328130,0.7563612997531891
GemmTunableOp_Half_NN,nn_4096_261_2048_ld_4096_2048_4096,Gemm_Rocblas_-1086327985,0.25973649919033054
GemmTunableOp_Half_NN,nn_4096_289_2048_ld_4096_2048_4096,Gemm_Rocblas_-1086328081,0.2642528027296066
GemmTunableOp_Half_NN,nn_4096_289_512_ld_4096_512_4096,Gemm_Rocblas_-1086328193,0.07539729997515679
GemmTunableOp_Half_NN,nn_4096_331_2048_ld_4096_2048_4096,Gemm_Rocblas_-1086328130,0.2884531021118164
GemmTunableOp_Half_NN,nn_4352_1039_5120_ld_4352_5120_4352,Gemm_Rocblas_-1086327921,2.0420240879058835
GemmTunableOp_Half_NN,nn_4352_1042_5120_ld_4352_5120_4352,Gemm_Rocblas_-1086327921,2.0380841732025146
GemmTunableOp_Half_NN,nn_4352_1045_5120_ld_4352_5120_4352,Gemm_Rocblas_-1086327921,2.0362082004547117
GemmTunableOp_Half_NN,nn_4352_1184_5120_ld_4352_5120_4352,Gemm_Rocblas_-1086328133,2.224419593811035
GemmTunableOp_Half_NN,nn_4352_1202_5120_ld_4352_5120_4352,Gemm_Rocblas_-1086328133,2.228103590011596
GemmTunableOp_Half_NN,nn_4352_1205_5120_ld_4352_5120_4352,Gemm_Rocblas_-1086328127,2.231743597984314
GemmTunableOp_Half_NN,nn_4352_1254_5120_ld_4352_5120_4352,Gemm_Rocblas_-1086328133,2.246759867668152
GemmTunableOp_Half_NN,nn_4352_1263_5120_ld_4352_5120_4352,Gemm_Rocblas_-1086328129,2.2530042171478275
GemmTunableOp_Half_NN,nn_4352_1283_5120_ld_4352_5120_4352,Gemm_Rocblas_-1086327921,2.4715959310531614
GemmTunableOp_Half_NN,nn_4352_1289_5120_ld_4352_5120_4352,Gemm_Rocblas_-1086327921,2.472971963882446
GemmTunableOp_Half_NN,nn_4352_1442_5120_ld_4352_5120_4352,Gemm_Rocblas_-1086328131,2.653678231769138
GemmTunableOp_Half_NN,nn_4352_1464_5120_ld_4352_5120_4352,Gemm_Rocblas_-1086328131,2.719390551249186
GemmTunableOp_Half_NN,nn_4352_1473_5120_ld_4352_5120_4352,Gemm_Rocblas_-1086328179,2.722154882219103
GemmTunableOp_Half_NN,nn_4352_1574_5120_ld_4352_5120_4352,Gemm_Rocblas_-1086327921,2.970072865486145
GemmTunableOp_Half_NN,nn_4352_262_5120_ld_4352_5120_4352,Gemm_Rocblas_-1086327985,0.6636119961738586
GemmTunableOp_Half_NN,nn_4352_65_5120_ld_4352_5120_4352,Gemm_Rocblas_-1086327920,0.26197650134563444
GemmTunableOp_Half_NN,nn_4352_667_5120_ld_4352_5120_4352,Gemm_Rocblas_-1086328133,1.229637885093689
GemmTunableOp_Half_NN,nn_4352_800_5120_ld_4352_5120_4352,Gemm_Rocblas_-1086327921,1.585844087600708
GemmTunableOp_Half_NN,nn_4352_821_5120_ld_4352_5120_4352,Gemm_Rocblas_-1086327921,1.5936682939529419
GemmTunableOp_Half_NN,nn_4352_845_5120_ld_4352_5120_4352,Gemm_Rocblas_-1086327909,1.6004324197769164
GemmTunableOp_Half_NN,nn_5120_245_4352_ld_5120_4352_5120,Gemm_Rocblas_-1086327943,0.5263972997665405
GemmTunableOp_Half_NN,nn_5120_65_1536_ld_5120_1536_5120,Gemm_Rocblas_-1086327940,0.09944199994206428
GemmTunableOp_Half_NN,nn_5120_65_4352_ld_5120_4352_5120,Gemm_Rocblas_-1086327985,0.25195269733667375
GemmTunableOp_Half_NN,nn_512_1039_5120_ld_512_5120_512,Gemm_Rocblas_-1086327943,0.25195949226617814
GemmTunableOp_Half_NN,nn_512_1042_5120_ld_512_5120_512,Gemm_Rocblas_-1086327943,0.25213560163974763
GemmTunableOp_Half_NN,nn_512_1045_5120_ld_512_5120_512,Gemm_Rocblas_-1086327943,0.2522117048501968
GemmTunableOp_Half_NN,nn_512_1184_5120_ld_512_5120_512,Gemm_Rocblas_-1086327985,0.29604039788246156
GemmTunableOp_Half_NN,nn_512_1202_5120_ld_512_5120_512,Gemm_Rocblas_-1086327985,0.2902359962463379
GemmTunableOp_Half_NN,nn_512_1205_5120_ld_512_5120_512,Gemm_Rocblas_-1086327985,0.28968420028686526
GemmTunableOp_Half_NN,nn_512_1254_5120_ld_512_5120_512,Gemm_Rocblas_-1086327985,0.31319259405136113
GemmTunableOp_Half_NN,nn_512_1263_5120_ld_512_5120_512,Gemm_Rocblas_-1086327985,0.3108486980199814
GemmTunableOp_Half_NN,nn_512_1283_5120_ld_512_5120_512,Gemm_Rocblas_-1086327941,0.3250050008296967
GemmTunableOp_Half_NN,nn_512_1289_5120_ld_512_5120_512,Gemm_Rocblas_-1086327941,0.3262487977743149
GemmTunableOp_Half_NN,nn_512_1442_5120_ld_512_5120_512,Gemm_Rocblas_-1086327943,0.3728215962648392
GemmTunableOp_Half_NN,nn_512_1464_5120_ld_512_5120_512,Gemm_Rocblas_-1086327943,0.3743095934391022
GemmTunableOp_Half_NN,nn_512_1473_5120_ld_512_5120_512,Gemm_Rocblas_-1086327943,0.372981595993042
GemmTunableOp_Half_NN,nn_512_1574_5120_ld_512_5120_512,Gemm_Rocblas_-1086327943,0.38513799905776985
GemmTunableOp_Half_NN,nn_512_1600_5120_ld_512_5120_512,Gemm_Rocblas_-1086327943,0.3878260016441345
GemmTunableOp_Half_NN,nn_512_1612_5120_ld_512_5120_512,Gemm_Rocblas_-1086327943,0.38833780288696285
GemmTunableOp_Half_NN,nn_512_1615_5120_ld_512_5120_512,Gemm_Rocblas_-1086327943,0.3871219962835312
GemmTunableOp_Half_NN,nn_512_1618_5120_ld_512_5120_512,Gemm_Rocblas_-1086327943,0.38927779197692874
GemmTunableOp_Half_NN,nn_512_1621_5120_ld_512_5120_512,Gemm_Rocblas_-1086327943,0.38954989910125737
GemmTunableOp_Half_NN,nn_512_1645_5120_ld_512_5120_512,Gemm_Rocblas_-1086327943,0.3917939990758896
GemmTunableOp_Half_NN,nn_512_1827_5120_ld_512_5120_512,Gemm_Rocblas_-1086327943,0.4431584000587463
GemmTunableOp_Half_NN,nn_512_1836_5120_ld_512_5120_512,Gemm_Rocblas_-1086327943,0.44362700283527373
GemmTunableOp_Half_NN,nn_512_1842_5120_ld_512_5120_512,Gemm_Rocblas_-1086327943,0.4444590002298355
GemmTunableOp_Half_NN,nn_512_245_5120_ld_512_5120_512,Gemm_Rocblas_-1086327945,0.0847971998155117
GemmTunableOp_Half_NN,nn_512_262_5120_ld_512_5120_512,Gemm_Rocblas_-1086327945,0.10252549946308136
GemmTunableOp_Half_NN,nn_512_667_5120_ld_512_5120_512,Gemm_Rocblas_-1086327985,0.17609049826860426
GemmTunableOp_Half_NN,nn_512_800_5120_ld_512_5120_512,Gemm_Rocblas_-1086327985,0.2081869974732399
GemmTunableOp_Half_NN,nn_512_821_5120_ld_512_5120_512,Gemm_Rocblas_-1086327985,0.21041100025177004
GemmTunableOp_Half_NN,nn_512_845_5120_ld_512_5120_512,Gemm_Rocblas_-1086327985,0.23470349907875063
GemmTunableOp_Half_NN,nn_8192_261_1024_ld_8192_1024_8192,Gemm_Rocblas_-1086327920,0.2380043998360634
GemmTunableOp_Half_NN,nn_8192_289_1024_ld_8192_1024_8192,Gemm_Rocblas_-1086328193,0.2491084009408951
GemmTunableOp_Half_TN,tn_128_1024_4096_ld_4096_4096_128,Gemm_Rocblas_-1086326134,0.07491709962487221
GemmTunableOp_Half_TN,tn_128_1027_4096_ld_4096_4096_128,Gemm_Rocblas_-1086326134,0.07492099925875663
GemmTunableOp_Half_TN,tn_128_1028_4096_ld_4096_4096_128,Gemm_Rocblas_-1086326140,0.07484899982810021
GemmTunableOp_Half_TN,tn_128_1030_4096_ld_4096_4096_128,Gemm_Rocblas_-1086326140,0.07530099973082542
GemmTunableOp_Half_TN,tn_128_1034_4096_ld_4096_4096_128,Gemm_Rocblas_-1086326129,0.07526500076055527
GemmTunableOp_Half_TN,tn_128_1037_4096_ld_4096_4096_128,Gemm_Rocblas_-1086326140,0.07524509951472282
GemmTunableOp_Half_TN,tn_128_1172_4096_ld_4096_4096_128,Gemm_Rocblas_-1086326134,0.09803739935159682
GemmTunableOp_Half_TN,tn_128_1280_4096_ld_4096_4096_128,Gemm_Rocblas_-1086326134,0.0984573006629944
GemmTunableOp_Half_TN,tn_128_155_4096_ld_4096_4096_128,Gemm_Rocblas_-1086326202,0.05140480026602745
GemmTunableOp_Half_TN,tn_128_16_4096_ld_4096_4096_128,Gemm_Rocblas_-1086326214,0.030950400047004223
GemmTunableOp_Half_TN,tn_128_17_4096_ld_4096_4096_128,Gemm_Rocblas_-1086326201,0.03229830022901296
GemmTunableOp_Half_TN,tn_128_18_4096_ld_4096_4096_128,Gemm_Rocblas_-1086326201,0.031548400223255155
GemmTunableOp_Half_TN,tn_128_1957_4096_ld_4096_4096_128,Gemm_Rocblas_-1086326082,0.12604179978370667
GemmTunableOp_Half_TN,tn_128_19_4096_ld_4096_4096_128,Gemm_Rocblas_-1086326201,0.0332763995975256
GemmTunableOp_Half_TN,tn_128_1_4096_ld_4096_4096_128,Gemm_Rocblas_-9,0.015488199796527624
GemmTunableOp_Half_TN,tn_128_2048_4096_ld_4096_4096_128,Gemm_Rocblas_-1086326129,0.12832570075988772
GemmTunableOp_Half_TN,tn_128_256_4096_ld_4096_4096_128,Gemm_Rocblas_-1086326141,0.05883670002222061
GemmTunableOp_Half_TN,tn_128_261_4096_ld_4096_4096_128,Gemm_Rocblas_-1086326134,0.058280700072646144
GemmTunableOp_Half_TN,tn_128_289_4096_ld_4096_4096_128,Gemm_Rocblas_-1086326134,0.06404089853167533
GemmTunableOp_Half_TN,tn_128_2_4096_ld_4096_4096_128,Gemm_Rocblas_-1086326214,0.028572300262749196
GemmTunableOp_Half_TN,tn_128_331_4096_ld_4096_4096_128,Gemm_Rocblas_-1086326129,0.0587848000228405
GemmTunableOp_Half_TN,tn_128_3_4096_ld_4096_4096_128,Gemm_Rocblas_-1086326214,0.029016300104558468
GemmTunableOp_Half_TN,tn_128_404_4096_ld_4096_4096_128,Gemm_Rocblas_-1086326129,0.06093700006604195
GemmTunableOp_Half_TN,tn_128_4_4096_ld_4096_4096_128,Gemm_Rocblas_-1086326201,0.029876600205898284
GemmTunableOp_Half_TN,tn_128_57_4096_ld_4096_4096_128,Gemm_Rocblas_-1086326204,0.03613260015845299
GemmTunableOp_Half_TN,tn_128_5_4096_ld_4096_4096_128,Gemm_Rocblas_-1086326214,0.029981300234794617
GemmTunableOp_Half_TN,tn_128_672_4096_ld_4096_4096_128,Gemm_Rocblas_-1086326139,0.07388499975204468
GemmTunableOp_Half_TN,tn_128_6_4096_ld_4096_4096_128,Gemm_Rocblas_-1086326214,0.0290055001154542
GemmTunableOp_Half_TN,tn_128_781_4096_ld_4096_4096_128,Gemm_Rocblas_-1086326139,0.07387299984693528
GemmTunableOp_Half_TN,tn_128_7_4096_ld_4096_4096_128,Gemm_Rocblas_-1086326206,0.030596500076353547
GemmTunableOp_Half_TN,tn_128_853_4096_ld_4096_4096_128,Gemm_Rocblas_-1086326140,0.074736999720335
GemmTunableOp_Half_TN,tn_128_8_4096_ld_4096_4096_128,Gemm_Rocblas_-1086326214,0.02971830014139414
GemmTunableOp_Half_TN,tn_128_923_4096_ld_4096_4096_128,Gemm_Rocblas_-1086326134,0.07494500055909158
GemmTunableOp_Half_TN,tn_16_1016_2048_ld_2048_2048_16,Gemm_Rocblas_-1086326212,0.037168399617075916
GemmTunableOp_Half_TN,tn_16_1024_2048_ld_2048_2048_16,Gemm_Rocblas_-1086326210,0.03663649968802929
GemmTunableOp_Half_TN,tn_16_1025_2048_ld_2048_2048_16,Gemm_Rocblas_-1086326200,0.036828399449586866
GemmTunableOp_Half_TN,tn_16_1027_2048_ld_2048_2048_16,Gemm_Rocblas_-1086326210,0.035564399883151056
GemmTunableOp_Half_TN,tn_16_1030_2048_ld_2048_2048_16,Gemm_Rocblas_-1086326210,0.036900399997830395
GemmTunableOp_Half_TN,tn_16_1033_2048_ld_2048_2048_16,Gemm_Rocblas_-1086326200,0.03709240034222604
GemmTunableOp_Half_TN,tn_16_1036_2048_ld_2048_2048_16,Gemm_Rocblas_-1086326210,0.03615259937942028
GemmTunableOp_Half_TN,tn_16_1037_2048_ld_2048_2048_16,Gemm_Rocblas_-1086326200,0.03733640015125275
GemmTunableOp_Half_TN,tn_16_1039_2048_ld_2048_2048_16,Gemm_Rocblas_-1086326214,0.036228399351239206
GemmTunableOp_Half_TN,tn_16_1042_2048_ld_2048_2048_16,Gemm_Rocblas_-1086326200,0.03686040006577969
GemmTunableOp_Half_TN,tn_16_1045_2048_ld_2048_2048_16,Gemm_Rocblas_-1086326210,0.036476499587297435
GemmTunableOp_Half_TN,tn_16_1197_2048_ld_2048_2048_16,Gemm_Rocblas_-1086326212,0.041388599947094915
GemmTunableOp_Half_TN,tn_16_1200_2048_ld_2048_2048_16,Gemm_Rocblas_-1086326200,0.040752499550580974
GemmTunableOp_Half_TN,tn_16_12_2048_ld_2048_2048_16,Gemm_Rocblas_-1086326200,0.02452420014888048
GemmTunableOp_Half_TN,tn_16_1378_2048_ld_2048_2048_16,Gemm_Rocblas_-1086326157,0.042060500383377074
GemmTunableOp_Half_TN,tn_16_1859_2048_ld_2048_2048_16,Gemm_Rocblas_-1086326284,0.044072599709033974
GemmTunableOp_Half_TN,tn_16_1865_2048_ld_2048_2048_16,Gemm_Rocblas_-1086326284,0.04391649998724461
GemmTunableOp_Half_TN,tn_16_1_2048_ld_2048_2048_16,Gemm_Rocblas_-9,0.013400099985301494
GemmTunableOp_Half_TN,tn_16_2040_2048_ld_2048_2048_16,Gemm_Rocblas_-1086326175,0.04462459981441498
GemmTunableOp_Half_TN,tn_16_2048_2048_ld_2048_2048_16,Gemm_Rocblas_-1086326284,0.044500499963760376
GemmTunableOp_Half_TN,tn_16_225_2048_ld_2048_2048_16,Gemm_Rocblas_-1086326206,0.025170200131833555
GemmTunableOp_Half_TN,tn_16_24_2048_ld_2048_2048_16,Gemm_Rocblas_-1086326201,0.024118199944496155
GemmTunableOp_Half_TN,tn_16_25_2048_ld_2048_2048_16,Gemm_Rocblas_-1086326212,0.025877400301396847
GemmTunableOp_Half_TN,tn_16_262_2048_ld_2048_2048_16,Gemm_Rocblas_-1086326212,0.026769400015473368
GemmTunableOp_Half_TN,tn_16_26_2048_ld_2048_2048_16,Gemm_Rocblas_-1086326212,0.02416840009391308
GemmTunableOp_Half_TN,tn_16_29_2048_ld_2048_2048_16,Gemm_Rocblas_-1086326212,0.025100200064480306
GemmTunableOp_Half_TN,tn_16_2_2048_ld_2048_2048_16,Gemm_Rocblas_-1086326212,0.025885500200092792
GemmTunableOp_Half_TN,tn_16_32_2048_ld_2048_2048_16,Gemm_Rocblas_-1086326206,0.02488830015063286
GemmTunableOp_Half_TN,tn_16_34_2048_ld_2048_2048_16,Gemm_Rocblas_-1086326212,0.02560529988259077
GemmTunableOp_Half_TN,tn_16_354_2048_ld_2048_2048_16,Gemm_Rocblas_-1086326201,0.025566299632191657
GemmTunableOp_Half_TN,tn_16_37_2048_ld_2048_2048_16,Gemm_Rocblas_-1086326212,0.024757400155067444
GemmTunableOp_Half_TN,tn_16_3_2048_ld_2048_2048_16,Gemm_Rocblas_-1086326206,0.025092200189828873
GemmTunableOp_Half_TN,tn_16_413_2048_ld_2048_2048_16,Gemm_Rocblas_-1086326206,0.028674400225281716
GemmTunableOp_Half_TN,tn_16_420_2048_ld_2048_2048_16,Gemm_Rocblas_-1086326201,0.0288204001262784
GemmTunableOp_Half_TN,tn_16_427_2048_ld_2048_2048_16,Gemm_Rocblas_-1086326200,0.02823049984872341
GemmTunableOp_Half_TN,tn_16_4_2048_ld_2048_2048_16,Gemm_Rocblas_-1086326201,0.024228200130164624
GemmTunableOp_Half_TN,tn_16_58_2048_ld_2048_2048_16,Gemm_Rocblas_-1086326206,0.024402299709618092
GemmTunableOp_Half_TN,tn_16_5_2048_ld_2048_2048_16,Gemm_Rocblas_-1086326206,0.02543710023164749
GemmTunableOp_Half_TN,tn_16_63_2048_ld_2048_2048_16,Gemm_Rocblas_-1086326201,0.025530399568378926
GemmTunableOp_Half_TN,tn_16_6_2048_ld_2048_2048_16,Gemm_Rocblas_-1086326206,0.025821400061249732
GemmTunableOp_Half_TN,tn_16_7_2048_ld_2048_2048_16,Gemm_Rocblas_-1086326200,0.026632199808955193
GemmTunableOp_Half_TN,tn_16_823_2048_ld_2048_2048_16,Gemm_Rocblas_-1086326210,0.03363239951431751
GemmTunableOp_Half_TN,tn_16_835_2048_ld_2048_2048_16,Gemm_Rocblas_-1086326214,0.032509399391710755
GemmTunableOp_Half_TN,tn_16_8_2048_ld_2048_2048_16,Gemm_Rocblas_-1086326212,0.025735299661755563
GemmTunableOp_Half_TN,tn_2048_1016_1024_ld_1024_1024_2048,Gemm_Rocblas_-1086326268,0.18069920092821118
GemmTunableOp_Half_TN,tn_2048_1024_1024_ld_1024_1024_2048,Gemm_Rocblas_-1086326268,0.1660389006137848
GemmTunableOp_Half_TN,tn_2048_1024_128_ld_128_128_2048,Gemm_Rocblas_-1086326073,0.03264460023492575
GemmTunableOp_Half_TN,tn_2048_1025_1024_ld_1024_1024_2048,Gemm_Rocblas_-1086326268,0.1721189990639687
GemmTunableOp_Half_TN,tn_2048_1027_1024_ld_1024_1024_2048,Gemm_Rocblas_-1086326268,0.1716829016804695
GemmTunableOp_Half_TN,tn_2048_1030_1024_ld_1024_1024_2048,Gemm_Rocblas_-1086326268,0.17185899913311006
GemmTunableOp_Half_TN,tn_2048_1033_1024_ld_1024_1024_2048,Gemm_Rocblas_-1086326268,0.17189099937677385
GemmTunableOp_Half_TN,tn_2048_1036_1024_ld_1024_1024_2048,Gemm_Rocblas_-1086326268,0.17226699888706207
GemmTunableOp_Half_TN,tn_2048_1037_1024_ld_1024_1024_2048,Gemm_Rocblas_-1086326268,0.17239109873771669
GemmTunableOp_Half_TN,tn_2048_1039_1024_ld_1024_1024_2048,Gemm_Rocblas_-1086326268,0.17231900095939637
GemmTunableOp_Half_TN,tn_2048_1042_1024_ld_1024_1024_2048,Gemm_Rocblas_-1086326268,0.17237509936094284
GemmTunableOp_Half_TN,tn_2048_1045_1024_ld_1024_1024_2048,Gemm_Rocblas_-1086326268,0.17259900122880936
GemmTunableOp_Half_TN,tn_2048_1197_1024_ld_1024_1024_2048,Gemm_Rocblas_-1086326268,0.20967179834842684
GemmTunableOp_Half_TN,tn_2048_1200_1024_ld_1024_1024_2048,Gemm_Rocblas_-1086326268,0.20981959849596027
GemmTunableOp_Half_TN,tn_2048_12_1024_ld_1024_1024_2048,Gemm_Rocblas_-1086326175,0.028212399780750276
GemmTunableOp_Half_TN,tn_2048_1378_1024_ld_1024_1024_2048,Gemm_Rocblas_-1086326268,0.21557980030775067
GemmTunableOp_Half_TN,tn_2048_1859_1024_ld_1024_1024_2048,Gemm_Rocblas_-1086326268,0.32243370115756986
GemmTunableOp_Half_TN,tn_2048_1859_128_ld_128_128_2048,Gemm_Rocblas_-1086326077,0.05837299972772598
GemmTunableOp_Half_TN,tn_2048_1865_1024_ld_1024_1024_2048,Gemm_Rocblas_-1086326268,0.320865598320961
GemmTunableOp_Half_TN,tn_2048_1865_128_ld_128_128_2048,Gemm_Rocblas_-1086326295,0.05808499976992607
GemmTunableOp_Half_TN,tn_2048_1_1024_ld_1024_1024_2048,Gemm_Rocblas_-9,0.023148399777710438
GemmTunableOp_Half_TN,tn_2048_2040_1024_ld_1024_1024_2048,Gemm_Rocblas_-1086326268,0.367038494348526
GemmTunableOp_Half_TN,tn_2048_2040_128_ld_128_128_2048,Gemm_Rocblas_-1086326071,0.06315710097551346
GemmTunableOp_Half_TN,tn_2048_2048_1024_ld_1024_1024_2048,Gemm_Rocblas_-1086326047,0.3554941028356552
GemmTunableOp_Half_TN,tn_2048_2048_128_ld_128_128_2048,Gemm_Rocblas_-1086326054,0.05869700014591217
GemmTunableOp_Half_TN,tn_2048_225_1024_ld_1024_1024_2048,Gemm_Rocblas_-1086326273,0.0689571999013424
GemmTunableOp_Half_TN,tn_2048_24_1024_ld_1024_1024_2048,Gemm_Rocblas_-1086326246,0.034964700043201444
GemmTunableOp_Half_TN,tn_2048_25_1024_ld_1024_1024_2048,Gemm_Rocblas_-1086326246,0.034660599753260614
GemmTunableOp_Half_TN,tn_2048_262_1024_ld_1024_1024_2048,Gemm_Rocblas_-1086326044,0.09074550047516822
GemmTunableOp_Half_TN,tn_2048_26_1024_ld_1024_1024_2048,Gemm_Rocblas_-1086326246,0.03482059948146343
GemmTunableOp_Half_TN,tn_2048_29_1024_ld_1024_1024_2048,Gemm_Rocblas_-1086326246,0.033516599982976916
GemmTunableOp_Half_TN,tn_2048_2_1024_ld_1024_1024_2048,Gemm_Rocblas_-1086326175,0.02836440000683069
GemmTunableOp_Half_TN,tn_2048_32_1024_ld_1024_1024_2048,Gemm_Rocblas_-1086326246,0.033436600118875504
GemmTunableOp_Half_TN,tn_2048_34_1024_ld_1024_1024_2048,Gemm_Rocblas_-1086326246,0.042360900342464446
GemmTunableOp_Half_TN,tn_2048_354_1024_ld_1024_1024_2048,Gemm_Rocblas_-1086326123,0.09268559962511062
GemmTunableOp_Half_TN,tn_2048_354_128_ld_128_128_2048,Gemm_Rocblas_-1086326262,0.021464299969375135
GemmTunableOp_Half_TN,tn_2048_37_1024_ld_1024_1024_2048,Gemm_Rocblas_-1086326246,0.04245279990136624
GemmTunableOp_Half_TN,tn_2048_3_1024_ld_1024_1024_2048,Gemm_Rocblas_-1086326175,0.028072299621999263
GemmTunableOp_Half_TN,tn_2048_413_1024_ld_1024_1024_2048,Gemm_Rocblas_-1086326061,0.09912979900836945
GemmTunableOp_Half_TN,tn_2048_420_1024_ld_1024_1024_2048,Gemm_Rocblas_-1086326277,0.09980560094118118
GemmTunableOp_Half_TN,tn_2048_427_1024_ld_1024_1024_2048,Gemm_Rocblas_-1086326277,0.10013750120997429
GemmTunableOp_Half_TN,tn_2048_4_1024_ld_1024_1024_2048,Gemm_Rocblas_-1086326284,0.028832600079476835
GemmTunableOp_Half_TN,tn_2048_58_1024_ld_1024_1024_2048,Gemm_Rocblas_-1086326246,0.042244700342416765
GemmTunableOp_Half_TN,tn_2048_5_1024_ld_1024_1024_2048,Gemm_Rocblas_-1086326175,0.028560499660670757
GemmTunableOp_Half_TN,tn_2048_63_1024_ld_1024_1024_2048,Gemm_Rocblas_-1086326246,0.04234459921717644
GemmTunableOp_Half_TN,tn_2048_6_1024_ld_1024_1024_2048,Gemm_Rocblas_-1086326175,0.02831270005553961
GemmTunableOp_Half_TN,tn_2048_7_1024_ld_1024_1024_2048,Gemm_Rocblas_-1086326218,0.028308599814772607
GemmTunableOp_Half_TN,tn_2048_8_1024_ld_1024_1024_2048,Gemm_Rocblas_-1086326284,0.028020399622619152
GemmTunableOp_Half_TN,tn_24_1016_5120_ld_5120_5120_24,Gemm_Rocblas_-1086326139,0.07130900025367737
GemmTunableOp_Half_TN,tn_24_1027_5120_ld_5120_5120_24,Gemm_Rocblas_-1086326139,0.07082059979438782
GemmTunableOp_Half_TN,tn_24_1028_5120_ld_5120_5120_24,Gemm_Rocblas_-1086326139,0.07080899998545646
GemmTunableOp_Half_TN,tn_24_1029_5120_ld_5120_5120_24,Gemm_Rocblas_-1086326139,0.07089300006628038
GemmTunableOp_Half_TN,tn_24_1030_5120_ld_5120_5120_24,Gemm_Rocblas_-1086326139,0.07085300013422967
GemmTunableOp_Half_TN,tn_24_1039_5120_ld_5120_5120_24,Gemm_Rocblas_-1086326139,0.07076069861650469
GemmTunableOp_Half_TN,tn_24_1042_5120_ld_5120_5120_24,Gemm_Rocblas_-1086326139,0.07129299789667129
GemmTunableOp_Half_TN,tn_24_1045_5120_ld_5120_5120_24,Gemm_Rocblas_-1086326139,0.07105280086398125
GemmTunableOp_Half_TN,tn_24_1184_5120_ld_5120_5120_24,Gemm_Rocblas_-1086326139,0.08392100036144257
GemmTunableOp_Half_TN,tn_24_1197_5120_ld_5120_5120_24,Gemm_Rocblas_-1086326139,0.08430910035967827
GemmTunableOp_Half_TN,tn_24_11_5120_ld_5120_5120_24,Gemm_Rocblas_-1086326206,0.031060499884188172
GemmTunableOp_Half_TN,tn_24_1202_5120_ld_5120_5120_24,Gemm_Rocblas_-1086326139,0.08416509926319123
GemmTunableOp_Half_TN,tn_24_1205_5120_ld_5120_5120_24,Gemm_Rocblas_-1086326139,0.08476510047912598
GemmTunableOp_Half_TN,tn_24_1254_5120_ld_5120_5120_24,Gemm_Rocblas_-1086326139,0.08466910049319266
GemmTunableOp_Half_TN,tn_24_1263_5120_ld_5120_5120_24,Gemm_Rocblas_-1086326139,0.08432920128107071
GemmTunableOp_Half_TN,tn_24_1283_5120_ld_5120_5120_24,Gemm_Rocblas_-1086326139,0.08482509925961494
GemmTunableOp_Half_TN,tn_24_1289_5120_ld_5120_5120_24,Gemm_Rocblas_-1086326139,0.08467700034379959
GemmTunableOp_Half_TN,tn_24_12_5120_ld_5120_5120_24,Gemm_Rocblas_-1086326214,0.03128849975764751
GemmTunableOp_Half_TN,tn_24_13_5120_ld_5120_5120_24,Gemm_Rocblas_-1086326214,0.03126829974353313
GemmTunableOp_Half_TN,tn_24_1442_5120_ld_5120_5120_24,Gemm_Rocblas_-1086326139,0.08544109910726547
GemmTunableOp_Half_TN,tn_24_1464_5120_ld_5120_5120_24,Gemm_Rocblas_-1086326139,0.08538110032677651
GemmTunableOp_Half_TN,tn_24_1473_5120_ld_5120_5120_24,Gemm_Rocblas_-1086326139,0.08536920025944711
GemmTunableOp_Half_TN,tn_24_14_5120_ld_5120_5120_24,Gemm_Rocblas_-1086326214,0.031464399397373194
GemmTunableOp_Half_TN,tn_24_1574_5120_ld_5120_5120_24,Gemm_Rocblas_-1086326139,0.08562100008130073
GemmTunableOp_Half_TN,tn_24_15_5120_ld_5120_5120_24,Gemm_Rocblas_-1086326201,0.03132819999009371
GemmTunableOp_Half_TN,tn_24_1600_5120_ld_5120_5120_24,Gemm_Rocblas_-1086326139,0.08574899956583976
GemmTunableOp_Half_TN,tn_24_1612_5120_ld_5120_5120_24,Gemm_Rocblas_-1086326139,0.08570099994540215
GemmTunableOp_Half_TN,tn_24_1615_5120_ld_5120_5120_24,Gemm_Rocblas_-1086326139,0.08648499846458434
GemmTunableOp_Half_TN,tn_24_1618_5120_ld_5120_5120_24,Gemm_Rocblas_-1086326139,0.0857611984014511
GemmTunableOp_Half_TN,tn_24_1621_5120_ld_5120_5120_24,Gemm_Rocblas_-1086326139,0.08572099953889847
GemmTunableOp_Half_TN,tn_24_1645_5120_ld_5120_5120_24,Gemm_Rocblas_-1086326139,0.0857050009071827
GemmTunableOp_Half_TN,tn_24_17_5120_ld_5120_5120_24,Gemm_Rocblas_-1086326212,0.030884400010108948
GemmTunableOp_Half_TN,tn_24_1827_5120_ld_5120_5120_24,Gemm_Rocblas_-1086326139,0.09359729886054993
GemmTunableOp_Half_TN,tn_24_1836_5120_ld_5120_5120_24,Gemm_Rocblas_-1086326139,0.09354930073022844
GemmTunableOp_Half_TN,tn_24_1842_5120_ld_5120_5120_24,Gemm_Rocblas_-1086326139,0.09354929998517036
GemmTunableOp_Half_TN,tn_24_18_5120_ld_5120_5120_24,Gemm_Rocblas_-1086326206,0.030936399661004546
GemmTunableOp_Half_TN,tn_24_1987_5120_ld_5120_5120_24,Gemm_Rocblas_-1086326139,0.0944812998175621
GemmTunableOp_Half_TN,tn_24_1996_5120_ld_5120_5120_24,Gemm_Rocblas_-1086326139,0.09446909949183464
GemmTunableOp_Half_TN,tn_24_1999_5120_ld_5120_5120_24,Gemm_Rocblas_-1086326139,0.09448919966816903
GemmTunableOp_Half_TN,tn_24_2002_5120_ld_5120_5120_24,Gemm_Rocblas_-1086326139,0.09424520060420037
GemmTunableOp_Half_TN,tn_24_20_5120_ld_5120_5120_24,Gemm_Rocblas_-1086326206,0.03126039989292622
GemmTunableOp_Half_TN,tn_24_245_5120_ld_5120_5120_24,Gemm_Rocblas_-1086326210,0.039120500534772874
GemmTunableOp_Half_TN,tn_24_24_5120_ld_5120_5120_24,Gemm_Rocblas_-1086326212,0.031316299736499784
GemmTunableOp_Half_TN,tn_24_25_5120_ld_5120_5120_24,Gemm_Rocblas_-1086326201,0.030912400037050248
GemmTunableOp_Half_TN,tn_24_262_5120_ld_5120_5120_24,Gemm_Rocblas_-1086326204,0.0389164999127388
GemmTunableOp_Half_TN,tn_24_26_5120_ld_5120_5120_24,Gemm_Rocblas_-1086326201,0.031116499565541744
GemmTunableOp_Half_TN,tn_24_27_5120_ld_5120_5120_24,Gemm_Rocblas_-1086326206,0.031184300221502783
GemmTunableOp_Half_TN,tn_24_28_5120_ld_5120_5120_24,Gemm_Rocblas_-1086326201,0.031072300113737582
GemmTunableOp_Half_TN,tn_24_29_5120_ld_5120_5120_24,Gemm_Rocblas_-1086326201,0.031184500269591808
GemmTunableOp_Half_TN,tn_24_32_5120_ld_5120_5120_24,Gemm_Rocblas_-1086326214,0.031404499337077146
GemmTunableOp_Half_TN,tn_24_34_5120_ld_5120_5120_24,Gemm_Rocblas_-1086326214,0.031532499752938745
GemmTunableOp_Half_TN,tn_24_354_5120_ld_5120_5120_24,Gemm_Rocblas_-1086326210,0.0419283002614975
GemmTunableOp_Half_TN,tn_24_37_5120_ld_5120_5120_24,Gemm_Rocblas_-1086326206,0.03127250000834465
GemmTunableOp_Half_TN,tn_24_427_5120_ld_5120_5120_24,Gemm_Rocblas_-1086326210,0.04342439994215965
GemmTunableOp_Half_TN,tn_24_434_5120_ld_5120_5120_24,Gemm_Rocblas_-1086326210,0.0497165996581316
GemmTunableOp_Half_TN,tn_24_61_5120_ld_5120_5120_24,Gemm_Rocblas_-1086326201,0.03116049971431494
GemmTunableOp_Half_TN,tn_24_65_5120_ld_5120_5120_24,Gemm_Rocblas_-1086326201,0.03357640001922846
GemmTunableOp_Half_TN,tn_24_667_5120_ld_5120_5120_24,Gemm_Rocblas_-1086326202,0.06065669916570186
GemmTunableOp_Half_TN,tn_24_800_5120_ld_5120_5120_24,Gemm_Rocblas_-1086326202,0.061004700139164925
GemmTunableOp_Half_TN,tn_24_821_5120_ld_5120_5120_24,Gemm_Rocblas_-1086326202,0.06104880012571812
GemmTunableOp_Half_TN,tn_24_823_5120_ld_5120_5120_24,Gemm_Rocblas_-1086326202,0.061036700010299684
GemmTunableOp_Half_TN,tn_24_835_5120_ld_5120_5120_24,Gemm_Rocblas_-1086326202,0.06114079989492893
GemmTunableOp_Half_TN,tn_24_845_5120_ld_5120_5120_24,Gemm_Rocblas_-1086326202,0.06063269935548306
GemmTunableOp_Half_TN,tn_24_9_5120_ld_5120_5120_24,Gemm_Rocblas_-1086326206,0.031076399981975554
GemmTunableOp_Half_TN,tn_2560_1016_2048_ld_2048_2048_2560,Gemm_Rocblas_-1086326077,0.438343796133995
GemmTunableOp_Half_TN,tn_2560_1024_2048_ld_2048_2048_2560,Gemm_Rocblas_-1086326077,0.40491909682750704
GemmTunableOp_Half_TN,tn_2560_12_2048_ld_2048_2048_2560,Gemm_Rocblas_-1086326175,0.05244099944829941
GemmTunableOp_Half_TN,tn_2560_1_2048_ld_2048_2048_2560,Gemm_Rocblas_-9,0.036172599717974666
GemmTunableOp_Half_TN,tn_2560_225_2048_ld_2048_2048_2560,Gemm_Rocblas_-1086326044,0.16735890060663225
GemmTunableOp_Half_TN,tn_2560_24_2048_ld_2048_2048_2560,Gemm_Rocblas_-1086326140,0.060321000218391416
GemmTunableOp_Half_TN,tn_2560_25_2048_ld_2048_2048_2560,Gemm_Rocblas_-1086326134,0.0607769999653101
GemmTunableOp_Half_TN,tn_2560_26_2048_ld_2048_2048_2560,Gemm_Rocblas_-1086326134,0.0608169998973608
GemmTunableOp_Half_TN,tn_2560_29_2048_ld_2048_2048_2560,Gemm_Rocblas_-1086326140,0.06257309913635253
GemmTunableOp_Half_TN,tn_2560_32_2048_ld_2048_2048_2560,Gemm_Rocblas_-1086326134,0.06324110105633735
GemmTunableOp_Half_TN,tn_2560_34_2048_ld_2048_2048_2560,Gemm_Rocblas_-1086326134,0.06342909932136537
GemmTunableOp_Half_TN,tn_2560_37_2048_ld_2048_2048_2560,Gemm_Rocblas_-1086326129,0.065685198828578
GemmTunableOp_Half_TN,tn_2560_413_2048_ld_2048_2048_2560,Gemm_Rocblas_-1086326097,0.24570419937372207
GemmTunableOp_Half_TN,tn_2560_420_2048_ld_2048_2048_2560,Gemm_Rocblas_-1086326273,0.2487482994794845
GemmTunableOp_Half_TN,tn_2560_427_2048_ld_2048_2048_2560,Gemm_Rocblas_-1086326060,0.25348050296306607
GemmTunableOp_Half_TN,tn_2560_58_2048_ld_2048_2048_2560,Gemm_Rocblas_-1086326129,0.07343319952487945
GemmTunableOp_Half_TN,tn_2560_63_2048_ld_2048_2048_2560,Gemm_Rocblas_-1086326140,0.07490899935364723
GemmTunableOp_Half_TN,tn_256_1016_2048_ld_2048_2048_256,Gemm_Rocblas_-1086326134,0.07676900029182433
GemmTunableOp_Half_TN,tn_256_1024_2048_ld_2048_2048_256,Gemm_Rocblas_-1086326134,0.07458499893546104
GemmTunableOp_Half_TN,tn_256_1025_2048_ld_2048_2048_256,Gemm_Rocblas_-1086326134,0.07504109963774681
GemmTunableOp_Half_TN,tn_256_1027_2048_ld_2048_2048_256,Gemm_Rocblas_-1086326134,0.07465700060129166
GemmTunableOp_Half_TN,tn_256_1030_2048_ld_2048_2048_256,Gemm_Rocblas_-1086326134,0.07464899942278862
GemmTunableOp_Half_TN,tn_256_1033_2048_ld_2048_2048_256,Gemm_Rocblas_-1086326134,0.0750650994479656
GemmTunableOp_Half_TN,tn_256_1036_2048_ld_2048_2048_256,Gemm_Rocblas_-1086326134,0.07526099979877472
GemmTunableOp_Half_TN,tn_256_1037_2048_ld_2048_2048_256,Gemm_Rocblas_-1086326134,0.0753210000693798
GemmTunableOp_Half_TN,tn_256_1039_2048_ld_2048_2048_256,Gemm_Rocblas_-1086326134,0.07489710003137588
GemmTunableOp_Half_TN,tn_256_1042_2048_ld_2048_2048_256,Gemm_Rocblas_-1086326134,0.07630919888615609
GemmTunableOp_Half_TN,tn_256_1045_2048_ld_2048_2048_256,Gemm_Rocblas_-1086326134,0.07726899906992912
GemmTunableOp_Half_TN,tn_256_10_2048_ld_2048_2048_256,Gemm_Rocblas_-1086326212,0.02763209994882345
GemmTunableOp_Half_TN,tn_256_1197_2048_ld_2048_2048_256,Gemm_Rocblas_-1086326134,0.08765720054507256
GemmTunableOp_Half_TN,tn_256_11_2048_ld_2048_2048_256,Gemm_Rocblas_-1086326201,0.02724919989705086
GemmTunableOp_Half_TN,tn_256_1200_2048_ld_2048_2048_256,Gemm_Rocblas_-1086326134,0.08752919882535935
GemmTunableOp_Half_TN,tn_256_12_2048_ld_2048_2048_256,Gemm_Rocblas_-1086326214,0.02687629982829094
GemmTunableOp_Half_TN,tn_256_1378_2048_ld_2048_2048_256,Gemm_Rocblas_-1086326134,0.0904971994459629
GemmTunableOp_Half_TN,tn_256_13_2048_ld_2048_2048_256,Gemm_Rocblas_-1086326201,0.02829939965158701
GemmTunableOp_Half_TN,tn_256_15_2048_ld_2048_2048_256,Gemm_Rocblas_-1086326204,0.02675019986927509
GemmTunableOp_Half_TN,tn_256_16_2048_ld_2048_2048_256,Gemm_Rocblas_-1086326204,0.027972299791872504
GemmTunableOp_Half_TN,tn_256_17_2048_ld_2048_2048_256,Gemm_Rocblas_-1086326201,0.02902439963072538
GemmTunableOp_Half_TN,tn_256_18_2048_ld_2048_2048_256,Gemm_Rocblas_-1086326201,0.027428299561142924
GemmTunableOp_Half_TN,tn_256_1_2048_ld_2048_2048_256,Gemm_Rocblas_-9,0.015044200047850608
GemmTunableOp_Half_TN,tn_256_20_2048_ld_2048_2048_256,Gemm_Rocblas_-1086326200,0.02746820021420717
GemmTunableOp_Half_TN,tn_256_225_2048_ld_2048_2048_256,Gemm_Rocblas_-1086326140,0.03990449979901314
GemmTunableOp_Half_TN,tn_256_24_2048_ld_2048_2048_256,Gemm_Rocblas_-1086326200,0.02702049985527992
GemmTunableOp_Half_TN,tn_256_25_2048_ld_2048_2048_256,Gemm_Rocblas_-1086326201,0.027280499972403047
GemmTunableOp_Half_TN,tn_256_262_2048_ld_2048_2048_256,Gemm_Rocblas_-1086326134,0.04525259956717491
GemmTunableOp_Half_TN,tn_256_26_2048_ld_2048_2048_256,Gemm_Rocblas_-1086326210,0.02894150000065565
GemmTunableOp_Half_TN,tn_256_29_2048_ld_2048_2048_256,Gemm_Rocblas_-1086326210,0.026771999523043634
GemmTunableOp_Half_TN,tn_256_2_2048_ld_2048_2048_256,Gemm_Rocblas_-1086326201,0.02584529984742403
GemmTunableOp_Half_TN,tn_256_32_2048_ld_2048_2048_256,Gemm_Rocblas_-1086326201,0.02735239993780851
GemmTunableOp_Half_TN,tn_256_34_2048_ld_2048_2048_256,Gemm_Rocblas_-1086326210,0.0289683997631073
GemmTunableOp_Half_TN,tn_256_354_2048_ld_2048_2048_256,Gemm_Rocblas_-1086326139,0.04739670008420944
GemmTunableOp_Half_TN,tn_256_37_2048_ld_2048_2048_256,Gemm_Rocblas_-1086326210,0.027952400036156178
GemmTunableOp_Half_TN,tn_256_3_2048_ld_2048_2048_256,Gemm_Rocblas_-1086326201,0.027670500054955485
GemmTunableOp_Half_TN,tn_256_413_2048_ld_2048_2048_256,Gemm_Rocblas_-1086326134,0.04894469976425171
GemmTunableOp_Half_TN,tn_256_420_2048_ld_2048_2048_256,Gemm_Rocblas_-1086326134,0.049076600372791296
GemmTunableOp_Half_TN,tn_256_427_2048_ld_2048_2048_256,Gemm_Rocblas_-1086326134,0.0492366001009941
GemmTunableOp_Half_TN,tn_256_4_2048_ld_2048_2048_256,Gemm_Rocblas_-1086326212,0.027805400080978867
GemmTunableOp_Half_TN,tn_256_58_2048_ld_2048_2048_256,Gemm_Rocblas_-1086326200,0.030236300081014633
GemmTunableOp_Half_TN,tn_256_5_2048_ld_2048_2048_256,Gemm_Rocblas_-1086326214,0.027910399436950683
GemmTunableOp_Half_TN,tn_256_63_2048_ld_2048_2048_256,Gemm_Rocblas_-1086326204,0.03170040026307106
GemmTunableOp_Half_TN,tn_256_6_2048_ld_2048_2048_256,Gemm_Rocblas_-1086326201,0.025690100342035293
GemmTunableOp_Half_TN,tn_256_7_2048_ld_2048_2048_256,Gemm_Rocblas_-1086326200,0.026960400305688383
GemmTunableOp_Half_TN,tn_256_823_2048_ld_2048_2048_256,Gemm_Rocblas_-1086326134,0.06252499967813492
GemmTunableOp_Half_TN,tn_256_835_2048_ld_2048_2048_256,Gemm_Rocblas_-1086326140,0.0715889997780323
GemmTunableOp_Half_TN,tn_256_8_2048_ld_2048_2048_256,Gemm_Rocblas_-1086326214,0.027712300047278406
GemmTunableOp_Half_TN,tn_256_9_2048_ld_2048_2048_256,Gemm_Rocblas_-1086326200,0.02712009996175766
GemmTunableOp_Half_TN,tn_3072_1016_2048_ld_2048_2048_3072,Gemm_Rocblas_-1086326047,0.5375975966453552
GemmTunableOp_Half_TN,tn_3072_1024_2048_ld_2048_2048_3072,Gemm_Rocblas_-1086326047,0.4801284998655319
GemmTunableOp_Half_TN,tn_3072_1_2048_ld_2048_2048_3072,Gemm_Rocblas_-9,0.04046070016920567
GemmTunableOp_Half_TN,tn_3072_225_2048_ld_2048_2048_3072,Gemm_Rocblas_-1086326273,0.17558300197124482
GemmTunableOp_Half_TN,tn_3072_24_2048_ld_2048_2048_3072,Gemm_Rocblas_-1086326246,0.06543699949979784
GemmTunableOp_Half_TN,tn_3072_25_2048_ld_2048_2048_3072,Gemm_Rocblas_-1086326246,0.06595709919929504
GemmTunableOp_Half_TN,tn_3072_26_2048_ld_2048_2048_3072,Gemm_Rocblas_-1086326246,0.06624919921159744
GemmTunableOp_Half_TN,tn_3072_29_2048_ld_2048_2048_3072,Gemm_Rocblas_-1086326246,0.06666119992733002
GemmTunableOp_Half_TN,tn_3072_32_2048_ld_2048_2048_3072,Gemm_Rocblas_-1086326246,0.06721719950437546
GemmTunableOp_Half_TN,tn_3072_34_2048_ld_2048_2048_3072,Gemm_Rocblas_-1086326135,0.07906939908862115
GemmTunableOp_Half_TN,tn_3072_37_2048_ld_2048_2048_3072,Gemm_Rocblas_-1086326142,0.08046940118074418
GemmTunableOp_Half_TN,tn_3072_413_2048_ld_2048_2048_3072,Gemm_Rocblas_-1086326268,0.25675639808177947
GemmTunableOp_Half_TN,tn_3072_420_2048_ld_2048_2048_3072,Gemm_Rocblas_-1086326277,0.2851729989051819
GemmTunableOp_Half_TN,tn_3072_427_2048_ld_2048_2048_3072,Gemm_Rocblas_-1086326268,0.2762767970561981
GemmTunableOp_Half_TN,tn_3072_58_2048_ld_2048_2048_3072,Gemm_Rocblas_-1086326131,0.08930540010333061
GemmTunableOp_Half_TN,tn_3072_63_2048_ld_2048_2048_3072,Gemm_Rocblas_-1086326142,0.09080959856510161
GemmTunableOp_Half_TN,tn_32320_16_4096_ld_4096_4096_32320,Gemm_Rocblas_-1086326282,0.9701613903045655
GemmTunableOp_Half_TN,tn_32320_1_4096_ld_4096_4096_32320,Gemm_Rocblas_-9,0.7215409934520721
GemmTunableOp_Half_TN,tn_32320_261_4096_ld_4096_4096_32320,Gemm_Rocblas_-1086326054,4.7151086807250975
GemmTunableOp_Half_TN,tn_32320_2_4096_ld_4096_4096_32320,Gemm_Rocblas_-1086326284,0.8818119049072266
GemmTunableOp_Half_TN,tn_32320_3_4096_ld_4096_4096_32320,Gemm_Rocblas_-1086326282,0.8786396980285645
GemmTunableOp_Half_TN,tn_32320_4_4096_ld_4096_4096_32320,Gemm_Rocblas_-1086326282,0.8808757007122041
GemmTunableOp_Half_TN,tn_32320_5_4096_ld_4096_4096_32320,Gemm_Rocblas_-1086326284,0.88595609664917
GemmTunableOp_Half_TN,tn_32320_6_4096_ld_4096_4096_32320,Gemm_Rocblas_-1086326284,0.9057282984256744
GemmTunableOp_Half_TN,tn_32320_7_4096_ld_4096_4096_32320,Gemm_Rocblas_-1086326282,0.9111283004283905
GemmTunableOp_Half_TN,tn_32320_8_4096_ld_4096_4096_32320,Gemm_Rocblas_-1086326284,0.911196404695511
GemmTunableOp_Half_TN,tn_5120_1016_1536_ld_1536_1536_5120,Gemm_Rocblas_-1086326268,0.7014725089073182
GemmTunableOp_Half_TN,tn_5120_1024_1536_ld_1536_1536_5120,Gemm_Rocblas_-1086326079,0.6843122959136962
GemmTunableOp_Half_TN,tn_5120_1027_1536_ld_1536_1536_5120,Gemm_Rocblas_-1086326268,0.7803377985954284
GemmTunableOp_Half_TN,tn_5120_1028_1536_ld_1536_1536_5120,Gemm_Rocblas_-1086326268,0.7733138024806976
GemmTunableOp_Half_TN,tn_5120_1029_1536_ld_1536_1536_5120,Gemm_Rocblas_-1086326268,0.7741018056869508
GemmTunableOp_Half_TN,tn_5120_1030_1536_ld_1536_1536_5120,Gemm_Rocblas_-1086326268,0.7802818894386291
GemmTunableOp_Half_TN,tn_5120_1037_1536_ld_1536_1536_5120,Gemm_Rocblas_-1086326268,0.7807696998119356
GemmTunableOp_Half_TN,tn_5120_1197_1536_ld_1536_1536_5120,Gemm_Rocblas_-1086326063,0.8492069959640501
GemmTunableOp_Half_TN,tn_5120_11_1536_ld_1536_1536_5120,Gemm_Rocblas_-1086326284,0.06492109969258308
GemmTunableOp_Half_TN,tn_5120_12_1536_ld_1536_1536_5120,Gemm_Rocblas_-1086326157,0.06462529823184011
GemmTunableOp_Half_TN,tn_5120_13_1536_ld_1536_1536_5120,Gemm_Rocblas_-1086326284,0.0650053009390831
GemmTunableOp_Half_TN,tn_5120_14_1536_ld_1536_1536_5120,Gemm_Rocblas_-1086326284,0.06467339992523194
GemmTunableOp_Half_TN,tn_5120_15_1536_ld_1536_1536_5120,Gemm_Rocblas_-1086326157,0.06504109874367714
GemmTunableOp_Half_TN,tn_5120_16_1536_ld_1536_1536_5120,Gemm_Rocblas_-1086326157,0.06494929939508438
GemmTunableOp_Half_TN,tn_5120_17_1536_ld_1536_1536_5120,Gemm_Rocblas_-1086326246,0.07078919932246208
GemmTunableOp_Half_TN,tn_5120_18_1536_ld_1536_1536_5120,Gemm_Rocblas_-1086326246,0.07087320014834403
GemmTunableOp_Half_TN,tn_5120_1_1536_ld_1536_1536_5120,Gemm_Rocblas_-9,0.049480799585580826
GemmTunableOp_Half_TN,tn_5120_2048_1536_ld_1536_1536_5120,Gemm_Rocblas_-1086326047,1.3291719079017639
GemmTunableOp_Half_TN,tn_5120_20_1536_ld_1536_1536_5120,Gemm_Rocblas_-1086326246,0.07077719941735268
GemmTunableOp_Half_TN,tn_5120_225_1536_ld_1536_1536_5120,Gemm_Rocblas_-1086326277,0.22205599993467334
GemmTunableOp_Half_TN,tn_5120_262_1536_ld_1536_1536_5120,Gemm_Rocblas_-1086326077,0.28116499781608584
GemmTunableOp_Half_TN,tn_5120_2_1536_ld_1536_1536_5120,Gemm_Rocblas_-1086326223,0.05663699992001057
GemmTunableOp_Half_TN,tn_5120_3_1536_ld_1536_1536_5120,Gemm_Rocblas_-1086326223,0.057124999538064006
GemmTunableOp_Half_TN,tn_5120_4_1536_ld_1536_1536_5120,Gemm_Rocblas_-1086326223,0.05674499981105327
GemmTunableOp_Half_TN,tn_5120_5_1536_ld_1536_1536_5120,Gemm_Rocblas_-1086326221,0.0571289997547865
GemmTunableOp_Half_TN,tn_5120_6_1536_ld_1536_1536_5120,Gemm_Rocblas_-1086326223,0.05707299932837487
GemmTunableOp_Half_TN,tn_5120_7_1536_ld_1536_1536_5120,Gemm_Rocblas_-1086326223,0.056904999911785124
GemmTunableOp_Half_TN,tn_5120_823_1536_ld_1536_1536_5120,Gemm_Rocblas_-1086326268,0.6146988987922668
GemmTunableOp_Half_TN,tn_5120_835_1536_ld_1536_1536_5120,Gemm_Rocblas_-1086326268,0.6192032098770142
GemmTunableOp_Half_TN,tn_5120_8_1536_ld_1536_1536_5120,Gemm_Rocblas_-1086326221,0.05698499940335751
GemmTunableOp_Half_TN,tn_5120_9_1536_ld_1536_1536_5120,Gemm_Rocblas_-1086326194,0.06490930020809174
GemmTunableOp_Half_TN,tn_512_1024_4096_ld_4096_4096_512,Gemm_Rocblas_-1086326268,0.21915119886398315
GemmTunableOp_Half_TN,tn_512_1025_4096_ld_4096_4096_512,Gemm_Rocblas_-1086326268,0.2194912001490593
GemmTunableOp_Half_TN,tn_512_1027_4096_ld_4096_4096_512,Gemm_Rocblas_-1086326268,0.22093919664621353
GemmTunableOp_Half_TN,tn_512_1030_4096_ld_4096_4096_512,Gemm_Rocblas_-1086326268,0.2191072016954422
GemmTunableOp_Half_TN,tn_512_1033_4096_ld_4096_4096_512,Gemm_Rocblas_-1086326045,0.22002309858798982
GemmTunableOp_Half_TN,tn_512_1036_4096_ld_4096_4096_512,Gemm_Rocblas_-1086326268,0.22040320038795472
GemmTunableOp_Half_TN,tn_512_1039_4096_ld_4096_4096_512,Gemm_Rocblas_-1086326268,0.2188630998134613
GemmTunableOp_Half_TN,tn_512_1042_4096_ld_4096_4096_512,Gemm_Rocblas_-1086326268,0.2190951004624367
GemmTunableOp_Half_TN,tn_512_1045_4096_ld_4096_4096_512,Gemm_Rocblas_-1086326268,0.2219633996486664
GemmTunableOp_Half_TN,tn_512_1197_4096_ld_4096_4096_512,Gemm_Rocblas_-1086326134,0.29775620400905606
GemmTunableOp_Half_TN,tn_512_1200_4096_ld_4096_4096_512,Gemm_Rocblas_-1086326133,0.2976921945810318
GemmTunableOp_Half_TN,tn_512_12_4096_ld_4096_4096_512,Gemm_Rocblas_-1086326204,0.03720859996974468
GemmTunableOp_Half_TN,tn_512_1378_4096_ld_4096_4096_512,Gemm_Rocblas_-1086326083,0.3288608998060226
GemmTunableOp_Half_TN,tn_512_1_4096_ld_4096_4096_512,Gemm_Rocblas_-9,0.01916429996490478
GemmTunableOp_Half_TN,tn_512_24_4096_ld_4096_4096_512,Gemm_Rocblas_-1086326202,0.04563670009374619
GemmTunableOp_Half_TN,tn_512_25_4096_ld_4096_4096_512,Gemm_Rocblas_-1086326202,0.045684699714183805
GemmTunableOp_Half_TN,tn_512_262_4096_ld_4096_4096_512,Gemm_Rocblas_-1086326140,0.0970093995332718
GemmTunableOp_Half_TN,tn_512_26_4096_ld_4096_4096_512,Gemm_Rocblas_-1086326202,0.046172700449824335
GemmTunableOp_Half_TN,tn_512_29_4096_ld_4096_4096_512,Gemm_Rocblas_-1086326202,0.046616599708795545
GemmTunableOp_Half_TN,tn_512_2_4096_ld_4096_4096_512,Gemm_Rocblas_-1086326210,0.03605629988014698
GemmTunableOp_Half_TN,tn_512_32_4096_ld_4096_4096_512,Gemm_Rocblas_-1086326202,0.04614069946110249
GemmTunableOp_Half_TN,tn_512_34_4096_ld_4096_4096_512,Gemm_Rocblas_-1086326202,0.06071680039167405
GemmTunableOp_Half_TN,tn_512_37_4096_ld_4096_4096_512,Gemm_Rocblas_-1086326200,0.060292999818921084
GemmTunableOp_Half_TN,tn_512_3_4096_ld_4096_4096_512,Gemm_Rocblas_-1086326204,0.036160399764776224
GemmTunableOp_Half_TN,tn_512_4_4096_ld_4096_4096_512,Gemm_Rocblas_-1086326204,0.03681660033762455
GemmTunableOp_Half_TN,tn_512_5_4096_ld_4096_4096_512,Gemm_Rocblas_-1086326204,0.03650440014898777
GemmTunableOp_Half_TN,tn_512_63_4096_ld_4096_4096_512,Gemm_Rocblas_-1086326202,0.06166480034589768
GemmTunableOp_Half_TN,tn_512_6_4096_ld_4096_4096_512,Gemm_Rocblas_-1086326204,0.03781249970197678
GemmTunableOp_Half_TN,tn_512_7_4096_ld_4096_4096_512,Gemm_Rocblas_-1086326204,0.03651259951293468
GemmTunableOp_Half_TN,tn_512_8_4096_ld_4096_4096_512,Gemm_Rocblas_-1086326204,0.03549659997224808
GemmTunableOp_Half_TN,tn_62080_10_2048_ld_2048_2048_62080,Gemm_Rocblas_-1086326282,0.8273870050907135
GemmTunableOp_Half_TN,tn_62080_12_2048_ld_2048_2048_62080,Gemm_Rocblas_-1086326282,0.8325909912586211
GemmTunableOp_Half_TN,tn_62080_13_2048_ld_2048_2048_62080,Gemm_Rocblas_-1086326282,0.849879401922226
GemmTunableOp_Half_TN,tn_62080_15_2048_ld_2048_2048_62080,Gemm_Rocblas_-1086326282,0.8590593099594116
GemmTunableOp_Half_TN,tn_62080_16_2048_ld_2048_2048_62080,Gemm_Rocblas_-1086326282,0.8646035015583039
GemmTunableOp_Half_TN,tn_62080_16_5120_ld_5120_5120_62080,Gemm_Rocblas_-1086326159,2.395782995223999
GemmTunableOp_Half_TN,tn_62080_18_2048_ld_2048_2048_62080,Gemm_Rocblas_-1086326246,0.9696932971477509
GemmTunableOp_Half_TN,tn_62080_19_2048_ld_2048_2048_62080,Gemm_Rocblas_-1086326246,0.9724536061286926
GemmTunableOp_Half_TN,tn_62080_1_2048_ld_2048_2048_62080,Gemm_Rocblas_-9,0.7701740026473999
GemmTunableOp_Half_TN,tn_62080_1_5120_ld_5120_5120_62080,Gemm_Rocblas_-9,1.6559737920761108
GemmTunableOp_Half_TN,tn_62080_20_2048_ld_2048_2048_62080,Gemm_Rocblas_-1086326246,0.9753534972667693
GemmTunableOp_Half_TN,tn_62080_21_2048_ld_2048_2048_62080,Gemm_Rocblas_-1086326246,0.9860136985778808
GemmTunableOp_Half_TN,tn_62080_22_2048_ld_2048_2048_62080,Gemm_Rocblas_-1086326246,0.9842097043991089
GemmTunableOp_Half_TN,tn_62080_24_2048_ld_2048_2048_62080,Gemm_Rocblas_-1086326246,0.990001904964447
GemmTunableOp_Half_TN,tn_62080_262_2048_ld_2048_2048_62080,Gemm_Rocblas_-1086326045,4.371990108489991
GemmTunableOp_Half_TN,tn_62080_262_5120_ld_5120_5120_62080,Gemm_Rocblas_-1086326077,10.24216365814209
GemmTunableOp_Half_TN,tn_62080_2_2048_ld_2048_2048_62080,Gemm_Rocblas_-1086326282,0.7926702976226806
GemmTunableOp_Half_TN,tn_62080_2_5120_ld_5120_5120_62080,Gemm_Rocblas_-1086326221,2.06323299407959
GemmTunableOp_Half_TN,tn_62080_32_2048_ld_2048_2048_62080,Gemm_Rocblas_-1086326246,1.0366828083992004
GemmTunableOp_Half_TN,tn_62080_3_2048_ld_2048_2048_62080,Gemm_Rocblas_-1086326282,0.7978303849697114
GemmTunableOp_Half_TN,tn_62080_3_5120_ld_5120_5120_62080,Gemm_Rocblas_-1086326223,2.0814453125000005
GemmTunableOp_Half_TN,tn_62080_4_2048_ld_2048_2048_62080,Gemm_Rocblas_-1086326282,0.794198304414749
GemmTunableOp_Half_TN,tn_62080_4_5120_ld_5120_5120_62080,Gemm_Rocblas_-1086326221,2.0837852716445924
GemmTunableOp_Half_TN,tn_62080_5_2048_ld_2048_2048_62080,Gemm_Rocblas_-1086326282,0.8009581923484802
GemmTunableOp_Half_TN,tn_62080_5_5120_ld_5120_5120_62080,Gemm_Rocblas_-1086326221,2.137974452972412
GemmTunableOp_Half_TN,tn_62080_6_2048_ld_2048_2048_62080,Gemm_Rocblas_-1086326282,0.8062385976314544
GemmTunableOp_Half_TN,tn_62080_6_5120_ld_5120_5120_62080,Gemm_Rocblas_-1086326223,2.1389983892440796
GemmTunableOp_Half_TN,tn_62080_7_2048_ld_2048_2048_62080,Gemm_Rocblas_-1086326282,0.8092105031013488
GemmTunableOp_Half_TN,tn_62080_7_5120_ld_5120_5120_62080,Gemm_Rocblas_-1086326223,2.14494640827179
GemmTunableOp_Half_TN,tn_62080_8_2048_ld_2048_2048_62080,Gemm_Rocblas_-1086326282,0.8157787024974824
GemmTunableOp_Half_TN,tn_62080_8_5120_ld_5120_5120_62080,Gemm_Rocblas_-1086326223,2.1643067359924317
GemmTunableOp_Half_TN,tn_62080_9_2048_ld_2048_2048_62080,Gemm_Rocblas_-1086326282,0.8243944942951202
GemmTunableOp_Half_TN,tn_64_1024_4096_ld_4096_4096_64,Gemm_Rocblas_-1086326139,0.06829699948430062
GemmTunableOp_Half_TN,tn_64_1027_4096_ld_4096_4096_64,Gemm_Rocblas_-1086326139,0.0680566005408764
GemmTunableOp_Half_TN,tn_64_1028_4096_ld_4096_4096_64,Gemm_Rocblas_-1086326139,0.06769299879670143
GemmTunableOp_Half_TN,tn_64_1030_4096_ld_4096_4096_64,Gemm_Rocblas_-1086326139,0.06852899864315987
GemmTunableOp_Half_TN,tn_64_1034_4096_ld_4096_4096_64,Gemm_Rocblas_-1086326139,0.06871680021286011
GemmTunableOp_Half_TN,tn_64_1037_4096_ld_4096_4096_64,Gemm_Rocblas_-1086326139,0.06977679878473281
GemmTunableOp_Half_TN,tn_64_1172_4096_ld_4096_4096_64,Gemm_Rocblas_-1086326139,0.0735609993338585
GemmTunableOp_Half_TN,tn_64_1280_4096_ld_4096_4096_64,Gemm_Rocblas_-1086326139,0.08599709942936898
GemmTunableOp_Half_TN,tn_64_155_4096_ld_4096_4096_64,Gemm_Rocblas_-1086326210,0.03450840003788471
GemmTunableOp_Half_TN,tn_64_16_4096_ld_4096_4096_64,Gemm_Rocblas_-1086326214,0.030905199795961385
GemmTunableOp_Half_TN,tn_64_17_4096_ld_4096_4096_64,Gemm_Rocblas_-1086326201,0.030416199751198292
GemmTunableOp_Half_TN,tn_64_18_4096_ld_4096_4096_64,Gemm_Rocblas_-1086326206,0.031075299717485908
GemmTunableOp_Half_TN,tn_64_1957_4096_ld_4096_4096_64,Gemm_Rocblas_-1086326139,0.09158519953489304
GemmTunableOp_Half_TN,tn_64_19_4096_ld_4096_4096_64,Gemm_Rocblas_-1086326201,0.029244299791753293
GemmTunableOp_Half_TN,tn_64_1_4096_ld_4096_4096_64,Gemm_Rocblas_-9,0.015004299953579903
GemmTunableOp_Half_TN,tn_64_2048_4096_ld_4096_4096_64,Gemm_Rocblas_-1086326139,0.09266929998993874
GemmTunableOp_Half_TN,tn_64_256_4096_ld_4096_4096_64,Gemm_Rocblas_-1086326202,0.04347250051796436
GemmTunableOp_Half_TN,tn_64_261_4096_ld_4096_4096_64,Gemm_Rocblas_-1086326202,0.0440845001488924
GemmTunableOp_Half_TN,tn_64_289_4096_ld_4096_4096_64,Gemm_Rocblas_-1086326210,0.04888059981167317
GemmTunableOp_Half_TN,tn_64_2_4096_ld_4096_4096_64,Gemm_Rocblas_-1086326201,0.02949239984154701
GemmTunableOp_Half_TN,tn_64_331_4096_ld_4096_4096_64,Gemm_Rocblas_-1086326202,0.05151269994676114
GemmTunableOp_Half_TN,tn_64_3_4096_ld_4096_4096_64,Gemm_Rocblas_-1086326201,0.02872029989957809
GemmTunableOp_Half_TN,tn_64_404_4096_ld_4096_4096_64,Gemm_Rocblas_-1086326202,0.05187279991805553
GemmTunableOp_Half_TN,tn_64_4_4096_ld_4096_4096_64,Gemm_Rocblas_-1086326214,0.029620399512350556
GemmTunableOp_Half_TN,tn_64_57_4096_ld_4096_4096_64,Gemm_Rocblas_-1086326214,0.032040300033986564
GemmTunableOp_Half_TN,tn_64_5_4096_ld_4096_4096_64,Gemm_Rocblas_-1086326201,0.028772499971091745
GemmTunableOp_Half_TN,tn_64_672_4096_ld_4096_4096_64,Gemm_Rocblas_-1086326139,0.06640099957585335
GemmTunableOp_Half_TN,tn_64_6_4096_ld_4096_4096_64,Gemm_Rocblas_-1086326201,0.029528399743139744
GemmTunableOp_Half_TN,tn_64_781_4096_ld_4096_4096_64,Gemm_Rocblas_-1086326139,0.06680099926888942
GemmTunableOp_Half_TN,tn_64_7_4096_ld_4096_4096_64,Gemm_Rocblas_-1086326201,0.030636399611830713
GemmTunableOp_Half_TN,tn_64_853_4096_ld_4096_4096_64,Gemm_Rocblas_-1086326139,0.06693239882588387
GemmTunableOp_Half_TN,tn_64_8_4096_ld_4096_4096_64,Gemm_Rocblas_-1086326214,0.030313299782574174
GemmTunableOp_Half_TN,tn_64_923_4096_ld_4096_4096_64,Gemm_Rocblas_-1086326139,0.06814079880714416
